config_id,low_threshold,high_threshold,low_alpha,medium_alpha,high_alpha,rows,low_count,medium_count,high_count,average_alpha,accuracy,macro_f1,weighted_f1,log_loss,draw_precision,draw_recall,draw_f1,draw_support,predicted_draws,accuracy_change,draw_recall_change,draw_f1_change,selection_score
134,0.35,0.5,0.05,0.1,0.3,767,198,349,220,0.14445893089960887,0.4367666232073012,0.37375106463844315,0.4154218864445822,1.0892402322089516,0.25,0.1242603550295858,0.16600790513833993,169,84,-0.00912646675358536,0.08284023668639053,0.09421303334346814,0.3877373312929599
62,0.3,0.5,0.05,0.1,0.3,767,130,417,220,0.1488917861799218,0.4367666232073012,0.37375106463844315,0.4154218864445822,1.0892438255634107,0.25,0.1242603550295858,0.16600790513833993,169,84,-0.00912646675358536,0.08284023668639053,0.09421303334346814,0.3877372489697015
50,0.3,0.5,0.0,0.1,0.3,767,130,417,220,0.14041720990873535,0.4367666232073012,0.37375106463844315,0.4154218864445822,1.0899549927612837,0.25,0.1242603550295858,0.16600790513833993,169,84,-0.00912646675358536,0.08284023668639053,0.09421303334346814,0.38772096179871013
122,0.35,0.5,0.0,0.1,0.3,767,198,349,220,0.13155149934810953,0.4367666232073012,0.37375106463844315,0.4154218864445822,1.0899848978900653,0.25,0.1242603550295858,0.16600790513833993,169,84,-0.00912646675358536,0.08284023668639053,0.09421303334346814,0.3877202771534665
138,0.35,0.5,0.05,0.15,0.3,767,198,349,220,0.16720990873533245,0.4367666232073012,0.37375106463844315,0.4154218864445822,1.090719779296229,0.25,0.1242603550295858,0.16600790513833993,169,84,-0.00912646675358536,0.08284023668639053,0.09421303334346814,0.38770345900108005
66,0.3,0.5,0.05,0.15,0.3,767,130,417,220,0.17607561929595825,0.4367666232073012,0.37375106463844315,0.4154218864445822,1.090760959808131,0.25,0.1242603550295858,0.16600790513833993,169,84,-0.00912646675358536,0.08284023668639053,0.09421303334346814,0.387702516912952
126,0.35,0.5,0.0,0.15,0.3,767,198,349,220,0.1543024771838331,0.4367666232073012,0.37375106463844315,0.4154218864445822,1.0914644449773427,0.25,0.1242603550295858,0.16600790513833993,169,84,-0.00912646675358536,0.08284023668639053,0.09421303334346814,0.3876864289862787
54,0.3,0.5,0.0,0.15,0.3,767,130,417,220,0.16760104302477183,0.4367666232073012,0.37375106463844315,0.4154218864445822,1.0914721270060037,0.25,0.1242603550295858,0.16600790513833993,169,84,-0.00912646675358536,0.08284023668639053,0.09421303334346814,0.3876862533665281
142,0.35,0.5,0.05,0.2,0.3,767,198,349,220,0.1899608865710561,0.43546284224250326,0.3729009809602677,0.414439582079968,1.0924551654733876,0.24705882352941178,0.1242603550295858,0.16535433070866143,169,85,-0.010430247718383301,0.08284023668639053,0.09355945891378964,0.38667865821959874
70,0.3,0.5,0.05,0.2,0.3,767,130,417,220,0.20325945241199478,0.43546284224250326,0.3729009809602677,0.414439582079968,1.092565358864264,0.24705882352941178,0.1242603550295858,0.16535433070866143,169,85,-0.010430247718383301,0.08284023668639053,0.09355945891378964,0.38667614158388974
130,0.35,0.5,0.0,0.2,0.3,767,198,349,220,0.17705345501955672,0.43546284224250326,0.3729009809602677,0.414439582079968,1.0931998311545015,0.24705882352941178,0.1242603550295858,0.16535433070866143,169,85,-0.010430247718383301,0.08284023668639053,0.09355945891378964,0.3866616564358869
58,0.3,0.5,0.0,0.2,0.3,767,130,417,220,0.1947848761408083,0.43546284224250326,0.3729009809602677,0.414439582079968,1.093276526062137,0.24705882352941178,0.1242603550295858,0.16535433070866143,169,85,-0.010430247718383301,0.08284023668639053,0.09355945891378964,0.3866599060684133
135,0.35,0.5,0.05,0.1,0.35,767,198,349,220,0.15880052151238594,0.42633637548891784,0.37483019351531466,0.412335241635576,1.0916167296426103,0.23333333333333334,0.16568047337278108,0.19377162629757785,169,120,-0.019556714471968717,0.12426035502958581,0.12197675450270606,0.3863266955336695
63,0.3,0.5,0.05,0.1,0.35,767,130,417,220,0.16323337679269884,0.42633637548891784,0.37483019351531466,0.412335241635576,1.0916203229970696,0.23333333333333334,0.16568047337278108,0.19377162629757785,169,120,-0.019556714471968717,0.12426035502958581,0.12197675450270606,0.38632661339737623
51,0.3,0.5,0.0,0.1,0.35,767,130,417,220,0.15475880052151242,0.42633637548891784,0.37483019351531466,0.412335241635576,1.0923314901949424,0.23333333333333334,0.16568047337278108,0.19377162629757785,169,120,-0.019556714471968717,0.12426035502958581,0.12197675450270606,0.38631036321001905
123,0.35,0.5,0.0,0.1,0.35,767,198,349,220,0.14589308996088657,0.42633637548891784,0.37483019351531466,0.412335241635576,1.092361395323724,0.23333333333333334,0.16568047337278108,0.19377162629757785,169,120,-0.019556714471968717,0.12426035502958581,0.12197675450270606,0.38630968011913913
139,0.35,0.5,0.05,0.15,0.35,767,198,349,220,0.18155149934810952,0.42633637548891784,0.37483019351531466,0.412335241635576,1.0930962767298877,0.23333333333333334,0.16568047337278108,0.19377162629757785,169,120,-0.019556714471968717,0.12426035502958581,0.12197675450270606,0.3862929001423658
67,0.3,0.5,0.05,0.15,0.35,767,130,417,220,0.19041720990873534,0.42633637548891784,0.37483019351531466,0.412335241635576,1.0931374572417896,0.23333333333333334,0.16568047337278108,0.19377162629757785,169,120,-0.019556714471968717,0.12426035502958581,0.12197675450270606,0.38629196019229234
127,0.35,0.5,0.0,0.15,0.35,767,198,349,220,0.16864406779661012,0.42633637548891784,0.37483019351531466,0.412335241635576,1.0938409424110014,0.23333333333333334,0.16568047337278108,0.19377162629757785,169,120,-0.019556714471968717,0.12426035502958581,0.12197675450270606,0.38627590877043294
55,0.3,0.5,0.0,0.15,0.35,767,130,417,220,0.18194263363754887,0.42633637548891784,0.37483019351531466,0.412335241635576,1.0938486244396624,0.23333333333333334,0.16568047337278108,0.19377162629757785,169,120,-0.019556714471968717,0.12426035502958581,0.12197675450270606,0.3862757335491102
133,0.35,0.5,0.05,0.1,0.25,767,198,349,220,0.13011734028683183,0.4406779661016949,0.3704799517147042,0.41444430627191226,1.0870662901049282,0.26153846153846155,0.10059171597633136,0.1452991452991453,169,65,-0.0052151238591916504,0.05917159763313609,0.07350427350427352,0.38617789000366354
61,0.3,0.5,0.05,0.1,0.25,767,130,417,220,0.13455019556714473,0.4406779661016949,0.3704799517147042,0.41444430627191226,1.0870698834593875,0.26153846153846155,0.10059171597633136,0.1452991452991453,169,65,-0.0052151238591916504,0.05917159763313609,0.07350427350427352,0.3861778075088159
49,0.3,0.5,0.0,0.1,0.25,767,130,417,220,0.1260756192959583,0.4406779661016949,0.3704799517147042,0.41444430627191226,1.0877810506572603,0.26153846153846155,0.10059171597633136,0.1452991452991453,169,65,-0.0052151238591916504,0.05917159763313609,0.07350427350427352,0.3861614863957214
121,0.35,0.5,0.0,0.1,0.25,767,198,349,220,0.11720990873533248,0.4406779661016949,0.3704799517147042,0.41444430627191226,1.087810955786042,0.26153846153846155,0.10059171597633136,0.1452991452991453,169,65,-0.0052151238591916504,0.05917159763313609,0.07350427350427352,0.3861608003239457
137,0.35,0.5,0.05,0.15,0.25,767,198,349,220,0.1528683181225554,0.4406779661016949,0.3704799517147042,0.41444430627191226,1.0885458371922059,0.26153846153846155,0.10059171597633136,0.1452991452991453,169,65,-0.0052151238591916504,0.05917159763313609,0.07350427350427352,0.3861439471355465
65,0.3,0.5,0.05,0.15,0.25,767,130,417,220,0.1617340286831812,0.4406779661016949,0.3704799517147042,0.41444430627191226,1.0885870177041075,0.26153846153846155,0.10059171597633136,0.1452991452991453,169,65,-0.0052151238591916504,0.05917159763313609,0.07350427350427352,0.3861430030852009
125,0.35,0.5,0.0,0.15,0.25,767,198,349,220,0.13996088657105604,0.4406779661016949,0.3704799517147042,0.41444430627191226,1.0892905028733193,0.26153846153846155,0.10059171597633136,0.1452991452991453,169,65,-0.0052151238591916504,0.05917159763313609,0.07350427350427352,0.3861268816559458
53,0.3,0.5,0.0,0.15,0.25,767,130,417,220,0.15325945241199476,0.4406779661016949,0.3704799517147042,0.41444430627191226,1.0892981849019805,0.26153846153846155,0.10059171597633136,0.1452991452991453,169,65,-0.0052151238591916504,0.05917159763313609,0.07350427350427352,0.3861267056705351
110,0.35,0.45,0.05,0.1,0.3,767,198,163,406,0.19295958279009126,0.43415906127770537,0.37210872505775966,0.413590238106071,1.0954341287361458,0.2413793103448276,0.1242603550295858,0.1640625,169,87,-0.011734028683181186,0.08284023668639053,0.09226762820512821,0.3855414114268447
38,0.3,0.45,0.05,0.1,0.3,767,130,231,406,0.19739243807040419,0.43415906127770537,0.37210872505775966,0.413590238106071,1.095437722090605,0.2413793103448276,0.1242603550295858,0.1640625,169,87,-0.011734028683181186,0.08284023668639053,0.09226762820512821,0.3855413295895455
114,0.35,0.45,0.05,0.15,0.3,767,198,163,406,0.20358539765319422,0.43415906127770537,0.37210872505775966,0.413590238106071,1.095580609042263,0.2413793103448276,0.1242603550295858,0.1640625,169,87,-0.011734028683181186,0.08284023668639053,0.09226762820512821,0.38553807562031345
42,0.3,0.45,0.05,0.15,0.3,767,130,231,406,0.21245110821382007,0.43415906127770537,0.37210872505775966,0.413590238106071,1.0956217895541647,0.2413793103448276,0.1242603550295858,0.1640625,169,87,-0.011734028683181186,0.08284023668639053,0.09226762820512821,0.385537137897538
118,0.35,0.45,0.05,0.2,0.3,767,198,163,406,0.21421121251629727,0.43415906127770537,0.37210872505775966,0.413590238106071,1.0958357014222693,0.2413793103448276,0.1242603550295858,0.1640625,169,87,-0.011734028683181186,0.08284023668639053,0.09226762820512821,0.38553226749630215
46,0.3,0.45,0.05,0.2,0.3,767,130,231,406,0.227509778357236,0.43415906127770537,0.37210872505775966,0.413590238106071,1.0959458948131457,0.2413793103448276,0.1242603550295858,0.1640625,169,87,-0.011734028683181186,0.08284023668639053,0.09226762820512821,0.3855297589723864
26,0.3,0.45,0.0,0.1,0.3,767,130,231,406,0.18891786179921774,0.43415906127770537,0.37210872505775966,0.413590238106071,1.096148889288478,0.2413793103448276,0.1242603550295858,0.1640625,169,87,-0.011734028683181186,0.08284023668639053,0.09226762820512821,0.38552513854633813
98,0.35,0.45,0.0,0.1,0.3,767,198,163,406,0.18005215123859192,0.43415906127770537,0.37210872505775966,0.413590238106071,1.0961787944172594,0.2413793103448276,0.1242603550295858,0.1640625,169,87,-0.011734028683181186,0.08284023668639053,0.09226762820512821,0.3855244579411953
102,0.35,0.45,0.0,0.15,0.3,767,198,163,406,0.1906779661016949,0.43415906127770537,0.37210872505775966,0.413590238106071,1.0963252747233765,0.2413793103448276,0.1242603550295858,0.1640625,169,87,-0.011734028683181186,0.08284023668639053,0.09226762820512821,0.3855211245042449
30,0.3,0.45,0.0,0.15,0.3,767,130,231,406,0.20397653194263363,0.43415906127770537,0.37210872505775966,0.413590238106071,1.0963329567520377,0.2413793103448276,0.1242603550295858,0.1640625,169,87,-0.011734028683181186,0.08284023668639053,0.09226762820512821,0.38552094969798106
106,0.35,0.45,0.0,0.2,0.3,767,198,163,406,0.2013037809647979,0.43415906127770537,0.37210872505775966,0.413590238106071,1.0965803671033831,0.2413793103448276,0.1242603550295858,0.1640625,169,87,-0.011734028683181186,0.08284023668639053,0.09226762820512821,0.38551532050562337
34,0.3,0.45,0.0,0.2,0.3,767,130,231,406,0.21903520208604954,0.43415906127770537,0.37210872505775966,0.413590238106071,1.0966570620110188,0.2413793103448276,0.1242603550295858,0.1640625,169,87,-0.011734028683181186,0.08284023668639053,0.09226762820512821,0.3855135757780973
143,0.35,0.5,0.05,0.2,0.35,767,198,349,220,0.2043024771838331,0.42503259452411996,0.3739664199313955,0.4113380219860922,1.0948316629070465,0.23140495867768596,0.16568047337278108,0.19310344827586207,169,121,-0.020860495436766602,0.12426035502958581,0.12130857648099028,0.38526326083126
71,0.3,0.5,0.05,0.2,0.35,767,130,417,220,0.21760104302477185,0.42503259452411996,0.3739664199313955,0.4113380219860922,1.0949418562979227,0.23140495867768596,0.16568047337278108,0.19310344827586207,169,121,-0.020860495436766602,0.12426035502958581,0.12130857648099028,0.3852607499021945
131,0.35,0.5,0.0,0.2,0.35,767,198,349,220,0.19139504563233378,0.42503259452411996,0.3739664199313955,0.4113380219860922,1.0955763285881601,0.23140495867768596,0.16568047337278108,0.19310344827586207,169,121,-0.020860495436766602,0.12426035502958581,0.12130857648099028,0.38524629759442197
59,0.3,0.5,0.0,0.2,0.35,767,130,417,220,0.2091264667535854,0.42503259452411996,0.3739664199313955,0.4113380219860922,1.0956530234957957,0.23140495867768596,0.16568047337278108,0.19310344827586207,169,121,-0.020860495436766602,0.12426035502958581,0.12130857648099028,0.38524455119464834
141,0.35,0.5,0.05,0.2,0.25,767,198,349,220,0.175619295958279,0.439374185136897,0.36964532021425045,0.4134746710490207,1.0902812233693644,0.25757575757575757,0.10059171597633136,0.14468085106382977,169,66,-0.006518904823989535,0.05917159763313609,0.07288597926895798,0.38512744622948797
69,0.3,0.5,0.05,0.2,0.25,767,130,417,220,0.18891786179921777,0.439374185136897,0.36964532021425045,0.4134746710490207,1.0903914167602409,0.25757575757575757,0.10059171597633136,0.14468085106382977,169,66,-0.006518904823989535,0.05917159763313609,0.07288597926895798,0.38512492435647316
129,0.35,0.5,0.0,0.2,0.25,767,198,349,220,0.16271186440677965,0.439374185136897,0.36964532021425045,0.4134746710490207,1.091025889050478,0.25757575757575757,0.10059171597633136,0.14468085106382977,169,66,-0.006518904823989535,0.05917159763313609,0.07288597926895798,0.3851104090691723
57,0.3,0.5,0.0,0.2,0.25,767,130,417,220,0.1804432855280313,0.439374185136897,0.36964532021425045,0.4134746710490207,1.0911025839581139,0.25757575757575757,0.10059171597633136,0.14468085106382977,169,66,-0.006518904823989535,0.05917159763313609,0.07288597926895798,0.38510865506032266
90,0.35,0.4,0.05,0.15,0.3,767,198,81,488,0.21962190352020858,0.43285528031290743,0.3708568931679126,0.4123969922330113,1.0963970495968263,0.23863636363636365,0.1242603550295858,0.16342412451361868,169,88,-0.013037809647979126,0.08284023668639053,0.09162925271874689,0.38445628906946844
86,0.35,0.4,0.05,0.1,0.3,767,198,81,488,0.21434159061277702,0.43285528031290743,0.3708568931679126,0.4123969922330113,1.0964064963736195,0.23863636363636365,0.1242603550295858,0.16342412451361868,169,88,-0.013037809647979126,0.08284023668639053,0.09162925271874689,0.38445607412087013
14,0.3,0.4,0.05,0.1,0.3,767,130,149,488,0.2187744458930899,0.43285528031290743,0.3708568931679126,0.4123969922330113,1.0964100897280789,0.23863636363636365,0.1242603550295858,0.16342412451361868,169,88,-0.013037809647979126,0.08284023668639053,0.09162925271874689,0.3844559923594697
94,0.35,0.4,0.05,0.2,0.3,767,198,81,488,0.22490221642764016,0.43285528031290743,0.3708568931679126,0.4123969922330113,1.096436039264831,0.23863636363636365,0.1242603550295858,0.16342412451361868,169,88,-0.013037809647979126,0.08284023668639053,0.09162925271874689,0.38445540192493566
18,0.3,0.4,0.05,0.15,0.3,767,130,149,488,0.22848761408083434,0.43285528031290743,0.3708568931679126,0.4123969922330113,1.096438230108728,0.23863636363636365,0.1242603550295858,0.16342412451361868,169,88,-0.013037809647979126,0.08284023668639053,0.09162925271874689,0.3844553520769347
22,0.3,0.4,0.05,0.2,0.3,767,130,149,488,0.23820078226857885,0.43285528031290743,0.3708568931679126,0.4123969922330113,1.0965462326557074,0.23863636363636365,0.1242603550295858,0.16342412451361868,169,88,-0.013037809647979126,0.08284023668639053,0.09162925271874689,0.38445289483746403
2,0.3,0.4,0.0,0.1,0.3,767,130,149,488,0.21029986962190353,0.43285528031290743,0.3708568931679126,0.4123969922330113,1.0971212569259516,0.23863636363636365,0.1242603550295858,0.16342412451361868,169,88,-0.013037809647979126,0.08284023668639053,0.09162925271874689,0.38443981632985835
78,0.35,0.4,0.0,0.15,0.3,767,198,81,488,0.20671447196870923,0.43285528031290743,0.3708568931679126,0.4123969922330113,1.09714171527794,0.23863636363636365,0.1242603550295858,0.16342412451361868,169,88,-0.013037809647979126,0.08284023668639053,0.09162925271874689,0.3844393511516893
6,0.3,0.4,0.0,0.15,0.3,767,130,149,488,0.22001303780964795,0.43285528031290743,0.3708568931679126,0.4123969922330113,1.0971493973066009,0.23863636363636365,0.1242603550295858,0.16342412451361868,169,88,-0.013037809647979126,0.08284023668639053,0.09162925271874689,0.3844391764815068
74,0.35,0.4,0.0,0.1,0.3,767,198,81,488,0.2014341590612777,0.43285528031290743,0.3708568931679126,0.4123969922330113,1.0971511620547332,0.23863636363636365,0.1242603550295858,0.16342412451361868,169,88,-0.013037809647979126,0.08284023668639053,0.09162925271874689,0.38443913635571403
82,0.35,0.4,0.0,0.2,0.3,767,198,81,488,0.21199478487614076,0.43285528031290743,0.3708568931679126,0.4123969922330113,1.0971807049459448,0.23863636363636365,0.1242603550295858,0.16342412451361868,169,88,-0.013037809647979126,0.08284023668639053,0.09162925271874689,0.38443846463706405
10,0.3,0.4,0.0,0.2,0.3,767,130,149,488,0.22972620599739244,0.43285528031290743,0.3708568931679126,0.4123969922330113,1.0972573998535802,0.23863636363636365,0.1242603550295858,0.16342412451361868,169,88,-0.013037809647979126,0.08284023668639053,0.09162925271874689,0.3844367209082663
109,0.35,0.45,0.05,0.1,0.25,767,198,163,406,0.16649282920469363,0.4380704041720991,0.3688806385669155,0.4126461035669475,1.0915014697459935,0.25,0.10059171597633136,0.14345991561181434,169,68,-0.007822685788787476,0.05917159763313609,0.07166504381694255,0.38404637845796624
37,0.3,0.45,0.05,0.1,0.25,767,130,231,406,0.17092568448500656,0.4380704041720991,0.3688806385669155,0.4126461035669475,1.0915050631004526,0.25,0.10059171597633136,0.14345991561181434,169,68,-0.007822685788787476,0.05917159763313609,0.07166504381694255,0.3840462963126199
113,0.35,0.45,0.05,0.15,0.25,767,198,163,406,0.17711864406779665,0.4380704041720991,0.3688806385669155,0.4126461035669475,1.0916479500521106,0.25,0.10059171597633136,0.14345991561181434,169,68,-0.007822685788787476,0.05917159763313609,0.07166504381694255,0.3840430300954191
41,0.3,0.45,0.05,0.15,0.25,767,130,231,406,0.18598435462842244,0.4380704041720991,0.3688806385669155,0.4126461035669475,1.0916891305640124,0.25,0.10059171597633136,0.14345991561181434,169,68,-0.007822685788787476,0.05917159763313609,0.07166504381694255,0.38404208884320234
117,0.35,0.45,0.05,0.2,0.25,767,198,163,406,0.1877444589308996,0.4380704041720991,0.3688806385669155,0.4126461035669475,1.091903042432117,0.25,0.10059171597633136,0.14345991561181434,169,68,-0.007822685788787476,0.05917159763313609,0.07166504381694255,0.3840372001116597
45,0.3,0.45,0.05,0.2,0.25,767,130,231,406,0.20104302477183836,0.4380704041720991,0.3688806385669155,0.4126461035669475,1.0920132358229933,0.25,0.10059171597633136,0.14345991561181434,169,68,-0.007822685788787476,0.05917159763313609,0.07166504381694255,0.384034682147362
89,0.35,0.4,0.05,0.15,0.25,767,198,81,488,0.18780964797913952,0.4380704041720991,0.3688806385669155,0.4126461035669475,1.0921371084536793,0.25,0.10059171597633136,0.14345991561181434,169,68,-0.007822685788787476,0.05917159763313609,0.07166504381694255,0.38403185192348704
85,0.35,0.4,0.05,0.1,0.25,767,198,81,488,0.18252933507170796,0.4380704041720991,0.3688806385669155,0.4126461035669475,1.0921465552304723,0.25,0.10059171597633136,0.14345991561181434,169,68,-0.007822685788787476,0.05917159763313609,0.07166504381694255,0.384031636098657
13,0.3,0.4,0.05,0.1,0.25,767,130,149,488,0.18696219035202086,0.4380704041720991,0.3688806385669155,0.4126461035669475,1.0921501485849316,0.25,0.10059171597633136,0.14345991561181434,169,68,-0.007822685788787476,0.05917159763313609,0.07166504381694255,0.3840315540039596
93,0.35,0.4,0.05,0.2,0.25,767,198,81,488,0.1930899608865711,0.4380704041720991,0.3688806385669155,0.4126461035669475,1.092176098121684,0.25,0.10059171597633136,0.14345991561181434,169,68,-0.007822685788787476,0.05917159763313609,0.07166504381694255,0.3840309611625606
17,0.3,0.4,0.05,0.15,0.25,767,130,149,488,0.1966753585397653,0.4380704041720991,0.3688806385669155,0.4126461035669475,1.092178288965581,0.25,0.10059171597633136,0.14345991561181434,169,68,-0.007822685788787476,0.05917159763313609,0.07166504381694255,0.3840309111113591
25,0.3,0.45,0.0,0.1,0.25,767,130,231,406,0.16245110821382008,0.4380704041720991,0.3688806385669155,0.4126461035669475,1.0922162302983256,0.25,0.10059171597633136,0.14345991561181434,169,68,-0.007822685788787476,0.05917159763313609,0.07166504381694255,0.3840300443344679
97,0.35,0.45,0.0,0.1,0.25,767,198,163,406,0.1535853976531943,0.4380704041720991,0.3688806385669155,0.4126461035669475,1.0922461354271071,0.25,0.10059171597633136,0.14345991561181434,169,68,-0.007822685788787476,0.05917159763313609,0.07166504381694255,0.3840293611683237
21,0.3,0.4,0.05,0.2,0.25,767,130,149,488,0.2063885267275098,0.4380704041720991,0.3688806385669155,0.4126461035669475,1.0922862915125602,0.25,0.10059171597633136,0.14345991561181434,169,68,-0.007822685788787476,0.05917159763313609,0.07166504381694255,0.3840284438554557
101,0.35,0.45,0.0,0.15,0.25,767,198,163,406,0.16421121251629725,0.4380704041720991,0.3688806385669155,0.4126461035669475,1.0923926157332242,0.25,0.10059171597633136,0.14345991561181434,169,68,-0.007822685788787476,0.05917159763313609,0.07166504381694255,0.38402601518874635
29,0.3,0.45,0.0,0.15,0.25,767,130,231,406,0.17750977835723594,0.4380704041720991,0.3688806385669155,0.4126461035669475,1.0924002977618854,0.25,0.10059171597633136,0.14345991561181434,169,68,-0.007822685788787476,0.05917159763313609,0.07166504381694255,0.38402583972476834
105,0.35,0.45,0.0,0.2,0.25,767,198,163,406,0.17483702737940027,0.4380704041720991,0.3688806385669155,0.4126461035669475,1.0926477081132306,0.25,0.10059171597633136,0.14345991561181434,169,68,-0.007822685788787476,0.05917159763313609,0.07166504381694255,0.38402018935368426
33,0.3,0.45,0.0,0.2,0.25,767,130,231,406,0.1925684485006519,0.4380704041720991,0.3688806385669155,0.4126461035669475,1.0927244030208663,0.25,0.10059171597633136,0.14345991561181434,169,68,-0.007822685788787476,0.05917159763313609,0.07166504381694255,0.38401843806247365
1,0.3,0.4,0.0,0.1,0.25,767,130,149,488,0.17848761408083444,0.4380704041720991,0.3688806385669155,0.4126461035669475,1.0928613157828047,0.25,0.10059171597633136,0.14345991561181434,169,68,-0.007822685788787476,0.05917159763313609,0.07166504381694255,0.3840153120447044
77,0.35,0.4,0.0,0.15,0.25,767,198,81,488,0.17490221642764017,0.4380704041720991,0.3688806385669155,0.4126461035669475,1.092881774134793,0.25,0.10059171597633136,0.14345991561181434,169,68,-0.007822685788787476,0.05917159763313609,0.07166504381694255,0.38401484497091176
5,0.3,0.4,0.0,0.15,0.25,767,130,149,488,0.18820078226857886,0.4380704041720991,0.3688806385669155,0.4126461035669475,1.092889456163454,0.25,0.10059171597633136,0.14345991561181434,169,68,-0.007822685788787476,0.05917159763313609,0.07166504381694255,0.38401466958894453
73,0.35,0.4,0.0,0.1,0.25,767,198,81,488,0.1696219035202086,0.4380704041720991,0.3688806385669155,0.4126461035669475,1.0928912209115862,0.25,0.10059171597633136,0.14345991561181434,169,68,-0.007822685788787476,0.05917159763313609,0.07166504381694255,0.3840146292996387
81,0.35,0.4,0.0,0.2,0.25,767,198,81,488,0.1801825293350717,0.4380704041720991,0.3688806385669155,0.4126461035669475,1.0929207638027976,0.25,0.10059171597633136,0.14345991561181434,169,68,-0.007822685788787476,0.05917159763313609,0.07166504381694255,0.38401395484374773
9,0.3,0.4,0.0,0.2,0.25,767,130,149,488,0.19791395045632335,0.4380704041720991,0.3688806385669155,0.4126461035669475,1.0929974587104332,0.25,0.10059171597633136,0.14345991561181434,169,68,-0.007822685788787476,0.05917159763313609,0.07166504381694255,0.384012204009468
111,0.35,0.45,0.05,0.1,0.35,767,198,163,406,0.21942633637548895,0.42242503259452413,0.37182781579916474,0.4092024223090514,1.099702541920898,0.22580645161290322,0.16568047337278108,0.19112627986348124,169,124,-0.023468057366362427,0.12426035502958581,0.11933140806860945,0.3829940667221037
39,0.3,0.45,0.05,0.1,0.35,767,130,231,406,0.22385919165580184,0.42242503259452413,0.37182781579916474,0.4092024223090514,1.0997061352753572,0.22580645161290322,0.16568047337278108,0.19112627986348124,169,124,-0.023468057366362427,0.12426035502958581,0.11933140806860945,0.3829939852171944
115,0.35,0.45,0.05,0.15,0.35,767,198,163,406,0.23005215123859193,0.42242503259452413,0.37182781579916474,0.4092024223090514,1.099849022227015,0.22580645161290322,0.16568047337278108,0.19112627986348124,169,124,-0.023468057366362427,0.12426035502958581,0.11933140806860945,0.38299074446380804
43,0.3,0.45,0.05,0.15,0.35,767,130,231,406,0.23891786179921773,0.42242503259452413,0.37182781579916474,0.4092024223090514,1.099890202738917,0.22580645161290322,0.16568047337278108,0.19112627986348124,169,124,-0.023468057366362427,0.12426035502958581,0.11933140806860945,0.3829898105493835
119,0.35,0.45,0.05,0.2,0.35,767,198,163,406,0.24067796610169495,0.42242503259452413,0.37182781579916474,0.4092024223090514,1.1001041146070214,0.22580645161290322,0.16568047337278108,0.19112627986348124,169,124,-0.023468057366362427,0.12426035502958581,0.11933140806860945,0.382984959926991
47,0.3,0.45,0.05,0.2,0.35,767,130,231,406,0.25397653194263364,0.42242503259452413,0.37182781579916474,0.4092024223090514,1.1002143079978979,0.22580645161290322,0.16568047337278108,0.19112627986348124,169,124,-0.023468057366362427,0.12426035502958581,0.11933140806860945,0.3829824615894797
27,0.3,0.45,0.0,0.1,0.35,767,130,231,406,0.2153846153846154,0.42242503259452413,0.37182781579916474,0.4092024223090514,1.10041730247323,0.22580645161290322,0.16568047337278108,0.19112627986348124,169,124,-0.023468057366362427,0.12426035502958581,0.11933140806860945,0.38297785992427424
99,0.35,0.45,0.0,0.1,0.35,767,198,163,406,0.2065189048239896,0.42242503259452413,0.37182781579916474,0.4092024223090514,1.1004472076020118,0.22580645161290322,0.16568047337278108,0.19112627986348124,169,124,-0.023468057366362427,0.12426035502958581,0.11933140806860945,0.38297718208251696
103,0.35,0.45,0.0,0.15,0.35,767,198,163,406,0.2171447196870926,0.42242503259452413,0.37182781579916474,0.4092024223090514,1.1005936879081288,0.22580645161290322,0.16568047337278108,0.19112627986348124,169,124,-0.023468057366362427,0.12426035502958581,0.11933140806860945,0.38297386217938356
31,0.3,0.45,0.0,0.15,0.35,767,130,231,406,0.23044328552803128,0.42242503259452413,0.37182781579916474,0.4092024223090514,1.1006013699367898,0.22580645161290322,0.16568047337278108,0.19112627986348124,169,124,-0.023468057366362427,0.12426035502958581,0.11933140806860945,0.3829736880828104
107,0.35,0.45,0.0,0.2,0.35,767,198,163,406,0.22777053455019564,0.42242503259452413,0.37182781579916474,0.4092024223090514,1.1008487802881353,0.22580645161290322,0.16568047337278108,0.19112627986348124,169,124,-0.023468057366362427,0.12426035502958581,0.11933140806860945,0.38296808174285596
35,0.3,0.45,0.0,0.2,0.35,767,130,231,406,0.24550195567144723,0.42242503259452413,0.37182781579916474,0.4092024223090514,1.1009254751957707,0.22580645161290322,0.16568047337278108,0.19112627986348124,169,124,-0.023468057366362427,0.12426035502958581,0.11933140806860945,0.38296634409772146
91,0.35,0.4,0.05,0.15,0.35,767,198,81,488,0.2514341590612777,0.4211212516297262,0.37049126576562963,0.4079247282657651,1.1010446637061222,0.224,0.16568047337278108,0.19047619047619047,169,125,-0.024771838331160367,0.12426035502958581,0.11868131868131868,0.38188174099874417
87,0.35,0.4,0.05,0.1,0.35,767,198,81,488,0.24615384615384617,0.4211212516297262,0.37049126576562963,0.4079247282657651,1.1010541104829155,0.224,0.16568047337278108,0.19047619047619047,169,125,-0.024771838331160367,0.12426035502958581,0.11868131868131868,0.38188152700004563
15,0.3,0.4,0.05,0.1,0.35,767,130,149,488,0.25058670143415906,0.4211212516297262,0.37049126576562963,0.4079247282657651,1.1010577038373748,0.224,0.16568047337278108,0.19047619047619047,169,125,-0.024771838331160367,0.12426035502958581,0.11868131868131868,0.38188144559996373
95,0.35,0.4,0.05,0.2,0.35,767,198,81,488,0.2567144719687093,0.4211212516297262,0.37049126576562963,0.4079247282657651,1.101083653374127,0.224,0.16568047337278108,0.19047619047619047,169,125,-0.024771838331160367,0.12426035502958581,0.11868131868131868,0.38188085777464875
19,0.3,0.4,0.05,0.15,0.35,767,130,149,488,0.26029986962190355,0.4211212516297262,0.37049126576562963,0.4079247282657651,1.101085844218024,0.224,0.16568047337278108,0.19047619047619047,169,125,-0.024771838331160367,0.12426035502958581,0.11868131868131868,0.38188080814693215
23,0.3,0.4,0.05,0.2,0.35,767,130,149,488,0.270013037809648,0.4211212516297262,0.37049126576562963,0.4079247282657651,1.1011938467650033,0.224,0.16568047337278108,0.19047619047619047,169,125,-0.024771838331160367,0.12426035502958581,0.11868131868131868,0.38187836176601553
3,0.3,0.4,0.0,0.1,0.35,767,130,149,488,0.24211212516297265,0.4211212516297262,0.37049126576562963,0.4079247282657651,1.1017688710352476,0.224,0.16568047337278108,0.19047619047619047,169,125,-0.024771838331160367,0.12426035502958581,0.11868131868131868,0.3818653410430225
79,0.35,0.4,0.0,0.15,0.35,767,198,81,488,0.23852672750977838,0.4211212516297262,0.37049126576562963,0.4079247282657651,1.1017893293872358,0.224,0.16568047337278108,0.19047619047619047,169,125,-0.024771838331160367,0.12426035502958581,0.11868131868131868,0.3818648779198537
7,0.3,0.4,0.0,0.15,0.35,767,130,149,488,0.25182529335071707,0.4211212516297262,0.37049126576562963,0.4079247282657651,1.1017970114158968,0.224,0.16568047337278108,0.19047619047619047,169,125,-0.024771838331160367,0.12426035502958581,0.11868131868131868,0.3818647040212999
75,0.35,0.4,0.0,0.1,0.35,767,198,81,488,0.23324641460234685,0.4211212516297262,0.37049126576562963,0.4079247282657651,1.101798776164029,0.224,0.16568047337278108,0.19047619047619047,169,125,-0.024771838331160367,0.12426035502958581,0.11868131868131868,0.3818646640727678
83,0.35,0.4,0.0,0.2,0.35,767,198,81,488,0.2438070404172099,0.4211212516297262,0.37049126576562963,0.4079247282657651,1.1018283190552407,0.224,0.16568047337278108,0.19047619047619047,169,125,-0.024771838331160367,0.12426035502958581,0.11868131868131868,0.3818639953214956
11,0.3,0.4,0.0,0.2,0.35,767,130,149,488,0.26153846153846155,0.4211212516297262,0.37049126576562963,0.4079247282657651,1.1019050139628763,0.224,0.16568047337278108,0.19047619047619047,169,125,-0.024771838331160367,0.12426035502958581,0.11868131868131868,0.38186225929558293
136,0.35,0.5,0.05,0.1,0.4,767,198,349,220,0.17314211212516298,0.4067796610169492,0.3741666407439504,0.4043042551550931,1.0941931021006213,0.22485207100591717,0.22485207100591717,0.22485207100591717,169,169,-0.03911342894393738,0.1834319526627219,0.15305719921104538,0.38004104078522605
64,0.3,0.5,0.05,0.1,0.4,767,130,417,220,0.1775749674054759,0.4067796610169492,0.3741666407439504,0.4043042551550931,1.0941966954550806,0.22485207100591717,0.22485207100591717,0.22485207100591717,169,169,-0.03911342894393738,0.1834319526627219,0.15305719921104538,0.380040958850904
52,0.3,0.5,0.0,0.1,0.4,767,130,417,220,0.16910039113428946,0.4067796610169492,0.3741666407439504,0.4043042551550931,1.0949078626529536,0.22485207100591717,0.22485207100591717,0.22485207100591717,169,169,-0.03911342894393738,0.1834319526627219,0.15305719921104538,0.3800247486155577
124,0.35,0.5,0.0,0.1,0.4,767,198,349,220,0.16023468057366363,0.4067796610169492,0.3741666407439504,0.4043042551550931,1.0949377677817351,0.22485207100591717,0.22485207100591717,0.22485207100591717,169,169,-0.03911342894393738,0.1834319526627219,0.15305719921104538,0.3800240672037986
140,0.35,0.5,0.05,0.15,0.4,767,198,349,220,0.19589308996088656,0.4067796610169492,0.3741666407439504,0.4043042551550931,1.0956726491878988,0.22485207100591717,0.22485207100591717,0.22485207100591717,169,169,-0.03911342894393738,0.1834319526627219,0.15305719921104538,0.38000732846673835
68,0.3,0.5,0.05,0.15,0.4,767,130,417,220,0.20475880052151232,0.4067796610169492,0.3741666407439504,0.4043042551550931,1.0957138296998006,0.22485207100591717,0.22485207100591717,0.22485207100591717,169,169,-0.03911342894393738,0.1834319526627219,0.15305719921104538,0.38000639082632826
128,0.35,0.5,0.0,0.15,0.4,767,198,349,220,0.1829856584093872,0.4067796610169492,0.3741666407439504,0.4043042551550931,1.0964173148690126,0.22485207100591717,0.22485207100591717,0.22485207100591717,169,169,-0.03911342894393738,0.1834319526627219,0.15305719921104538,0.3799903788393296
56,0.3,0.5,0.0,0.15,0.4,767,130,417,220,0.19628422425032588,0.4067796610169492,0.3741666407439504,0.4043042551550931,1.0964249968976736,0.22485207100591717,0.22485207100591717,0.22485207100591717,169,169,-0.03911342894393738,0.1834319526627219,0.15305719921104538,0.37999020404841466
144,0.35,0.5,0.05,0.2,0.4,767,198,349,220,0.21864406779661016,0.40547588005215124,0.37324690851002557,0.4032317518875887,1.0974080353650577,0.2235294117647059,0.22485207100591717,0.22418879056047197,169,170,-0.04041720990873532,0.1834319526627219,0.15239391876560018,0.37896732927552423
72,0.3,0.5,0.05,0.2,0.4,767,130,417,220,0.2319426336375489,0.40547588005215124,0.37324690851002557,0.4032317518875887,1.097518228755934,0.2235294117647059,0.22485207100591717,0.22418879056047197,169,170,-0.04041720990873532,0.1834319526627219,0.15239391876560018,0.37896482451115865
132,0.35,0.5,0.0,0.2,0.4,767,198,349,220,0.2057366362451108,0.40547588005215124,0.37324690851002557,0.4032317518875887,1.0981527010461714,0.2235294117647059,0.22485207100591717,0.22418879056047197,169,170,-0.04041720990873532,0.1834319526627219,0.15239391876560018,0.3789504076796331
60,0.3,0.5,0.0,0.2,0.4,767,130,417,220,0.2234680573663624,0.40547588005215124,0.37324690851002557,0.4032317518875887,1.098229395953807,0.2235294117647059,0.22485207100591717,0.22418879056047197,169,170,-0.04041720990873532,0.1834319526627219,0.15239391876560018,0.378948665566041
112,0.35,0.45,0.05,0.1,0.4,767,198,163,406,0.24589308996088657,0.4015645371577575,0.3709475078456303,0.4006874663494769,1.1043011432113634,0.21666666666666667,0.23076923076923078,0.22349570200573066,169,180,-0.044328552803129084,0.18934911242603553,0.15170083021085887,0.3760960676860399
40,0.3,0.45,0.05,0.1,0.4,767,130,231,406,0.2503259452411995,0.4015645371577575,0.3709475078456303,0.4006874663494769,1.1043047365658225,0.21666666666666667,0.23076923076923078,0.22349570200573066,169,180,-0.044328552803129084,0.18934911242603553,0.15170083021085887,0.37609598653697207
116,0.35,0.45,0.05,0.15,0.4,767,198,163,406,0.2565189048239896,0.4015645371577575,0.3709475078456303,0.4006874663494769,1.1044476235174803,0.21666666666666667,0.23076923076923078,0.22349570200573066,169,180,-0.044328552803129084,0.18934911242603553,0.15170083021085887,0.3760927599318634
44,0.3,0.45,0.05,0.15,0.4,767,130,231,406,0.2653846153846154,0.4015645371577575,0.3709475078456303,0.4006874663494769,1.1044888040293823,0.21666666666666667,0.23076923076923078,0.22349570200573066,169,180,-0.044328552803129084,0.18934911242603553,0.15170083021085887,0.37609183009448577
120,0.35,0.45,0.05,0.2,0.4,767,198,163,406,0.2671447196870926,0.4015645371577575,0.3709475078456303,0.4006874663494769,1.104702715897487,0.21666666666666667,0.23076923076923078,0.22349570200573066,169,180,-0.044328552803129084,0.18934911242603553,0.15170083021085887,0.37608700064642914
48,0.3,0.45,0.05,0.2,0.4,767,130,231,406,0.2804432855280313,0.4015645371577575,0.3709475078456303,0.4006874663494769,1.1048129092883632,0.21666666666666667,0.23076923076923078,0.22349570200573066,169,180,-0.044328552803129084,0.18934911242603553,0.15170083021085887,0.3760845132140274
28,0.3,0.45,0.0,0.1,0.4,767,130,231,406,0.24185136897001303,0.4015645371577575,0.3709475078456303,0.4006874663494769,1.1050159037636955,0.21666666666666667,0.23076923076923078,0.22349570200573066,169,180,-0.044328552803129084,0.18934911242603553,0.15170083021085887,0.3760799316333519
100,0.35,0.45,0.0,0.1,0.4,767,198,163,406,0.2329856584093872,0.4015645371577575,0.3709475078456303,0.4006874663494769,1.105045808892477,0.21666666666666667,0.23076923076923078,0.22349570200573066,169,180,-0.044328552803129084,0.18934911242603553,0.15170083021085887,0.3760792567499543
104,0.35,0.45,0.0,0.15,0.4,767,198,163,406,0.24361147327249016,0.4015645371577575,0.3709475078456303,0.4006874663494769,1.105192289198594,0.21666666666666667,0.23076923076923078,0.22349570200573066,169,180,-0.044328552803129084,0.18934911242603553,0.15170083021085887,0.37607595133553656
32,0.3,0.45,0.0,0.15,0.4,767,130,231,406,0.2569100391134289,0.4015645371577575,0.3709475078456303,0.4006874663494769,1.1051999712272553,0.21666666666666667,0.23076923076923078,0.22349570200573066,169,180,-0.044328552803129084,0.18934911242603553,0.15170083021085887,0.3760757779987276
108,0.35,0.45,0.0,0.2,0.4,767,198,163,406,0.2542372881355932,0.4015645371577575,0.3709475078456303,0.4006874663494769,1.1054473815786006,0.21666666666666667,0.23076923076923078,0.22349570200573066,169,180,-0.044328552803129084,0.18934911242603553,0.15170083021085887,0.3760701961235771
36,0.3,0.45,0.0,0.2,0.4,767,130,231,406,0.27196870925684485,0.4015645371577575,0.3709475078456303,0.4006874663494769,1.1055240764862362,0.21666666666666667,0.23076923076923078,0.22349570200573066,169,180,-0.044328552803129084,0.18934911242603553,0.15170083021085887,0.3760684660605514
92,0.35,0.4,0.05,0.15,0.4,767,198,81,488,0.2832464146023468,0.4002607561929596,0.3695993007131931,0.39939661026273526,1.1060724346846273,0.2154696132596685,0.23076923076923078,0.22285714285714286,169,181,-0.04563233376792697,0.18934911242603553,0.15106227106227108,0.3749735951860649
88,0.35,0.4,0.05,0.1,0.4,767,198,81,488,0.27796610169491526,0.4002607561929596,0.3695993007131931,0.39939661026273526,1.106081881461421,0.2154696132596685,0.23076923076923078,0.22285714285714286,169,181,-0.04563233376792697,0.18934911242603553,0.15106227106227108,0.3749733822078914
16,0.3,0.4,0.05,0.1,0.4,767,130,149,488,0.2823989569752281,0.4002607561929596,0.3695993007131931,0.39939661026273526,1.1060854748158802,0.2154696132596685,0.23076923076923078,0.22285714285714286,169,181,-0.04563233376792697,0.18934911242603553,0.15106227106227108,0.37497330119599204
96,0.35,0.4,0.05,0.2,0.4,767,198,81,488,0.2885267275097783,0.4002607561929596,0.3695993007131931,0.39939661026273526,1.1061114243526324,0.2154696132596685,0.23076923076923078,0.22285714285714286,169,181,-0.04563233376792697,0.18934911242603553,0.15106227106227108,0.374972716173892
20,0.3,0.4,0.05,0.15,0.4,767,130,149,488,0.2921121251629726,0.4002607561929596,0.3695993007131931,0.39939661026273526,1.1061136151965294,0.2154696132596685,0.23076923076923078,0.22285714285714286,169,181,-0.04563233376792697,0.18934911242603553,0.15106227106227108,0.37497266678283797
24,0.3,0.4,0.05,0.2,0.4,767,130,149,488,0.30182529335071706,0.4002607561929596,0.3695993007131931,0.39939661026273526,1.106221617743509,0.2154696132596685,0.23076923076923078,0.22285714285714286,169,181,-0.04563233376792697,0.18934911242603553,0.15106227106227108,0.37497023206781344
4,0.3,0.4,0.0,0.1,0.4,767,130,149,488,0.27392438070404174,0.4002607561929596,0.3695993007131931,0.39939661026273526,1.1067966420137532,0.2154696132596685,0.23076923076923078,0.22285714285714286,169,181,-0.04563233376792697,0.18934911242603553,0.15106227106227108,0.37495727342581303
80,0.35,0.4,0.0,0.15,0.4,767,198,81,488,0.2703389830508474,0.4002607561929596,0.3695993007131931,0.39939661026273526,1.1068171003657412,0.2154696132596685,0.23076923076923078,0.22285714285714286,169,181,-0.04563233376792697,0.18934911242603553,0.15106227106227108,0.3749568125104392
8,0.3,0.4,0.0,0.15,0.4,767,130,149,488,0.28363754889178616,0.4002607561929596,0.3695993007131931,0.39939661026273526,1.1068247823944022,0.2154696132596685,0.23076923076923078,0.22285714285714286,169,181,-0.04563233376792697,0.18934911242603553,0.15106227106227108,0.374956639440887
76,0.35,0.4,0.0,0.1,0.4,767,198,81,488,0.2650586701434159,0.4002607561929596,0.3695993007131931,0.39939661026273526,1.1068265471425345,0.2154696132596685,0.23076923076923078,0.22285714285714286,169,181,-0.04563233376792697,0.18934911242603553,0.15106227106227108,0.3749565996827953
84,0.35,0.4,0.0,0.2,0.4,767,198,81,488,0.275619295958279,0.4002607561929596,0.3695993007131931,0.39939661026273526,1.106856090033746,0.2154696132596685,0.23076923076923078,0.22285714285714286,169,181,-0.04563233376792697,0.18934911242603553,0.15106227106227108,0.3749559341195338
12,0.3,0.4,0.0,0.2,0.4,767,130,149,488,0.2933507170795306,0.4002607561929596,0.3695993007131931,0.39939661026273526,1.1069327849413817,0.2154696132596685,0.23076923076923078,0.22285714285714286,169,181,-0.04563233376792697,0.18934911242603553,0.15106227106227108,0.3749542063692387
