window,roundNo,homeTeam,awayTeam,actual,baseProbA,baseProbD,baseProbH,drawSpecialistProb
1,1549,横浜F・マリノス,0,D,0.28698418987867735,0.24499652090854468,0.4680192892127779,0.4102888762549662
1,1549,川崎フロンターレ,3,H,0.17900182807979723,0.16558976544019569,0.6554084064800071,0.41509653137688723
1,1550,FC東京,横浜FC,H,0.30967250130743174,0.27156355921874514,0.4187639394738233,0.3232107990815224
1,1550,鹿島アントラーズ,ファジアーノ岡山,H,0.2852933617355714,0.17730732504618352,0.537399313218245,0.3773950295023837
1,1550,京都サンガF.C.,ガンバ大阪,H,0.39322175608682775,0.20183310612841476,0.40494513778475755,0.5686282540849927
1,1550,清水エスパルス,柏レイソル,A,0.38574039104194896,0.25018448300734025,0.36407512595071073,0.48656219193143246
1,1550,アビスパ福岡,ヴィッセル神戸,D,0.3887748825033824,0.11147643964027848,0.4997486778563391,0.09630000110653097
1,1550,湘南ベルマーレ,横浜F・マリノス,D,0.4368117568890666,0.24169410668636904,0.32149413642456437,0.39778854054726087
1,1550,サンフレッチェ広島,名古屋グランパス,A,0.3287169708324539,0.082705068431593,0.5885779607359529,0.0571272546766889
1,1550,モンテディオ山形,V・ファーレン長崎,A,0.4492713193262186,0.09912181973938333,0.451606860934398,0.18250343707626043
1,1550,アルビレックス新潟,町田,A,0.3834215669934655,0.14669805841379455,0.4698803745927398,0.24529565335364129
1,1550,東京ヴェルディ,川崎フロンターレ,H,0.6267251066905656,0.14910167340122282,0.22417321990821157,0.31444766484106096
1,1550,大分,大宮,D,0.5936817997382074,0.10717196319377473,0.2991462370680178,0.1663089902082061
1,1550,富山,ジェフユナイテッド千葉,H,0.470375856870553,0.28157116897277334,0.24805297415667366,0.35444423200080327
1,1550,山口,ブラウブリッツ秋田,D,0.3115357948531638,0.2523216931759271,0.43614251197090903,0.31821089948309167
1,1551,徳島ヴォルティス,藤枝MYFC,A,0.40133454191815365,0.23787598494353937,0.3607894731383069,0.48168703910885763
1,1551,柏レイソル,FC東京,H,0.5771729532651777,0.24283293607371242,0.17999411066110982,0.5631233223127278
1,1551,京都サンガF.C.,アルビレックス新潟,H,0.5220892464220468,0.1546988081266485,0.32321194545130455,0.45200498950044044
1,1551,町田,清水エスパルス,H,0.38451855103070287,0.26486505091003576,0.35061639805926126,0.465302458431635
1,1551,川崎フロンターレ,鹿島アントラーズ,H,0.42415987341996675,0.13392490587023922,0.44191522070979383,0.16945351002305015
1,1551,セレッソ大阪,ガンバ大阪,A,0.33854340644171627,0.23173971687997105,0.4297168766783126,0.5150843810727862
1,1551,横浜FC,横浜F・マリノス,A,0.22380252810828893,0.29588771451838985,0.48030975737332116,0.45259288995546565
1,1551,ブラウブリッツ秋田,水戸ホーリーホック,A,0.6902881682256611,0.13150135887092543,0.17821047290341344,0.3623496761768919
1,1551,ヴィッセル神戸,湘南ベルマーレ,H,0.3774531327278708,0.104070917694631,0.5184759495774981,0.1277552829792938
1,1551,ベガルタ仙台,富山,A,0.3982346271414592,0.3190753782391371,0.28268999461940364,0.47488226984152565
1,1551,ファジアーノ岡山,サンフレッチェ広島,A,0.2639728374043237,0.18725409004506433,0.5487730725506119,0.39206977215730837
1,1551,名古屋グランパス,東京ヴェルディ,D,0.315465667222501,0.22487363132858956,0.4596607014489094,0.44708558694719097
1,1551,FC今治,ヴァンフォーレ甲府,A,0.5590789948751886,0.2007434990561718,0.24017750606863952,0.3892964516904367
1,1552,いわきFC,V・ファーレン長崎,D,0.7544460182003707,0.09587279816561013,0.14968118363401922,0.17035123494088258
1,1552,相模原,福島,A,0.3361568238115267,0.2659387315823718,0.3979044446061015,0.551731148062189
1,1552,水戸ホーリーホック,富山,A,0.44132160636969675,0.3155044924298356,0.24317390120046772,0.36812722558753175
1,1552,ブラウブリッツ秋田,熊本,H,0.22006131864955636,0.21567435794618206,0.5642643234042615,0.4155017579297214
1,1552,讃岐,栃木SC,H,0.45192999787589316,0.21474305334899627,0.3333269487751105,0.33828315189152924
1,1552,FC大阪,宮崎,D,0.5317948727037931,0.1549306213437436,0.31327450595246314,0.24418140970560342
1,1552,FC今治,愛媛FC,H,0.521311635216452,0.18418972962718805,0.2944986351563598,0.4839442529244946
1,1552,ジュビロ磐田,北海道コンサドーレ札幌,H,0.21514843280900758,0.1413639470012505,0.6434876201897419,0.46445608984148873
1,1552,山口,徳島ヴォルティス,D,0.6818156602605835,0.1819915162178191,0.1361928235215974,0.5524856809668197
1,1552,ヴァンフォーレ甲府,大宮,H,0.610426160371297,0.17772492379821436,0.2118489158304886,0.20384950409337274
1,1552,藤枝MYFC,ベガルタ仙台,D,0.643967778943966,0.17616279374621852,0.17986942730981545,0.1365461177486486
1,1552,モンテディオ山形,ジェフユナイテッド千葉,A,0.4742495716983899,0.1459826320181309,0.3797677962834791,0.2575403780001962
1,1552,サガン鳥栖,大分,H,0.18521015590466125,0.16561293080696296,0.6491769132883757,0.3106418407996158
1,1553,川崎フロンターレ,相模原,D,0.4564680791452501,0.20573855710455788,0.337793363750192,0.44806503650461416
1,1553,名古屋グランパス,熊本,H,0.3811808536373229,0.19557907258978618,0.4232400737728908,0.3551766139952829
1,1553,アビスパ福岡,北九州,D,0.5194441569743656,0.17650474799692478,0.3040510950287095,0.3078153223034054
1,1553,京都サンガF.C.,横浜FC,D,0.3015495884629522,0.303506136499547,0.39494427503750074,0.448839106692871
1,1553,湘南ベルマーレ,清水エスパルス,A,0.2510604953310549,0.15757473271498698,0.5913647719539581,0.360736765317169
1,1553,ガンバ大阪,モンテディオ山形,D,0.33769930901247813,0.1742060890811069,0.48809460190641474,0.2659147527062107
1,1553,東京ヴェルディ,サガン鳥栖,H,0.4145143337879587,0.12874130925772445,0.45674435695431675,0.3277104618458419
1,1553,サンフレッチェ広島,藤枝MYFC,H,0.4756088304877182,0.23600230707686218,0.2883888624354197,0.29545459633762394
1,1553,ヴィッセル神戸,ヴァンフォーレ甲府,D,0.5635003405488356,0.12139737689850524,0.31510228255265915,0.34816907810094383
1,1553,鹿島アントラーズ,V・ファーレン長崎,H,0.5792224838192606,0.15746022329289328,0.26331729288784633,0.31950621701538906
1,1553,FC東京,大分,H,0.253622570448667,0.22784132547249797,0.5185361040788351,0.39293984296050327
1,1553,町田,富山,H,0.7105139822638027,0.132892207659495,0.1565938100767022,0.28475332036433143
1,1553,セレッソ大阪,徳島ヴォルティス,H,0.5411852207035079,0.21114765074343994,0.24766712855305195,0.527867099884215
1,1554,ファジアーノ岡山,ヴィッセル神戸,A,0.314418150345428,0.21884150919373938,0.46674034046083257,0.249152702948888
1,1554,FC東京,浦和レッズ,H,0.4206947703433923,0.27978604034881815,0.2995191893077894,0.45441745191316196
1,1554,讃岐,高知,A,0.49193628513071386,0.15619862419710323,0.3518650906721829,0.2795730661140284
1,1554,長野,松本,H,0.49521388679178563,0.20946419942499012,0.29532191378322425,0.5213729244901363
1,1554,鹿島アントラーズ,柏レイソル,H,0.5225009581446385,0.12600373918436777,0.35149530267099377,0.2915887187949919
1,1554,東京ヴェルディ,町田,A,0.523590783669756,0.1348432417134366,0.34156597461680743,0.20333947320354387
1,1554,清水エスパルス,横浜FC,H,0.25153242791518393,0.13621566833608326,0.6122519037487326,0.22348228361602518
1,1554,横浜F・マリノス,名古屋グランパス,H,0.4440993233694269,0.180266058711059,0.3756346179195141,0.24857366913045498
1,1554,ガンバ大阪,川崎フロンターレ,H,0.4264541666229047,0.3124452099308459,0.2611006234462494,0.3736466689625856
1,1554,鳥取,沼津,H,0.3033795847439983,0.368290074850424,0.32833034040557774,0.6575364190190754
1,1554,福島,FC琉球,D,0.3926752047948857,0.20818480334016745,0.3991399918649467,0.40255243916304195
1,1554,アルビレックス新潟,サンフレッチェ広島,A,0.35619049248020024,0.17059075070495278,0.4732187568148469,0.1915228491781434
1,1554,湘南ベルマーレ,セレッソ大阪,A,0.3031344643441747,0.23797710105427727,0.45888843460154805,0.5220021168921591
1,1555,鹿児島,2,A,0.4737525529194253,0.23630920940874287,0.2899382376718318,0.30370267368294457
1,1555,岐阜,1,H,0.5235155051295175,0.20521279587018124,0.27127169900030135,0.2577897353205918
1,1555,アビスパ福岡,2,H,0.21244726484131946,0.1470378993163019,0.6405148358423787,0.19008328135061164
1,1556,高知,福島,H,0.6429056936008672,0.12721053722881534,0.2298837691703175,0.35039418314347787
1,1556,富山,大宮,A,0.44804162804602615,0.25193808802539197,0.3000202839285818,0.4388982786202358
1,1556,北海道コンサドーレ札幌,サガン鳥栖,H,0.30463504657369184,0.28182289427560403,0.41354205915070397,0.5334939681570572
1,1556,ジュビロ磐田,ブラウブリッツ秋田,A,0.2509836194472293,0.17074813661880328,0.5782682439339675,0.558122334716309
1,1556,ヴァンフォーレ甲府,モンテディオ山形,A,0.20111820845422146,0.0887709416257011,0.7101108499200774,0.11123117150574913
1,1556,大分,FC今治,A,0.6886033363994439,0.09122973771515107,0.22016692588540504,0.1440246803887003
1,1556,栃木シティ,栃木SC,H,0.2455621459505301,0.2905628762724858,0.46387497777698405,0.5876460112770341
1,1556,藤枝MYFC,山口,D,0.2745981603637638,0.1366374157889601,0.5887644238472761,0.16159893573022666
1,1556,ジェフユナイテッド千葉,いわきFC,D,0.3120978671047755,0.30091678349497686,0.38698534940024754,0.5021764330874093
1,1556,徳島ヴォルティス,愛媛FC,H,0.3049949807205332,0.4346204563166217,0.26038456296284496,0.7473892783496419
1,1556,相模原,宮崎,H,0.37621191916096924,0.20648688607957388,0.4173011947594567,0.5198362642601057
1,1556,八戸,鳥取,H,0.44973553431320845,0.2215818065362399,0.3286826591505516,0.39085237302283427
1,1556,V・ファーレン長崎,ベガルタ仙台,A,0.6412057534868617,0.16535544965485713,0.19343879685828125,0.5443247154131053
1,1557,FC東京,セレッソ大阪,H,0.32948298182740715,0.15588073221741494,0.5146362859551779,0.3639821933581895
1,1557,鹿島アントラーズ,アビスパ福岡,D,0.4955857593599545,0.27879458220230463,0.22561965843774084,0.36334074485673656
1,1557,サンフレッチェ広島,清水エスパルス,H,0.45527776189557345,0.22437159615845215,0.3203506419459743,0.27446615349894554
1,1557,町田,京都サンガF.C.,A,0.5842835501490581,0.29076147554965703,0.1249549743012848,0.4886286343998099
1,1557,モンテディオ山形,浦和レッズ,A,0.17894186407975624,0.37584178318967265,0.44521635273057103,0.5857542158780262
1,1558,FC今治,熊本,H,0.3701937861362211,0.311417939941415,0.3183882739223638,0.4948839758381326
1,1558,サンフレッチェ広島,清水エスパルス,D,0.35847370972832293,0.3757766393119868,0.2657496509596903,0.5187858421770849
1,1558,愛媛FC,サガン鳥栖,A,0.565965199099258,0.13271439436843008,0.30132040653231185,0.1693431780996144
1,1558,ベガルタ仙台,徳島ヴォルティス,A,0.445440376576694,0.23928005814710018,0.3152795652762057,0.4107366096277699
1,1558,ガンバ大阪,ファジアーノ岡山,A,0.3493927844879004,0.24279260130901764,0.40781461420308196,0.4185535481104965
1,1558,名古屋グランパス,京都サンガF.C.,A,0.2986742583874881,0.10759799023233094,0.593727751380181,0.1748042415114727
1,1558,柏レイソル,湘南ベルマーレ,H,0.40936178751460345,0.3406376820794216,0.25000053040597486,0.6412588583905557
1,1558,町田,ヴィッセル神戸,H,0.48301943369384415,0.13119357016814023,0.3857869961380155,0.24826977796831942
1,1558,FC東京,鹿島アントラーズ,A,0.5060895753043866,0.15073482284105844,0.343175601854555,0.1669707092302349
1,1558,東京ヴェルディ,横浜F・マリノス,H,0.3643455571253947,0.1530968276262732,0.4825576152483321,0.21048543907118938
1,1558,横浜FC,浦和レッズ,H,0.45874029077307893,0.29974500149974764,0.24151470772717332,0.47997790187792616
1,1558,モンテディオ山形,水戸ホーリーホック,A,0.6389645582042813,0.1660972238717256,0.194938217923993,0.22610453869944716
1,1558,川崎フロンターレ,アビスパ福岡,A,0.6626718445662876,0.13583456771161942,0.20149358772209275,0.2539182121787786
2,1559,山口,0,D,0.36499471165681735,0.33282869477637017,0.3021765935668124,0.5408068926693731
2,1559,セレッソ大阪,3,H,0.15175426089807537,0.2460168308998199,0.6022289082021047,0.4227217620192169
2,1560,ファジアーノ岡山,柏レイソル,H,0.48279912401785197,0.24710781570392132,0.2700930602782267,0.46639628362922486
2,1560,清水エスパルス,横浜F・マリノス,A,0.3909205700645037,0.17928536030341233,0.4297940696320839,0.29993023002539554
2,1560,町田,セレッソ大阪,H,0.5856183925547285,0.1842076182899426,0.230173989155329,0.5060007342647719
2,1560,モンテディオ山形,いわきFC,H,0.4916052631075518,0.11651940205232104,0.39187533484012704,0.16621148676153477
2,1560,愛媛FC,大宮,A,0.6307430153491027,0.16328355740195113,0.20597342724894604,0.3139432958412708
2,1560,京都サンガF.C.,東京ヴェルディ,H,0.23026155001186427,0.22192106284304255,0.5478173871450932,0.5831502676311835
2,1560,アルビレックス新潟,川崎フロンターレ,A,0.2972113978470444,0.1293501090194381,0.5734384931335175,0.28699247246312687
2,1560,ヴィッセル神戸,横浜FC,A,0.3061931549965817,0.19077896685189977,0.5030278781515184,0.4166716406569759
2,1560,浦和レッズ,名古屋グランパス,H,0.43635400139955716,0.15366203470517434,0.40998396389526837,0.16291421701226833
2,1560,山口,ベガルタ仙台,D,0.3390989116088341,0.4469823537837331,0.21391873460743283,0.7452228600870476
2,1560,サンフレッチェ広島,ガンバ大阪,H,0.321329494064551,0.1626079011107145,0.5160626048247345,0.24393903158698818
2,1560,湘南ベルマーレ,FC東京,D,0.2819435541298207,0.3961068963718575,0.32194954949832183,0.6022876071346336
2,1560,鹿島アントラーズ,アビスパ福岡,H,0.44937766917523814,0.36680744139225685,0.1838148894325051,0.5909814775496701
2,1561,サンフレッチェ広島,0,D,0.15602084307774292,0.2498436271345908,0.5941355297876663,0.4999314333904658
2,1561,町田,3,H,0.3436968501027091,0.22269477774586582,0.43360837215142506,0.4936690250270615
2,1562,横浜F・マリノス,町田,D,0.5896151423238096,0.2142416754186111,0.19614318225757923,0.2941734119115164
2,1562,アビスパ福岡,清水エスパルス,H,0.2800031287459227,0.22876911942498707,0.4912277518290903,0.4183800678892789
2,1562,ファジアーノ岡山,湘南ベルマーレ,H,0.18476680723028652,0.17554463399262316,0.6396885587770903,0.5132449082060695
2,1562,徳島ヴォルティス,モンテディオ山形,H,0.3594022180354034,0.1577257118001399,0.4828720701644567,0.28260069186446163
2,1562,名古屋グランパス,川崎フロンターレ,A,0.4555751934846471,0.11806428161672368,0.42636052489862925,0.14613376967644603
2,1562,東京ヴェルディ,サンフレッチェ広島,A,0.3272555780316579,0.10928413174088478,0.5634602902274574,0.16267190858568384
2,1562,アルビレックス新潟,鹿島アントラーズ,A,0.5856068691768122,0.15479870061026993,0.25959443021291784,0.43849218177558336
2,1562,ガンバ大阪,横浜FC,H,0.3220328086317214,0.2063985985593883,0.4715685928088902,0.5933560436605715
2,1562,FC東京,京都サンガF.C.,A,0.3885469272717511,0.1801287459983571,0.4313243267298918,0.42337259304109287
2,1562,ヴァンフォーレ甲府,北海道コンサドーレ札幌,A,0.34510760376759597,0.11016183470412327,0.5447305615282807,0.14890057827340006
2,1562,ブラウブリッツ秋田,FC今治,A,0.5728247186100135,0.20762008870317256,0.21955519268681406,0.4577710253717752
2,1562,セレッソ大阪,ヴィッセル神戸,D,0.43887072972308594,0.18756291032325914,0.37356635995365495,0.3773564444140672
2,1562,ベガルタ仙台,ジェフユナイテッド千葉,H,0.49256536572330417,0.14586809425703692,0.3615665400196589,0.16978084664682425
2,1563,FC東京,2,A,0.16280308712672148,0.256367427890013,0.5808294849832654,0.5417752104100979
2,1563,町田,3,H,0.34538345492612504,0.20620752317964353,0.4484090218942315,0.4704724045380359
2,1563,名古屋グランパス,2,A,0.20354926150199237,0.25195935518926205,0.5444913833087456,0.4392098503488081
2,1564,徳島ヴォルティス,ブラウブリッツ秋田,D,0.42854338038264084,0.3294005215525101,0.24205609806484907,0.5736384400194324
2,1564,ヴィッセル神戸,横浜F・マリノス,H,0.23023361920245344,0.23620002616056443,0.5335663546369821,0.5834099787610378
2,1564,京都サンガF.C.,ファジアーノ岡山,H,0.36522836187853175,0.29660653824054906,0.33816509988091925,0.6592207924199278
2,1564,川崎フロンターレ,町田,H,0.6429417712267278,0.09231943100539085,0.2647387977678814,0.13610654020170296
2,1564,清水エスパルス,鹿島アントラーズ,D,0.4699153474914665,0.19861752628491025,0.3314671262236232,0.39799949124571443
2,1564,湘南ベルマーレ,ガンバ大阪,A,0.45946976241075954,0.141669274230561,0.39886096335867943,0.32172100702290074
2,1564,横浜FC,東京ヴェルディ,H,0.2124361134419149,0.2050613791268408,0.5825025074312442,0.47971592098293897
2,1564,柏レイソル,アビスパ福岡,H,0.6755908918663756,0.13254917126645308,0.19185993686717137,0.2343914046446276
2,1564,セレッソ大阪,サンフレッチェ広島,D,0.3097236383196382,0.1686843618461927,0.521591999834169,0.287391672230132
2,1564,富山,熊本,A,0.19439798044668316,0.2900680636998795,0.5155339558534372,0.5412051140206603
2,1564,モンテディオ山形,サガン鳥栖,H,0.4369705482266717,0.1210830509977301,0.44194640077559816,0.2168170960667528
2,1564,浦和レッズ,アルビレックス新潟,H,0.3058820772385683,0.42534232251515103,0.26877560024628055,0.8133976973496019
2,1564,名古屋グランパス,FC東京,A,0.42291063257191897,0.18492778361667625,0.39216158381140476,0.3578661646471548
2,1565,横浜F・マリノス,1,H,0.15837537335170082,0.29728314761324826,0.5443414790350509,0.4661990308754511
2,1565,横浜FC,2,A,0.12395327554307888,0.1558479492061251,0.7201987752507961,0.4346966554482284
2,1565,浦和レッズ,1,H,0.13626272756119656,0.20323571096256138,0.660501561476242,0.6097197159791171
2,1566,川崎フロンターレ,浦和レッズ,D,0.6118271695502022,0.10828927371990442,0.27988355672989335,0.12160465304885722
2,1566,サンフレッチェ広島,湘南ベルマーレ,H,0.1916151239418459,0.49820112828924,0.310183747768914,0.6081737834640407
2,1566,柏レイソル,横浜F・マリノス,A,0.43322263408555106,0.27128414789343475,0.29549321802101425,0.46499986000826216
2,1566,FC琉球,群馬,H,0.2645349194566621,0.16478459436526022,0.5706804861780775,0.405524127272406
2,1566,奈良,讃岐,H,0.3479588934427984,0.19545969205486446,0.456581414502337,0.4671477606802475
2,1566,八戸,沼津,H,0.46396594254801343,0.16494509733619567,0.37108896011579096,0.5007985815361351
2,1566,鳥取,福島,A,0.41797025712496005,0.1603405655857477,0.4216891772892921,0.23549093476565888
2,1566,相模原,長野,H,0.4612565392031015,0.19502446112638497,0.34371899967051356,0.4312023718924709
2,1566,金沢,FC大阪,H,0.3523841799064905,0.1191422307385072,0.5284735893550023,0.21447183951959944
2,1566,栃木シティ,松本,H,0.22584323819575983,0.31312957765643334,0.46102718414780675,0.6257036134315465
2,1566,北九州,岐阜,A,0.4392234752680318,0.1290703126359249,0.4317062120960432,0.2882275597317117
2,1566,鹿児島,高知,H,0.43883224188353837,0.13483456056707688,0.4263331975493847,0.25693338820900047
2,1566,ヴィッセル神戸,横浜FC,H,0.3242635846579201,0.2755880579438895,0.4001483573981903,0.6178802763278032
2,1567,ﾍﾟﾙｰ,ﾊﾟﾗｸﾞｱ,A,0.37541431451121177,0.25683329820065914,0.367752387288129,0.5251763789124266
2,1567,ｷﾞﾘｼｬ,ﾃﾞﾝﾏｰｸ,A,0.37541431451121177,0.25683329820065914,0.367752387288129,0.5251763789124266
2,1567,ﾊﾝｶﾞﾘｰ,ﾎﾟﾙﾄｶﾞ,A,0.37541431451121177,0.25683329820065914,0.367752387288129,0.5251763789124266
2,1567,ｴｸｱﾄﾞﾙ,ｱﾙｾﾞﾝﾁ,H,0.37541431451121177,0.25683329820065914,0.367752387288129,0.5251763789124266
2,1567,ﾎﾞｽﾆｱ,ｵｰｽﾄﾘｱ,A,0.37541431451121177,0.25683329820065914,0.367752387288129,0.5251763789124266
2,1567,ｾﾙﾋﾞｱ,ｲﾝｸﾞﾗﾝ,A,0.37541431451121177,0.25683329820065914,0.367752387288129,0.5251763789124266
2,1567,ｽｲｽ,ｽﾛﾍﾞﾆｱ,H,0.37541431451121177,0.25683329820065914,0.367752387288129,0.5251763789124266
2,1567,ﾁﾘ,ｳﾙｸﾞｱｲ,D,0.37541431451121177,0.25683329820065914,0.367752387288129,0.5251763789124266
2,1567,ﾎﾞﾘﾋﾞｱ,ﾌﾞﾗｼﾞﾙ,H,0.37541431451121177,0.25683329820065914,0.367752387288129,0.5251763789124266
2,1567,ﾌﾗﾝｽ,ｱｲｽﾗﾝ,H,0.37541431451121177,0.25683329820065914,0.367752387288129,0.5251763789124266
2,1567,ｺｿﾎﾞ,ｽｳｪﾃﾞﾝ,H,0.37541431451121177,0.25683329820065914,0.367752387288129,0.5251763789124266
2,1567,ﾍﾞﾈｽﾞｴ,ｺﾛﾝﾋﾞｱ,A,0.37541431451121177,0.25683329820065914,0.367752387288129,0.5251763789124266
2,1567,ｸﾛｱﾁｱ,ﾓﾝﾃﾈｸﾞ,H,0.37541431451121177,0.25683329820065914,0.367752387288129,0.5251763789124266
2,1568,ヴァンフォーレ甲府,サガン鳥栖,A,0.35466337665925296,0.18651968182410833,0.4588169415166387,0.3889677109407149
2,1568,モンテディオ山形,富山,H,0.2880830264782617,0.18972959224504862,0.5221873812766896,0.3869736740156813
2,1568,藤枝MYFC,大分,D,0.2837621812032662,0.2898343666399851,0.42640345215674874,0.47227613064406426
2,1568,山口,ジェフユナイテッド千葉,H,0.30328728874466054,0.426679870977951,0.2700328402773885,0.6126673427777242
2,1568,ブラウブリッツ秋田,愛媛FC,H,0.25598074679665506,0.35108557739961405,0.392933675803731,0.5139844348660851
2,1568,ベガルタ仙台,水戸ホーリーホック,D,0.45951655783671297,0.1366148898334595,0.40386855232982743,0.21478618281733572
2,1568,鹿島アントラーズ,湘南ベルマーレ,H,0.24925690066368889,0.4222050903204553,0.32853800901585584,0.6323205315500694
2,1568,横浜F・マリノス,川崎フロンターレ,A,0.5552338060253595,0.19134980154737935,0.2534163924272611,0.24926155647035392
2,1568,アビスパ福岡,セレッソ大阪,H,0.26196611954647736,0.17513265510808673,0.562901225345436,0.34591173934791275
2,1568,大宮,V・ファーレン長崎,A,0.5069314385842006,0.13973515525219787,0.3533334061636014,0.2611283110210897
2,1568,アルビレックス新潟,清水エスパルス,A,0.31103167425601397,0.22897123398641453,0.4599970917575714,0.3543258755355954
2,1568,ファジアーノ岡山,名古屋グランパス,A,0.23975870659731457,0.198565379239039,0.5616759141636464,0.32296309127081146
2,1568,ガンバ大阪,浦和レッズ,H,0.30571803035544803,0.0970181657522521,0.5972638038922999,0.10353698951555447
3,1570,横浜FC,アルビレックス新潟,A,0.2721387613846095,0.19250754186216662,0.5353536967532238,0.5793235520812783
3,1570,ベガルタ仙台,モンテディオ山形,H,0.5723544373006583,0.15760884302602285,0.27003671967331877,0.20061479148349326
3,1570,愛媛FC,ジェフユナイテッド千葉,A,0.7087727726408019,0.09833368648938573,0.1928935408698124,0.1953436710909196
3,1570,セレッソ大阪,柏レイソル,D,0.44459911138156943,0.2364330258406632,0.3189678627777673,0.5111620875117384
3,1570,いわきFC,水戸ホーリーホック,D,0.5187625902975443,0.17959914968833207,0.30163826001412347,0.384603346834973
3,1570,徳島ヴォルティス,北海道コンサドーレ札幌,A,0.4089053307742882,0.1182541004831372,0.47284056874257463,0.24664623267685154
3,1570,京都サンガF.C.,清水エスパルス,A,0.3022945529788685,0.30605002595708797,0.39165542106404344,0.5328403197619853
3,1570,名古屋グランパス,湘南ベルマーレ,H,0.3003265545932634,0.17186398861325372,0.5278094567934829,0.3619871113055323
3,1570,ヴァンフォーレ甲府,ブラウブリッツ秋田,D,0.3542973703018593,0.1643264744312831,0.48137615526685756,0.24632671519034974
3,1570,東京ヴェルディ,ファジアーノ岡山,H,0.2890606315233004,0.25258336662718517,0.4583560018495143,0.49262607849963747
3,1570,浦和レッズ,鹿島アントラーズ,A,0.47908106763022784,0.1473375957724026,0.3735813365973695,0.3034254322003414
3,1570,横浜F・マリノス,アビスパ福岡,H,0.3355388118769227,0.09394229857894298,0.5705188895441342,0.2124609955329629
3,1570,川崎フロンターレ,FC東京,A,0.4570607108322586,0.276363858871319,0.26657543029642233,0.39910859074476
3,1571,ガンバ大阪,横浜F・マリノス,H,0.3126177247189913,0.16558352991763864,0.5217987453633701,0.34476275345591423
3,1571,FC東京,アビスパ福岡,A,0.42023990944175055,0.10734932438518247,0.472410766173067,0.294060635289923
3,1571,京都サンガF.C.,町田,D,0.4690035915409513,0.13164944020203098,0.3993469682570176,0.21783692551505102
3,1571,柏レイソル,サンフレッチェ広島,D,0.4829688077090004,0.11499624956009377,0.4020349427309058,0.29724221772690046
3,1571,アルビレックス新潟,名古屋グランパス,H,0.25688660524472623,0.13274182171529572,0.610371573039978,0.21331828732210065
3,1572,ヴィッセル神戸,清水エスパルス,H,0.25301310979447567,0.17409811248588655,0.5728887777196378,0.42251104824693547
3,1572,セレッソ大阪,京都サンガF.C.,A,0.33549158977438986,0.24500228487378595,0.4195061253518242,0.5257022475683522
3,1572,FC今治,サガン鳥栖,D,0.5119447573579744,0.14793738435137885,0.34011785829064667,0.21420191688629867
3,1572,富山,徳島ヴォルティス,A,0.6839524401244608,0.11554070221667341,0.20050685765886572,0.2928388659420863
3,1572,ブラウブリッツ秋田,V・ファーレン長崎,D,0.5397215500229632,0.19779478810390033,0.2624836618731365,0.44617195444383023
3,1572,FC東京,横浜F・マリノス,A,0.2928254687650701,0.1850261546275854,0.5221483766073444,0.45828251847705814
3,1572,川崎フロンターレ,柏レイソル,D,0.33263713710376624,0.13898485272984218,0.5283780101663914,0.2882752614344913
3,1572,横浜FC,湘南ベルマーレ,H,0.2472814778806181,0.1982499397166433,0.5544685824027387,0.514833452033299
3,1572,アビスパ福岡,サンフレッチェ広島,A,0.5106688782690441,0.2268964045796882,0.26243471715126776,0.4208400725299804
3,1572,東京ヴェルディ,浦和レッズ,D,0.2690458233735224,0.17648022241454833,0.5544739542119294,0.2840918044147788
3,1572,名古屋グランパス,鹿島アントラーズ,A,0.5107391093474307,0.21767002059943158,0.2715908700531376,0.2791895911163265
3,1572,町田,ファジアーノ岡山,H,0.2660619723811442,0.18149225027456917,0.5524457773442867,0.4194199464788526
3,1572,ガンバ大阪,アルビレックス新潟,H,0.3497374444347399,0.328602700785125,0.32165985478013503,0.5352529749104031
3,1574,熊本,いわきFC,A,0.37152263969117005,0.11883516210187242,0.5096421982069574,0.3006167088143316
3,1574,徳島ヴォルティス,FC今治,H,0.35751057567003586,0.15070455825247348,0.4917848660774906,0.26335004436706894
3,1574,ブラウブリッツ秋田,大分,D,0.2622886326689594,0.19849143060623486,0.5392199367248057,0.41919425473618604
3,1574,北海道コンサドーレ札幌,モンテディオ山形,A,0.3342451814896691,0.26989046021760726,0.39586435829272376,0.49491830903796824
3,1574,浦和レッズ,ヴィッセル神戸,H,0.30217033585564024,0.3367214803515139,0.36110818379284587,0.6411700437559954
3,1574,アビスパ福岡,横浜FC,H,0.3478185250007433,0.12940724663776734,0.5227742283614893,0.32502084391917835
3,1574,名古屋グランパス,セレッソ大阪,H,0.32498984803329206,0.15137869901861387,0.5236314529480941,0.2961637338701611
3,1574,京都サンガF.C.,川崎フロンターレ,D,0.40905043158449816,0.10374863258419967,0.4872009358313022,0.1845477236557511
3,1574,柏レイソル,横浜F・マリノス,H,0.5112654274813876,0.2357025943303133,0.25303197818829903,0.42232422229413497
3,1574,サンフレッチェ広島,町田,H,0.5400622507353587,0.09252916221388593,0.3674085870507554,0.19874469741120973
3,1574,アルビレックス新潟,ファジアーノ岡山,A,0.26295986357342943,0.18581994222086146,0.5512201942057092,0.4719996122000845
3,1574,清水エスパルス,FC東京,H,0.3782196737849071,0.22465111762677642,0.39712920858831646,0.5309067891694476
3,1574,鹿島アントラーズ,ガンバ大阪,D,0.5409250222502625,0.24491198665577008,0.21416299109396736,0.5913763427659721
3,1575,横浜FC,0,D,0.3213163185854679,0.24277506291982687,0.4359086184947052,0.44895752662725685
3,1575,川崎フロンターレ,3,H,0.24212304277658714,0.22064575969144512,0.5372311975319677,0.5219621419558131
3,1576,ｺｿﾎﾞ,ｽﾛﾍﾞﾆｱ,D,0.38260547353803853,0.2408297756356475,0.37656475082631385,0.5104744265271471
3,1576,ﾏﾙﾀ,ｵﾗﾝﾀﾞ,A,0.38260547353803853,0.2408297756356475,0.37656475082631385,0.5104744265271471
3,1576,ﾌｪﾛｰ,ﾓﾝﾃﾈｸﾞ,H,0.38260547353803853,0.2408297756356475,0.37656475082631385,0.5104744265271471
3,1576,ﾍﾞﾙｷﾞｰ,北マケ,D,0.38260547353803853,0.2408297756356475,0.37656475082631385,0.5104744265271471
3,1576,ｵｰｽﾄﾘｱ,ｻﾝﾏﾘﾉ,H,0.38260547353803853,0.2408297756356475,0.37656475082631385,0.5104744265271471
3,1576,ﾄﾞｲﾂ,ﾙｸｾﾝﾌﾞ,H,0.38260547353803853,0.2408297756356475,0.37656475082631385,0.5104744265271471
3,1576,ﾌｨﾝﾗﾝ,ﾘﾄｱﾆｱ,H,0.38260547353803853,0.2408297756356475,0.37656475082631385,0.5104744265271471
3,1576,ﾌﾗﾝｽ,ｱｾﾞﾙﾊﾞ,H,0.38260547353803853,0.2408297756356475,0.37656475082631385,0.5104744265271471
3,1576,ｽｳｪﾃﾞﾝ,ｽｲｽ,A,0.38260547353803853,0.2408297756356475,0.37656475082631385,0.5104744265271471
3,1576,ｷﾌﾟﾛｽ,ﾎﾞｽﾆｱ,D,0.38260547353803853,0.2408297756356475,0.37656475082631385,0.5104744265271471
3,1576,ｽｺｯﾄﾗﾝ,ｷﾞﾘｼｬ,A,0.38260547353803853,0.2408297756356475,0.37656475082631385,0.5104744265271471
3,1576,ﾁｪｺ,ｸﾛｱﾁｱ,H,0.38260547353803853,0.2408297756356475,0.37656475082631385,0.5104744265271471
3,1576,北アイ,ｽﾛﾊﾞｷｱ,H,0.38260547353803853,0.2408297756356475,0.37656475082631385,0.5104744265271471
3,1577,北九州,鹿児島,D,0.2971900468810459,0.2051985219676761,0.497611431151278,0.5518397916844013
3,1577,柏レイソル,川崎フロンターレ,A,0.5412628381538347,0.12335344798055196,0.3353837138656134,0.23014434314862137
3,1577,サンフレッチェ広島,横浜FC,H,0.2487996252341444,0.3538412520588447,0.39735912270701085,0.5853241705071149
3,1577,栃木SC,福島,H,0.2575975434497178,0.1009472682716072,0.641455188278675,0.18149688687615925
3,1578,北マケ,ｶｻﾞﾌ,D,0.38260547353803853,0.2408297756356475,0.37656475082631385,0.5104744265271471
3,1578,ﾘﾄｱﾆｱ,ﾎﾟｰﾗﾝ,A,0.38260547353803853,0.2408297756356475,0.37656475082631385,0.5104744265271471
3,1578,ﾌｪﾛｰ,ﾁｪｺ,H,0.38260547353803853,0.2408297756356475,0.37656475082631385,0.5104744265271471
3,1578,ｸﾛｱﾁｱ,ｼﾞﾌﾞﾗﾙ,H,0.38260547353803853,0.2408297756356475,0.37656475082631385,0.5104744265271471
3,1578,北アイ,ﾄﾞｲﾂ,A,0.38260547353803853,0.2408297756356475,0.37656475082631385,0.5104744265271471
3,1578,ｽｳｪﾃﾞﾝ,ｺｿﾎﾞ,A,0.38260547353803853,0.2408297756356475,0.37656475082631385,0.5104744265271471
3,1578,ｱｲｽﾗﾝ,ﾌﾗﾝｽ,D,0.38260547353803853,0.2408297756356475,0.37656475082631385,0.5104744265271471
3,1578,ｽﾛﾍﾞﾆｱ,ｽｲｽ,D,0.38260547353803853,0.2408297756356475,0.37656475082631385,0.5104744265271471
3,1578,ｳｪｰﾙｽﾞ,ﾍﾞﾙｷﾞｰ,A,0.38260547353803853,0.2408297756356475,0.37656475082631385,0.5104744265271471
3,1578,ﾃﾞﾝﾏｰｸ,ｷﾞﾘｼｬ,H,0.38260547353803853,0.2408297756356475,0.37656475082631385,0.5104744265271471
3,1578,ﾙｰﾏﾆｱ,ｵｰｽﾄﾘｱ,A,0.38260547353803853,0.2408297756356475,0.37656475082631385,0.5104744265271471
3,1578,ｵﾗﾝﾀﾞ,ﾌｨﾝﾗﾝ,H,0.38260547353803853,0.2408297756356475,0.37656475082631385,0.5104744265271471
3,1578,ｽﾛﾊﾞｷｱ,ﾙｸｾﾝﾌﾞ,H,0.38260547353803853,0.2408297756356475,0.37656475082631385,0.5104744265271471
3,1579,サンフレッチェ広島,0,D,0.11160248857058257,0.3080804173536633,0.580317094075754,0.5789310287786275
3,1579,ヴィッセル神戸,0,H,0.2099918534285819,0.17103067053014326,0.6189774760412747,0.34631685630902764
3,1580,サガン鳥栖,ブラウブリッツ秋田,H,0.33236013446965623,0.2133148882730474,0.4543249772572962,0.3962963617984774
3,1580,富山,北海道コンサドーレ札幌,A,0.6472085199427461,0.19096590116881637,0.16182557888843738,0.48622553953611813
3,1580,モンテディオ山形,熊本,D,0.23795599666380304,0.4219038799985433,0.34014012333765364,0.667828694390128
3,1580,大分,ベガルタ仙台,D,0.5200945652052821,0.23112248913241018,0.2487829456623077,0.5399982010283192
3,1580,FC今治,山口,D,0.36175777293089645,0.10867083874079225,0.5295713883283112,0.1283080627850993
3,1580,横浜F・マリノス,浦和レッズ,H,0.3526258663559382,0.0959573899896014,0.5514167436544604,0.10453810213591604
3,1580,町田,アビスパ福岡,D,0.4884472071205307,0.11023818783458378,0.4013146050448855,0.17050937220309964
3,1580,横浜FC,名古屋グランパス,D,0.34774108349338373,0.19806131297794516,0.454197603528671,0.45236374936032986
3,1580,川崎フロンターレ,清水エスパルス,H,0.53643674711017,0.21698308491630922,0.24658016797352084,0.383041028290126
3,1580,ファジアーノ岡山,セレッソ大阪,A,0.349825928655223,0.17671271548154144,0.4734613558632355,0.4050637149362333
3,1580,ガンバ大阪,柏レイソル,A,0.35396791971991093,0.16818832823726446,0.4778437520428246,0.44730031062031994
3,1580,東京ヴェルディ,アルビレックス新潟,H,0.34083087063972917,0.2654456224279644,0.3937235069323064,0.6217595765875471
3,1580,湘南ベルマーレ,京都サンガF.C.,D,0.6976403783039539,0.12091931021649983,0.18144031147954626,0.2939355977999487
4,1582,山口,富山,H,0.31276439083795915,0.29885992870041433,0.38837568046162657,0.5682035883445966
4,1582,北海道コンサドーレ札幌,水戸ホーリーホック,A,0.2573020576418968,0.32639028324354147,0.4163076591145618,0.5766121418368535
4,1582,アビスパ福岡,湘南ベルマーレ,H,0.2440994748307645,0.2768068861162035,0.47909363905303193,0.34857505447050097
4,1582,アルビレックス新潟,ヴィッセル神戸,D,0.5124492368451007,0.22985650633549276,0.2576942568194065,0.44399068120347474
4,1582,京都サンガF.C.,鹿島アントラーズ,D,0.2713876279950701,0.2227161641997756,0.5058962078051543,0.6042846062962315
4,1582,横浜F・マリノス,サンフレッチェ広島,H,0.6787822211157792,0.1935986135752319,0.12761916530898884,0.4972125772554787
4,1582,FC東京,ファジアーノ岡山,H,0.29834173949527676,0.25735878975308246,0.4442994707516407,0.4962254035965737
4,1582,ブラウブリッツ秋田,ジェフユナイテッド千葉,D,0.39721655466001676,0.19393858288322638,0.40884486245675683,0.33941689449873474
4,1582,名古屋グランパス,ガンバ大阪,A,0.2841724733669877,0.1889456745139318,0.5268818521190806,0.4895298572544548
4,1582,柏レイソル,横浜FC,H,0.2726561907893022,0.1767057645538698,0.5506380446568281,0.35317455415651566
4,1582,清水エスパルス,東京ヴェルディ,A,0.2085205359249719,0.1863564413970054,0.6051230226780226,0.43212764239007084
4,1582,浦和レッズ,町田,H,0.41047721170646073,0.14606561650825728,0.443457171785282,0.3404954789837091
4,1582,セレッソ大阪,川崎フロンターレ,H,0.5634730268883689,0.24332110479293567,0.1932058683186954,0.4133967266561858
4,1583,八戸,北九州,A,0.570141417354267,0.14495489853627436,0.2849036841094585,0.3240206117513097
4,1583,ジェフユナイテッド千葉,北海道コンサドーレ札幌,H,0.3681411601410916,0.23640102879117636,0.39545781106773203,0.38801777042014496
4,1583,栃木SC,岐阜,A,0.4584254881524402,0.14990035403240645,0.39167415781515336,0.3004760773953347
4,1583,サガン鳥栖,徳島ヴォルティス,D,0.4278123855752177,0.11478355667773028,0.45740405774705195,0.1891194319861931
4,1583,FC今治,ベガルタ仙台,H,0.3177680366062391,0.14868849760598588,0.5335434657877749,0.2631047591753193
4,1583,富山,愛媛FC,D,0.4587058167690113,0.15676334729013602,0.38453083594085263,0.27759844954381585
4,1583,大宮,ブラウブリッツ秋田,H,0.3190224089351207,0.3045964567019869,0.37638113436289244,0.5462664643335019
4,1583,大分,モンテディオ山形,A,0.5356896137770253,0.17720711469580025,0.28710327152717446,0.510822518312938
4,1583,ジュビロ磐田,V・ファーレン長崎,H,0.4703864010064477,0.17626848789695287,0.35334511109659944,0.3584427845706441
4,1583,ヴァンフォーレ甲府,水戸ホーリーホック,A,0.4655710461781505,0.3216322560515116,0.21279669777033794,0.5781067431471354
4,1583,熊本,山口,A,0.37311723338544445,0.20364630854189636,0.42323645807265914,0.42401369179691617
4,1583,いわきFC,藤枝MYFC,A,0.28089899562697324,0.2963596372206471,0.4227413671523796,0.5526317061291735
4,1583,柏レイソル,サンフレッチェ広島,H,0.4041308646427324,0.21687897101282852,0.37899016434443905,0.48495743409558517
4,1585,鹿島アントラーズ,横浜FC,H,0.32896912518463983,0.2508124217052995,0.42021845311006045,0.5831543768605338
4,1585,京都サンガF.C.,横浜F・マリノス,A,0.3695844212847448,0.15880692274589717,0.471608655969358,0.326563473414731
4,1585,サンフレッチェ広島,浦和レッズ,H,0.2617745145672451,0.12260222636797644,0.6156232590647784,0.3085654326560597
4,1585,町田,FC東京,A,0.26402599110212804,0.16275426405180643,0.5732197448460654,0.2913577364726934
4,1585,ガンバ大阪,ヴィッセル神戸,D,0.36078529671401866,0.1455096189073444,0.4937050843786369,0.3143353628866498
4,1585,湘南ベルマーレ,アルビレックス新潟,A,0.3998014781186314,0.2478941836958699,0.35230433818549856,0.4061960464543818
4,1585,川崎フロンターレ,ファジアーノ岡山,D,0.38065466403320347,0.12650455058729804,0.4928407853794984,0.20643493082313083
4,1585,ベガルタ仙台,熊本,H,0.41274138450424924,0.25434503781715745,0.33291357767859325,0.5938693637203929
4,1585,清水エスパルス,セレッソ大阪,A,0.4459642154562453,0.17902863390792673,0.3750071506358279,0.4418167150821588
4,1585,柏レイソル,名古屋グランパス,H,0.38229341703010117,0.3296081154993433,0.28809846747055556,0.6860362260202646
4,1585,北海道コンサドーレ札幌,大分,H,0.1237090260780771,0.19387149500048112,0.6824194789214417,0.39660607570091
4,1585,東京ヴェルディ,アビスパ福岡,D,0.28830675394752414,0.08928146313524037,0.6224117829172354,0.19923602514157485
4,1585,徳島ヴォルティス,ヴァンフォーレ甲府,H,0.34222821149864113,0.31041567658676605,0.34735611191459276,0.5701437407931778
4,1586,ﾓﾙﾄﾞﾊﾞ,ｲﾀﾘｱ,A,0.36916029822183616,0.24405383472839898,0.3867858670497648,0.5058778590554764
4,1586,ｼﾞﾌﾞﾗﾙ,ﾓﾝﾃﾈｸﾞ,A,0.36916029822183616,0.24405383472839898,0.3867858670497648,0.5058778590554764
4,1586,ｸﾛｱﾁｱ,ﾌｪﾛｰ,H,0.36916029822183616,0.24405383472839898,0.3867858670497648,0.5058778590554764
4,1586,ｱｾﾞﾙﾊﾞ,ｱｲｽﾗﾝ,A,0.36916029822183616,0.24405383472839898,0.3867858670497648,0.5058778590554764
4,1586,ﾉﾙｳｪｰ,ｴｽﾄﾆｱ,H,0.36916029822183616,0.24405383472839898,0.3867858670497648,0.5058778590554764
4,1586,ｱﾙﾒﾆｱ,ﾊﾝｶﾞﾘｰ,A,0.36916029822183616,0.24405383472839898,0.3867858670497648,0.5058778590554764
4,1586,ｲﾝｸﾞﾗﾝ,ｾﾙﾋﾞｱ,H,0.36916029822183616,0.24405383472839898,0.3867858670497648,0.5058778590554764
4,1586,ｱｲﾙﾗﾝ,ﾎﾟﾙﾄｶﾞ,A,0.36916029822183616,0.24405383472839898,0.3867858670497648,0.5058778590554764
4,1586,ﾎﾟｰﾗﾝ,ｵﾗﾝﾀﾞ,D,0.36916029822183616,0.24405383472839898,0.3867858670497648,0.5058778590554764
4,1586,ﾙｸｾﾝﾌﾞ,ﾄﾞｲﾂ,A,0.36916029822183616,0.24405383472839898,0.3867858670497648,0.5058778590554764
4,1586,ｽﾛﾊﾞｷｱ,北アイ,H,0.36916029822183616,0.24405383472839898,0.3867858670497648,0.5058778590554764
4,1586,ﾌｨﾝﾗﾝ,ﾏﾙﾀ,A,0.36916029822183616,0.24405383472839898,0.3867858670497648,0.5058778590554764
4,1586,ｱﾝﾄﾞﾗ,ｱﾙﾊﾞﾆｱ,A,0.36916029822183616,0.24405383472839898,0.3867858670497648,0.5058778590554764
4,1587,沼津,群馬,A,0.2954607027878154,0.14310343833020792,0.5614358588819767,0.39687817615136306
4,1587,ヴィッセル神戸,サンフレッチェ広島,A,0.33094639291513056,0.19876213150344405,0.47029147558142537,0.49726355212623047
4,1587,高知,八戸,D,0.3828082807632626,0.14076832061014252,0.4764233986265948,0.18917225467225274
4,1587,長野,宮崎,A,0.4911905502913603,0.1355338883411689,0.37327556136747075,0.26980239046066334
4,1587,町田,FC東京,H,0.27398873152640485,0.2201908126026328,0.5058204558709622,0.37932549150125155
4,1588,ｳｪｰﾙｽﾞ,北マケ,H,0.36916029822183616,0.24405383472839898,0.3867858670497648,0.5058778590554764
4,1588,ﾓﾝﾃﾈｸﾞ,ｸﾛｱﾁｱ,A,0.36916029822183616,0.24405383472839898,0.3867858670497648,0.5058778590554764
4,1588,ｺｿﾎﾞ,ｽｲｽ,D,0.36916029822183616,0.24405383472839898,0.3867858670497648,0.5058778590554764
4,1588,ｵﾗﾝﾀﾞ,ﾘﾄｱﾆｱ,H,0.36916029822183616,0.24405383472839898,0.3867858670497648,0.5058778590554764
4,1588,ｽﾍﾟｲﾝ,ﾄﾙｺ,A,0.36916029822183616,0.24405383472839898,0.3867858670497648,0.5058778590554764
4,1588,ｽｺｯﾄﾗﾝ,ﾃﾞﾝﾏｰｸ,H,0.36916029822183616,0.24405383472839898,0.3867858670497648,0.5058778590554764
4,1588,ﾄﾞｲﾂ,ｽﾛﾊﾞｷｱ,H,0.36916029822183616,0.24405383472839898,0.3867858670497648,0.5058778590554764
4,1588,ｵｰｽﾄﾘｱ,ﾎﾞｽﾆｱ,D,0.36916029822183616,0.24405383472839898,0.3867858670497648,0.5058778590554764
4,1588,ﾙｰﾏﾆｱ,ｻﾝﾏﾘﾉ,H,0.36916029822183616,0.24405383472839898,0.3867858670497648,0.5058778590554764
4,1588,ﾌﾞﾙｶﾞﾘ,ｼﾞｮｼﾞｱ,H,0.36916029822183616,0.24405383472839898,0.3867858670497648,0.5058778590554764
4,1588,ｽｳｪﾃﾞﾝ,ｽﾛﾍﾞﾆｱ,D,0.36916029822183616,0.24405383472839898,0.3867858670497648,0.5058778590554764
4,1588,ﾏﾙﾀ,ﾎﾟｰﾗﾝ,A,0.36916029822183616,0.24405383472839898,0.3867858670497648,0.5058778590554764
4,1588,北アイ,ﾙｸｾﾝﾌﾞ,H,0.36916029822183616,0.24405383472839898,0.3867858670497648,0.5058778590554764
4,1589,群馬,松本,H,0.27940005506620874,0.1704977062749496,0.5501022386588416,0.3352451415902991
4,1589,鹿児島,FC琉球,D,0.4405478227389541,0.14517769958335508,0.4142744776776909,0.23665288793585457
4,1589,愛媛FC,熊本,D,0.31817394366644225,0.15980650241108532,0.5220195539224723,0.28784806001708724
4,1589,大分,ジェフユナイテッド千葉,H,0.30104579280166954,0.26206832440535394,0.4368858827929766,0.6130900190065312
4,1589,いわきFC,山口,A,0.26982468564816825,0.10983437354772982,0.620340940804102,0.2391410613528967
4,1589,藤枝MYFC,サガン鳥栖,D,0.3845762914223267,0.3438638439069521,0.2715598646707211,0.6674462618104043
4,1589,大宮,徳島ヴォルティス,A,0.4325610508540862,0.2100867483487254,0.35735220079718844,0.42523969779207377
4,1589,ヴァンフォーレ甲府,富山,A,0.3962806177658237,0.22125911999413292,0.38246026224004337,0.3110306458092581
4,1589,ブラウブリッツ秋田,ベガルタ仙台,D,0.47700845793632574,0.26599527049139476,0.25699627157227944,0.5557194798493184
4,1589,V・ファーレン長崎,水戸ホーリーホック,H,0.4266494365962102,0.21943827370505484,0.35391228969873495,0.3912517643500129
4,1589,八戸,讃岐,A,0.3317474332051631,0.1479540114279658,0.5202985553668711,0.24559298743420502
4,1589,ジュビロ磐田,モンテディオ山形,D,0.3965129445832072,0.18583415952301538,0.4176528958937773,0.3879432391951611
4,1589,FC今治,北海道コンサドーレ札幌,D,0.3661715034679073,0.23925896076493391,0.3945695357671587,0.37602817554892254
4,1591,川崎フロンターレ,サンフレッチェ広島,A,0.4642662099466513,0.15371476293051378,0.382019027122835,0.19516355199255267
4,1591,町田,名古屋グランパス,H,0.28468018158982633,0.22441540327426263,0.4909044151359111,0.37601467754503454
4,1591,アルビレックス新潟,柏レイソル,A,0.47402763608547777,0.24064930083068553,0.2853230630838367,0.4759928477295867
4,1591,ファジアーノ岡山,浦和レッズ,A,0.38482755729447116,0.23912809343832547,0.3760443492672033,0.5174938156857419
4,1591,東京ヴェルディ,鹿島アントラーズ,A,0.5726477121540706,0.2405352407961456,0.18681704704978372,0.5778508218855328
4,1591,湘南ベルマーレ,清水エスパルス,H,0.381135466434379,0.2281041384675456,0.39076039509807536,0.5343449546584137
4,1591,北海道コンサドーレ札幌,愛媛FC,H,0.3334077516764075,0.2616666611664223,0.4049255871571702,0.4527754525898686
4,1591,ベガルタ仙台,いわきFC,A,0.49208437300056806,0.1777949155938787,0.3301207114055531,0.5043668368680524
4,1591,横浜FC,京都サンガF.C.,A,0.47825194327852605,0.22198746404828937,0.29976059267318467,0.41386051473124996
4,1591,横浜F・マリノス,セレッソ大阪,H,0.3635611065947575,0.18855776077948755,0.4478811326257548,0.4316198845271327
4,1591,徳島ヴォルティス,V・ファーレン長崎,D,0.37369481712002417,0.11600347833091654,0.5103017045490592,0.24004689772447857
4,1591,ヴィッセル神戸,FC東京,D,0.2299537118329265,0.18290900779846875,0.5871372803686048,0.41332588275791904
4,1591,アビスパ福岡,ガンバ大阪,H,0.3025049752650514,0.12836528274443587,0.5691297419905127,0.41986987635803186
4,1592,FC東京,アルビレックス新潟,H,0.3125854337997006,0.17012249641364913,0.5172920697866502,0.415589065734154
4,1592,名古屋グランパス,アビスパ福岡,A,0.35365990562492566,0.2939728331435261,0.3523672612315483,0.43217983129541
4,1592,鹿島アントラーズ,横浜F・マリノス,H,0.5200391013202331,0.2775327631631359,0.20242813551663102,0.5996987544349703
4,1592,サンフレッチェ広島,湘南ベルマーレ,H,0.22559038739728363,0.3832518527422795,0.39115775986043677,0.5282822438126275
4,1592,ガンバ大阪,東京ヴェルディ,H,0.32052570447280826,0.2194861230706756,0.459988172456516,0.2926653010814125
4,1593,ﾏﾝC,ｻﾝﾀﾞｰ,H,0.36916029822183616,0.24405383472839898,0.3867858670497648,0.5058778590554764
4,1593,ﾎﾞﾝﾏｳｽ,ﾁｪﾙｼｰ,D,0.36916029822183616,0.24405383472839898,0.3867858670497648,0.5058778590554764
4,1593,ｹﾙﾝ,ﾊﾟｳﾘ,D,0.36916029822183616,0.24405383472839898,0.3867858670497648,0.5058778590554764
4,1593,ﾗｲﾌﾟﾂｨ,ﾌﾗﾝｸﾌﾙ,H,0.36916029822183616,0.24405383472839898,0.3867858670497648,0.5058778590554764
4,1593,ｱｳｸﾞｽ,ﾚｳﾞｧｰ,H,0.36916029822183616,0.24405383472839898,0.3867858670497648,0.5058778590554764
4,1593,ｼｭﾂｯﾄ,ﾊﾞｲｴﾙﾝ,H,0.36916029822183616,0.24405383472839898,0.3867858670497648,0.5058778590554764
4,1593,ﾊｲﾃﾞﾝﾊ,ﾌﾗｲﾌﾞﾙ,A,0.36916029822183616,0.24405383472839898,0.3867858670497648,0.5058778590554764
4,1593,ﾄﾃﾅﾑ,ﾌﾞﾚﾝﾄ,H,0.36916029822183616,0.24405383472839898,0.3867858670497648,0.5058778590554764
4,1593,ｱｽﾄﾝ,ｱｰｾﾅﾙ,H,0.36916029822183616,0.24405383472839898,0.3867858670497648,0.5058778590554764
4,1593,ｳﾞｫﾙﾌｽ,ｳﾆｵﾝ,H,0.36916029822183616,0.24405383472839898,0.3867858670497648,0.5058778590554764
4,1593,ﾆｭｶｯｽﾙ,ﾊﾞｰﾝﾘｰ,H,0.36916029822183616,0.24405383472839898,0.3867858670497648,0.5058778590554764
4,1593,ｴｳﾞｧﾄﾝ,ﾉｯﾃｨﾝ,H,0.36916029822183616,0.24405383472839898,0.3867858670497648,0.5058778590554764
4,1593,ﾘｰｽﾞ,ﾘｳﾞｧﾌﾟ,D,0.36916029822183616,0.24405383472839898,0.3867858670497648,0.5058778590554764
5,1595,ﾊﾟｳﾘ,ﾊｲﾃﾞﾝﾊ,H,0.3555892334151631,0.23742304580208423,0.4069877207827527,0.49095821186952926
5,1595,ﾚｳﾞｧｰ,ｹﾙﾝ,H,0.3555892334151631,0.23742304580208423,0.4069877207827527,0.49095821186952926
5,1595,ﾌﾗﾝｸﾌﾙ,ｱｳｸﾞｽ,H,0.3555892334151631,0.23742304580208423,0.4069877207827527,0.49095821186952926
5,1595,ﾌﾞﾚｰﾒﾝ,ｼｭﾂｯﾄ,A,0.3555892334151631,0.23742304580208423,0.4069877207827527,0.49095821186952926
5,1595,ﾎｯﾌｪﾝ,ﾊﾝﾌﾞﾙｶ,A,0.3555892334151631,0.23742304580208423,0.4069877207827527,0.49095821186952926
5,1595,ﾌﾗｲﾌﾞﾙ,ﾄﾞﾙﾄ,D,0.3555892334151631,0.23742304580208423,0.4069877207827527,0.49095821186952926
5,1595,ﾊﾞｲｴﾙﾝ,ﾏｲﾝﾂ,D,0.3555892334151631,0.23742304580208423,0.4069877207827527,0.49095821186952926
5,1595,ﾌﾞﾚﾝﾄ,ﾘｰｽﾞ,D,0.3555892334151631,0.23742304580208423,0.4069877207827527,0.49095821186952926
5,1595,ﾉｯﾃｨﾝ,ﾄﾃﾅﾑ,H,0.3555892334151631,0.23742304580208423,0.4069877207827527,0.49095821186952926
5,1595,ﾒﾝﾍﾝ,ｳﾞｫﾙﾌｽ,A,0.3555892334151631,0.23742304580208423,0.4069877207827527,0.49095821186952926
5,1595,ﾘｳﾞｧﾌﾟ,ﾌﾞﾗｲﾄﾝ,H,0.3555892334151631,0.23742304580208423,0.4069877207827527,0.49095821186952926
5,1595,ｸﾘｽﾀﾙ,ﾏﾝC,A,0.3555892334151631,0.23742304580208423,0.4069877207827527,0.49095821186952926
5,1595,ｱｰｾﾅﾙ,ｳﾙｳﾞｧｰ,H,0.3555892334151631,0.23742304580208423,0.4069877207827527,0.49095821186952926
5,1596,ｼｭﾂｯﾄ,ﾎｯﾌｪﾝ,H,0.3555892334151631,0.23742304580208423,0.4069877207827527,0.49095821186952926
5,1596,ｳﾞｫﾙﾌｽ,ﾌﾗｲﾌﾞﾙ,A,0.3555892334151631,0.23742304580208423,0.4069877207827527,0.49095821186952926
5,1596,ﾎﾞﾝﾏｳｽ,ﾊﾞｰﾝﾘｰ,D,0.3555892334151631,0.23742304580208423,0.4069877207827527,0.49095821186952926
5,1596,ｴｳﾞｧﾄﾝ,ｱｰｾﾅﾙ,A,0.3555892334151631,0.23742304580208423,0.4069877207827527,0.49095821186952926
5,1596,ﾊﾝﾌﾞﾙｶ,ﾌﾗﾝｸﾌﾙ,D,0.3555892334151631,0.23742304580208423,0.4069877207827527,0.49095821186952926
5,1596,ｱｳｸﾞｽ,ﾌﾞﾚｰﾒﾝ,A,0.3555892334151631,0.23742304580208423,0.4069877207827527,0.49095821186952926
5,1596,ﾗｲﾌﾟﾂｨ,ﾚｳﾞｧｰ,A,0.3555892334151631,0.23742304580208423,0.4069877207827527,0.49095821186952926
5,1596,ﾄﾃﾅﾑ,ﾘｳﾞｧﾌﾟ,A,0.3555892334151631,0.23742304580208423,0.4069877207827527,0.49095821186952926
5,1596,ﾌﾞﾗｲﾄﾝ,ｻﾝﾀﾞｰ,D,0.3555892334151631,0.23742304580208423,0.4069877207827527,0.49095821186952926
5,1596,ｹﾙﾝ,ｳﾆｵﾝ,A,0.3555892334151631,0.23742304580208423,0.4069877207827527,0.49095821186952926
5,1596,ﾆｭｶｯｽﾙ,ﾁｪﾙｼｰ,D,0.3555892334151631,0.23742304580208423,0.4069877207827527,0.49095821186952926
5,1596,ﾘｰｽﾞ,ｸﾘｽﾀﾙ,H,0.3555892334151631,0.23742304580208423,0.4069877207827527,0.49095821186952926
5,1596,ﾏﾝC,ｳｪｽﾄﾊﾑ,H,0.3555892334151631,0.23742304580208423,0.4069877207827527,0.49095821186952926
5,1597,ﾏﾝU,ﾆｭｶｯｽﾙ,H,0.3555892334151631,0.23742304580208423,0.4069877207827527,0.49095821186952926
5,1597,ﾉｯﾃｨﾝ,ﾏﾝC,A,0.3555892334151631,0.23742304580208423,0.4069877207827527,0.49095821186952926
5,1597,ﾘｳﾞｧﾌﾟ,ｳﾙｳﾞｧｰ,H,0.3555892334151631,0.23742304580208423,0.4069877207827527,0.49095821186952926
5,1597,ﾌﾞﾚﾝﾄ,ﾎﾞﾝﾏｳｽ,H,0.3555892334151631,0.23742304580208423,0.4069877207827527,0.49095821186952926
5,1597,ｱｰｾﾅﾙ,ﾌﾞﾗｲﾄﾝ,H,0.3555892334151631,0.23742304580208423,0.4069877207827527,0.49095821186952926
5,1598,ﾊﾞｰﾝﾘｰ,ﾆｭｶｯｽﾙ,A,0.3555892334151631,0.23742304580208423,0.4069877207827527,0.49095821186952926
5,1598,ﾁｪﾙｼｰ,ﾎﾞﾝﾏｳｽ,H,0.3555892334151631,0.23742304580208423,0.4069877207827527,0.49095821186952926
5,1598,ｳｪｽﾄﾊﾑ,ﾌﾞﾗｲﾄﾝ,A,0.3555892334151631,0.23742304580208423,0.4069877207827527,0.49095821186952926
5,1598,ｱｰｾﾅﾙ,ｱｽﾄﾝ,H,0.3555892334151631,0.23742304580208423,0.4069877207827527,0.49095821186952926
5,1598,ﾏﾝU,ｳﾙｳﾞｧｰ,D,0.3555892334151631,0.23742304580208423,0.4069877207827527,0.49095821186952926
5,1599,ﾌﾞﾚﾝﾄ,0,D,0.3555892334151631,0.23742304580208423,0.4069877207827527,0.49095821186952926
5,1599,ﾘｳﾞｧﾌﾟ,0,D,0.3555892334151631,0.23742304580208423,0.4069877207827527,0.49095821186952926
5,1599,ｸﾘｽﾀﾙ,1,H,0.3555892334151631,0.23742304580208423,0.4069877207827527,0.49095821186952926
5,1600,ﾆｭｶｯｽﾙ,ｸﾘｽﾀﾙ,H,0.3555892334151631,0.23742304580208423,0.4069877207827527,0.49095821186952926
5,1600,ﾘｰｽﾞ,ﾏﾝU,H,0.3555892334151631,0.23742304580208423,0.4069877207827527,0.49095821186952926
5,1600,ﾌﾗﾑ,ﾘｳﾞｧﾌﾟ,A,0.3555892334151631,0.23742304580208423,0.4069877207827527,0.49095821186952926
5,1600,ﾄﾃﾅﾑ,ｻﾝﾀﾞｰ,D,0.3555892334151631,0.23742304580208423,0.4069877207827527,0.49095821186952926
5,1600,ﾏﾝC,ﾁｪﾙｼｰ,D,0.3555892334151631,0.23742304580208423,0.4069877207827527,0.49095821186952926
5,1601,ｸﾘｽﾀﾙ,ｱｽﾄﾝ,A,0.3555892334151631,0.23742304580208423,0.4069877207827527,0.49095821186952926
5,1601,ﾎﾞﾝﾏｳｽ,ﾄﾃﾅﾑ,H,0.3555892334151631,0.23742304580208423,0.4069877207827527,0.49095821186952926
5,1601,ﾆｭｶｯｽﾙ,ﾘｰｽﾞ,H,0.3555892334151631,0.23742304580208423,0.4069877207827527,0.49095821186952926
5,1601,ﾏﾝC,ﾌﾞﾗｲﾄﾝ,D,0.3555892334151631,0.23742304580208423,0.4069877207827527,0.49095821186952926
5,1601,ﾌﾗﾑ,ﾁｪﾙｼｰ,H,0.3555892334151631,0.23742304580208423,0.4069877207827527,0.49095821186952926
5,1602,ﾌﾗﾝｸﾌﾙ,ﾄﾞﾙﾄ,H,0.3555892334151631,0.23742304580208423,0.4069877207827527,0.49095821186952926
5,1602,ﾌﾞﾚｰﾒﾝ,ﾎｯﾌｪﾝ,A,0.3555892334151631,0.23742304580208423,0.4069877207827527,0.49095821186952926
5,1602,ﾊﾞｲｴﾙﾝ,ｳﾞｫﾙﾌｽ,H,0.3555892334151631,0.23742304580208423,0.4069877207827527,0.49095821186952926
5,1602,ﾌﾗｲﾌﾞﾙ,ﾊﾝﾌﾞﾙｶ,H,0.3555892334151631,0.23742304580208423,0.4069877207827527,0.49095821186952926
5,1603,ﾁｪﾙｼｰ,ﾌﾞﾚﾝﾄ,H,0.3555892334151631,0.23742304580208423,0.4069877207827527,0.49095821186952926
5,1603,ﾏﾝU,ﾏﾝC,H,0.3555892334151631,0.23742304580208423,0.4069877207827527,0.49095821186952926
5,1603,ﾊﾝﾌﾞﾙｶ,ﾒﾝﾍﾝ,A,0.3555892334151631,0.23742304580208423,0.4069877207827527,0.49095821186952926
5,1603,ﾄﾞﾙﾄ,ﾊﾟｳﾘ,H,0.3555892334151631,0.23742304580208423,0.4069877207827527,0.49095821186952926
5,1603,ｹﾙﾝ,ﾏｲﾝﾂ,H,0.3555892334151631,0.23742304580208423,0.4069877207827527,0.49095821186952926
5,1603,ﾗｲﾌﾟﾂｨ,ﾊﾞｲｴﾙﾝ,A,0.3555892334151631,0.23742304580208423,0.4069877207827527,0.49095821186952926
5,1603,ﾎｯﾌｪﾝ,ﾚｳﾞｧｰ,H,0.3555892334151631,0.23742304580208423,0.4069877207827527,0.49095821186952926
5,1603,ｻﾝﾀﾞｰ,ｸﾘｽﾀﾙ,H,0.3555892334151631,0.23742304580208423,0.4069877207827527,0.49095821186952926
5,1603,ﾘｳﾞｧﾌﾟ,ﾊﾞｰﾝﾘｰ,D,0.3555892334151631,0.23742304580208423,0.4069877207827527,0.49095821186952926
5,1603,ｳﾞｫﾙﾌｽ,ﾊｲﾃﾞﾝﾊ,D,0.3555892334151631,0.23742304580208423,0.4069877207827527,0.49095821186952926
5,1603,ﾄﾃﾅﾑ,ｳｪｽﾄﾊﾑ,A,0.3555892334151631,0.23742304580208423,0.4069877207827527,0.49095821186952926
5,1603,ﾘｰｽﾞ,ﾌﾗﾑ,H,0.3555892334151631,0.23742304580208423,0.4069877207827527,0.49095821186952926
5,1603,ﾉｯﾃｨﾝ,ｱｰｾﾅﾙ,D,0.3555892334151631,0.23742304580208423,0.4069877207827527,0.49095821186952926
5,1604,ﾌﾗﾑ,ﾌﾞﾗｲﾄﾝ,H,0.3555892334151631,0.23742304580208423,0.4069877207827527,0.49095821186952926
5,1604,ﾎﾞﾝﾏｳｽ,ﾘｳﾞｧﾌﾟ,H,0.3555892334151631,0.23742304580208423,0.4069877207827527,0.49095821186952926
5,1604,ﾚｳﾞｧｰ,ﾌﾞﾚｰﾒﾝ,H,0.3555892334151631,0.23742304580208423,0.4069877207827527,0.49095821186952926
5,1604,ﾌﾗｲﾌﾞﾙ,ｹﾙﾝ,H,0.3555892334151631,0.23742304580208423,0.4069877207827527,0.49095821186952926
5,1604,ﾒﾝﾍﾝ,ｼｭﾂｯﾄ,A,0.3555892334151631,0.23742304580208423,0.4069877207827527,0.49095821186952926
5,1604,ﾊﾞｰﾝﾘｰ,ﾄﾃﾅﾑ,D,0.3555892334151631,0.23742304580208423,0.4069877207827527,0.49095821186952926
5,1604,ｸﾘｽﾀﾙ,ﾁｪﾙｼｰ,A,0.3555892334151631,0.23742304580208423,0.4069877207827527,0.49095821186952926
5,1604,ｱｰｾﾅﾙ,ﾏﾝU,A,0.3555892334151631,0.23742304580208423,0.4069877207827527,0.49095821186952926
5,1604,ﾏｲﾝﾂ,ｳﾞｫﾙﾌｽ,H,0.3555892334151631,0.23742304580208423,0.4069877207827527,0.49095821186952926
5,1604,ﾊｲﾃﾞﾝﾊ,ﾗｲﾌﾟﾂｨ,A,0.3555892334151631,0.23742304580208423,0.4069877207827527,0.49095821186952926
5,1604,ｳﾆｵﾝ,ﾄﾞﾙﾄ,A,0.3555892334151631,0.23742304580208423,0.4069877207827527,0.49095821186952926
5,1604,ﾌﾗﾝｸﾌﾙ,ﾎｯﾌｪﾝ,A,0.3555892334151631,0.23742304580208423,0.4069877207827527,0.49095821186952926
5,1604,ﾊﾞｲｴﾙﾝ,ｱｳｸﾞｽ,H,0.3555892334151631,0.23742304580208423,0.4069877207827527,0.49095821186952926
6,1605,ﾅﾎﾟﾘ,ﾁｪﾙｼｰ,A,0.34043816624701373,0.24199651969070832,0.41756531406227787,0.4979424025426703
6,1605,ﾊﾞﾙｾﾛﾅ,ｺﾍﾟﾝﾊｰ,H,0.34043816624701373,0.24199651969070832,0.41756531406227787,0.4979424025426703
6,1605,ﾄﾞﾙﾄ,ｲﾝﾃﾙ,A,0.34043816624701373,0.24199651969070832,0.41756531406227787,0.4979424025426703
6,1605,ﾘｳﾞｧﾌﾟ,ｶﾗﾊﾞﾌ,H,0.34043816624701373,0.24199651969070832,0.41756531406227787,0.4979424025426703
6,1605,ﾊﾟﾌｫｽ,ｽﾗｳﾞｨｱ,H,0.34043816624701373,0.24199651969070832,0.41756531406227787,0.4979424025426703
6,1605,ﾌﾗﾝｸﾌﾙ,ﾄﾃﾅﾑ,A,0.34043816624701373,0.24199651969070832,0.41756531406227787,0.4979424025426703
6,1605,ｱｲﾝﾄﾎｰ,ﾊﾞｲｴﾙﾝ,A,0.34043816624701373,0.24199651969070832,0.41756531406227787,0.4979424025426703
6,1605,ﾋﾞﾙﾊﾞｵ,ｽﾎﾟﾙﾃｨ,A,0.34043816624701373,0.24199651969070832,0.41756531406227787,0.4979424025426703
6,1605,ｻﾝｼﾞﾛﾜ,ｱﾀﾗﾝﾀ,H,0.34043816624701373,0.24199651969070832,0.41756531406227787,0.4979424025426703
6,1605,ﾍﾞﾝﾌｨｶ,Rﾏﾄﾞﾘｰ,H,0.34043816624701373,0.24199651969070832,0.41756531406227787,0.4979424025426703
6,1605,ﾊﾟﾘSG,ﾆｭｶｯｽﾙ,D,0.34043816624701373,0.24199651969070832,0.41756531406227787,0.4979424025426703
6,1605,ｱｰｾﾅﾙ,ｶｲﾗﾄ,H,0.34043816624701373,0.24199651969070832,0.41756531406227787,0.4979424025426703
6,1605,ﾓﾅｺ,ﾕｳﾞｪﾝﾄ,D,0.34043816624701373,0.24199651969070832,0.41756531406227787,0.4979424025426703
6,1606,ﾗｲﾌﾟﾂｨ,ﾏｲﾝﾂ,A,0.34043816624701373,0.24199651969070832,0.41756531406227787,0.4979424025426703
6,1606,ｱｳｸﾞｽ,ﾊﾟｳﾘ,H,0.34043816624701373,0.24199651969070832,0.41756531406227787,0.4979424025426703
6,1606,ﾄﾞﾙﾄ,ﾊｲﾃﾞﾝﾊ,H,0.34043816624701373,0.24199651969070832,0.41756531406227787,0.4979424025426703
6,1606,ｼｭﾂｯﾄ,ﾌﾗｲﾌﾞﾙ,H,0.34043816624701373,0.24199651969070832,0.41756531406227787,0.4979424025426703
6,1606,ﾘｳﾞｧﾌﾟ,ﾆｭｶｯｽﾙ,H,0.34043816624701373,0.24199651969070832,0.41756531406227787,0.4979424025426703
6,1606,ﾌﾞﾗｲﾄﾝ,ｴｳﾞｧﾄﾝ,D,0.34043816624701373,0.24199651969070832,0.41756531406227787,0.4979424025426703
6,1606,ﾄﾃﾅﾑ,ﾏﾝC,D,0.34043816624701373,0.24199651969070832,0.41756531406227787,0.4979424025426703
6,1606,ﾉｯﾃｨﾝ,ｸﾘｽﾀﾙ,D,0.34043816624701373,0.24199651969070832,0.41756531406227787,0.4979424025426703
6,1606,ﾌﾗﾝｸﾌﾙ,ﾚｳﾞｧｰ,A,0.34043816624701373,0.24199651969070832,0.41756531406227787,0.4979424025426703
6,1606,ﾎｯﾌｪﾝ,ｳﾆｵﾝ,H,0.34043816624701373,0.24199651969070832,0.41756531406227787,0.4979424025426703
6,1606,ﾊﾝﾌﾞﾙｶ,ﾊﾞｲｴﾙﾝ,D,0.34043816624701373,0.24199651969070832,0.41756531406227787,0.4979424025426703
6,1606,ﾌﾞﾚｰﾒﾝ,ﾒﾝﾍﾝ,H,0.34043816624701373,0.24199651969070832,0.41756531406227787,0.4979424025426703
6,1606,ﾘｰｽﾞ,ｱｰｾﾅﾙ,A,0.34043816624701373,0.24199651969070832,0.41756531406227787,0.4979424025426703
6,1607,横浜F・マリノス,2,H,0.13073380127302608,0.3073617289442617,0.5619044697827121,0.5143534268848141
6,1607,京都サンガF.C.,1,H,0.2279083679330362,0.17596226405056725,0.5961293680163966,0.4684120369426874
6,1607,V・ファーレン長崎,1,H,0.1307081303726657,0.1236730291484197,0.7456188404789146,0.21215589455613337
6,1608,川崎フロンターレ,柏レイソル,H,0.32812135626551175,0.33183986021608214,0.3400387835184061,0.5475484683711681
6,1608,東京ヴェルディ,水戸ホーリーホック,H,0.4471321090225724,0.27841413760381595,0.27445375337361155,0.4862728121926239
6,1608,栃木シティ,ベガルタ仙台,A,0.5946874065602258,0.18971858090786078,0.21559401253191335,0.2346194423515466
6,1608,名古屋グランパス,清水エスパルス,H,0.2852099494752166,0.20485878727776552,0.5099312632470179,0.502468181861313
6,1608,いわきFC,北海道コンサドーレ札幌,H,0.4468359433623566,0.18747941255045159,0.36568464408719187,0.3228984820107577
6,1608,愛媛FC,アルビレックス新潟,A,0.2931259826818954,0.3321638755376213,0.37471014178048323,0.6280305562193553
6,1608,横浜FC,モンテディオ山形,A,0.5738023769138467,0.18843822508373104,0.23775939800242232,0.34990176630395114
6,1608,湘南ベルマーレ,ブラウブリッツ秋田,A,0.5494553803574589,0.1388608103979597,0.31168380924458133,0.2411199332563603
6,1608,FC東京,鹿島アントラーズ,A,0.4793971009196627,0.30952232904412197,0.21108057003621528,0.4658154000789113
6,1608,セレッソ大阪,ガンバ大阪,D,0.3938041778069642,0.12793875742407915,0.47825706476895674,0.21331577835401677
6,1608,アビスパ福岡,ファジアーノ岡山,D,0.23390197275307906,0.30248544051736326,0.4636125867295577,0.5089634314872721
6,1608,ジェフユナイテッド千葉,浦和レッズ,H,0.4347372277578247,0.2157476414849371,0.34951513075723806,0.4142033916799427
6,1608,FC琉球,サガン鳥栖,D,0.4992677457537972,0.22587653423875698,0.27485572000744574,0.3239361644113192
6,1609,徳島ヴォルティス,アルビレックス新潟,H,0.5636582792398137,0.20976234920888306,0.22657937155130317,0.45245072084297266
6,1609,大宮,北海道コンサドーレ札幌,H,0.3945348019056848,0.2901667137149816,0.31529848437933355,0.608219661136025
6,1609,栃木シティ,ブラウブリッツ秋田,A,0.37596424932890093,0.18394145552571756,0.4400942951453814,0.3599695595699592
6,1609,ガンバ大阪,名古屋グランパス,D,0.3302674773062547,0.22069287144645994,0.4490396512472854,0.35502684688179453
6,1609,町田,水戸ホーリーホック,A,0.2743005493191104,0.2819304720917193,0.44376897858917014,0.42980919902461595
6,1609,ジェフユナイテッド千葉,川崎フロンターレ,D,0.47704236922338716,0.2605468536560357,0.2624107771205772,0.37876805015556436
6,1609,FC東京,浦和レッズ,D,0.3264264981501019,0.19025813440451303,0.48331536744538506,0.38413166367856005
6,1609,サンフレッチェ広島,ファジアーノ岡山,D,0.1963053951978663,0.3928725506704188,0.41082205413171485,0.6104081797941657
6,1609,アビスパ福岡,セレッソ大阪,A,0.3875685576568354,0.20351451570241172,0.40891692664075274,0.41377075597938845
6,1609,柏レイソル,東京ヴェルディ,A,0.3978081842378806,0.18838355362265208,0.4138082621394672,0.3693619649127695
6,1609,鹿島アントラーズ,横浜F・マリノス,H,0.34237546796676177,0.3674557759205891,0.29016875611264914,0.6541907663747097
6,1609,清水エスパルス,京都サンガF.C.,H,0.6514906805507551,0.19251251702608252,0.15599680242316233,0.3310620410683915
6,1609,横浜FC,ベガルタ仙台,A,0.7116157324589357,0.15730320158472105,0.13108106595634308,0.41112789385996307
6,1610,徳島ヴォルティス,富山,A,0.4460703726999742,0.25386667183829803,0.3000629554617277,0.42026956957731504
6,1610,名古屋グランパス,V・ファーレン長崎,A,0.48929531984314656,0.21469052265338187,0.2960141575034716,0.3740897051057863
6,1610,京都サンガF.C.,アビスパ福岡,H,0.514565593450118,0.21547015843377,0.269964248116112,0.504808152944821
6,1610,水戸ホーリーホック,ジェフユナイテッド千葉,D,0.3527240368897013,0.15460628526607978,0.4926696778442189,0.36560862175136877
6,1610,東京ヴェルディ,町田,D,0.3498177857222935,0.13318989143782575,0.5169923228398807,0.22378237707827053
6,1610,藤枝MYFC,ヴァンフォーレ甲府,D,0.5143736009201729,0.26382872094799104,0.22179767813183607,0.6522790025765954
6,1610,鹿島アントラーズ,柏レイソル,H,0.3862824956069479,0.33535559915238833,0.2783619052406638,0.589058368048437
6,1610,川崎フロンターレ,FC東京,A,0.29053682963002264,0.22787084977745675,0.4815923205925205,0.4971719119675091
6,1610,横浜F・マリノス,浦和レッズ,H,0.3755368660189784,0.14499095648678528,0.4794721774942362,0.29976261164536905
6,1610,清水エスパルス,ヴィッセル神戸,A,0.4220065037597126,0.23150868146115244,0.3464848147791349,0.3043295878871396
6,1610,ファジアーノ岡山,ガンバ大阪,A,0.6272969440068158,0.1829415011687762,0.18976155482440807,0.30046363525430597
6,1610,セレッソ大阪,サンフレッチェ広島,A,0.5607580026187831,0.21723326394106157,0.2220087334401554,0.46917653340327115
6,1610,宮崎,サガン鳥栖,H,0.33403630504841186,0.18127676057944414,0.48468693437214394,0.2930918439554826
6,1611,ﾊﾟﾘSG,ﾓﾅｺ,D,0.34043816624701373,0.24199651969070832,0.41756531406227787,0.4979424025426703
6,1611,ｱﾀﾗﾝﾀ,ﾄﾞﾙﾄ,H,0.34043816624701373,0.24199651969070832,0.41756531406227787,0.4979424025426703
6,1611,Rﾏﾄﾞﾘｰ,ﾍﾞﾝﾌｨｶ,H,0.34043816624701373,0.24199651969070832,0.41756531406227787,0.4979424025426703
6,1611,ｲﾝﾃﾙ,ｸﾞﾘﾑﾄ,A,0.34043816624701373,0.24199651969070832,0.41756531406227787,0.4979424025426703
6,1611,Aﾏﾄﾞﾘｰ,ﾌﾞﾙｯﾍ,H,0.34043816624701373,0.24199651969070832,0.41756531406227787,0.4979424025426703
6,1612,町田,2,H,0.13954798330128854,0.1425496876594593,0.7179023290392521,0.3352457218349473
6,1612,ヴィッセル神戸,2,A,0.24312884155719727,0.10029610604685497,0.6565750523959476,0.18457948343712233
6,1612,サンフレッチェ広島,1,H,0.14331423000775828,0.3566014992609716,0.50008427073127,0.624835342562525
6,1613,北海道コンサドーレ札幌,岐阜,A,0.363115753614579,0.23679082453816755,0.4000934218472534,0.38726507664518467
6,1613,FC今治,アルビレックス新潟,A,0.5868852469930443,0.18116726960712431,0.2319474833998313,0.40966426805404565
6,1613,V・ファーレン長崎,セレッソ大阪,H,0.40051917365923195,0.17736721932838143,0.42211360701238665,0.2852326795929256
6,1613,ガンバ大阪,清水エスパルス,A,0.29809911966782104,0.17924482995642882,0.5226560503757501,0.37412582403415934
6,1613,横浜F・マリノス,東京ヴェルディ,H,0.29751241760739905,0.16693459917759118,0.5355529832150099,0.3311225541306355
6,1613,ベガルタ仙台,八戸,D,0.2907183135614271,0.2250262582414056,0.48425542819716716,0.3169495014062483
6,1613,FC東京,柏レイソル,A,0.29696336160036624,0.17181331975675881,0.531223318642875,0.24383371898679324
6,1613,浦和レッズ,鹿島アントラーズ,A,0.4541190890627451,0.3329530045780352,0.2129279063592197,0.6398913054132763
6,1613,川崎フロンターレ,水戸ホーリーホック,D,0.40163531191406077,0.2513369749586247,0.3470277131273144,0.4993895329558119
6,1613,栃木シティ,湘南ベルマーレ,A,0.37974651922192043,0.2570860687770125,0.363167412001067,0.3993873030505644
6,1613,いわきFC,藤枝MYFC,A,0.31559452075942795,0.2727677940774975,0.41163768516307453,0.44284434220626506
6,1613,ファジアーノ岡山,名古屋グランパス,D,0.3166544393830192,0.1920743051835137,0.49127125543346706,0.3586559092226344
6,1613,富山,FC大阪,D,0.341481453701301,0.29214456851251336,0.36637397778618563,0.5534360126352788
6,1614,藤枝MYFC,ジュビロ磐田,D,0.494216039993624,0.26290473087392113,0.24287922913245472,0.6862762243675283
6,1614,八戸,横浜FC,D,0.27202982869105746,0.3104704831757479,0.41749968813319466,0.5395786361548528
6,1614,モンテディオ山形,ブラウブリッツ秋田,A,0.3622853056352658,0.18173947854334233,0.45597521582139183,0.4769678940368777
6,1614,ベガルタ仙台,湘南ベルマーレ,D,0.23496705917727756,0.2823387678022252,0.4826941730204971,0.38387088385414975
6,1614,セレッソ大阪,清水エスパルス,D,0.3415097850734196,0.16933337385525213,0.4891568410713282,0.35473448764248805
6,1614,ジェフユナイテッド千葉,柏レイソル,H,0.41201523972372966,0.19619584874329135,0.3917889115329789,0.2620605312149808
6,1614,FC東京,横浜F・マリノス,H,0.40668517255068504,0.21202439608661042,0.38129043136270446,0.4331816893447323
6,1614,浦和レッズ,水戸ホーリーホック,H,0.49057855539491735,0.15817932481852082,0.3512421197865617,0.28372354067424455
6,1614,アビスパ福岡,名古屋グランパス,A,0.4172316007483835,0.18787292877971717,0.39489547047189927,0.33305119216930723
6,1614,ファジアーノ岡山,京都サンガF.C.,H,0.5740051377015698,0.2029828459624941,0.2230120163359361,0.39970430715709854
6,1614,鹿島アントラーズ,東京ヴェルディ,A,0.22279054275672933,0.36271454586798235,0.41449491137528827,0.6259953192942774
6,1614,ガンバ大阪,V・ファーレン長崎,H,0.39342922852142836,0.1525617123372847,0.454009059141287,0.25869543016711105
6,1614,いわきFC,大宮,D,0.30418046363623447,0.31360725405346207,0.38221228231030335,0.509921366054916
7,1615,Aﾏﾄﾞﾘｰ,ﾄﾃﾅﾑ,A,0.33411811034733213,0.2423626258401217,0.4235192638125461,0.4950256102178171
7,1615,Rﾏﾄﾞﾘｰ,ﾏﾝC,H,0.33411811034733213,0.2423626258401217,0.4235192638125461,0.4950256102178171
7,1615,ｱﾀﾗﾝﾀ,ﾊﾞｲｴﾙﾝ,H,0.33411811034733213,0.2423626258401217,0.4235192638125461,0.4950256102178171
7,1615,ﾊﾟﾘSG,ﾁｪﾙｼｰ,H,0.33411811034733213,0.2423626258401217,0.4235192638125461,0.4950256102178171
7,1615,ｸﾞﾘﾑﾄ,ｽﾎﾟﾙﾃｨ,H,0.33411811034733213,0.2423626258401217,0.4235192638125461,0.4950256102178171
7,1616,サンフレッチェ広島,ガンバ大阪,H,0.32417383970249614,0.2323226012793761,0.44350355901812766,0.43107718512901566
7,1616,V・ファーレン長崎,アビスパ福岡,H,0.34147014891751504,0.1654292953552179,0.493100555727267,0.2433295255183221
7,1616,水戸ホーリーホック,FC東京,D,0.2864399672170041,0.19750572348610362,0.5160543092968922,0.3189448108879063
7,1616,横浜F・マリノス,ジェフユナイテッド千葉,H,0.29357116812358747,0.1814530777784192,0.5249757540979932,0.37068128812665657
7,1616,東京ヴェルディ,浦和レッズ,H,0.3974760550295181,0.17495567391708888,0.42756827105339296,0.382321118236364
7,1616,京都サンガF.C.,セレッソ大阪,A,0.45755256151624807,0.13342769397263293,0.4090197445111189,0.37289850654806445
7,1616,鹿島アントラーズ,川崎フロンターレ,H,0.3154566369113075,0.23494101680974308,0.44960234627894946,0.40845751959666743
7,1616,名古屋グランパス,ヴィッセル神戸,A,0.47330628009217024,0.16201397346669408,0.36467974644113565,0.37877815577782553
7,1616,柏レイソル,町田,A,0.23663128039120135,0.15017253929863916,0.6131961803101594,0.3427583947539667
7,1616,清水エスパルス,ファジアーノ岡山,D,0.3045088835286337,0.18748309214823602,0.5080080243231302,0.37209889617858466
7,1616,ジュビロ磐田,北海道コンサドーレ札幌,A,0.39893100732132225,0.29805111757425146,0.3030178751044262,0.457511506811773
7,1616,八戸,栃木シティ,A,0.24890357418475872,0.3983959842816912,0.35270044153355,0.6771897397011413
7,1616,宮崎,大分,H,0.21658123466481866,0.3105219188841688,0.4728968464510125,0.5078040105120366
7,1617,町田,鹿島アントラーズ,A,0.5262524768108516,0.21150106168122174,0.2622464615079265,0.5229302523419144
7,1617,セレッソ大阪,ファジアーノ岡山,H,0.3413043881796516,0.17929363898057088,0.47940197283977737,0.33291320321408646
7,1617,ジェフユナイテッド千葉,FC東京,A,0.45031399195976124,0.16402907356693908,0.38565693447329974,0.3657475557109911
7,1617,アビスパ福岡,清水エスパルス,A,0.40971340525668165,0.17925918261282386,0.41102741213049443,0.28881043533009365
7,1617,名古屋グランパス,サンフレッチェ広島,H,0.6725142201355198,0.1436870325384886,0.18379874732599166,0.30956799349708114
7,1618,清水エスパルス,サンフレッチェ広島,A,0.43403564904812303,0.3137216921610959,0.25224265879078095,0.41802886091569286
7,1618,ファジアーノ岡山,V・ファーレン長崎,H,0.5135087245959011,0.168261985360001,0.3182292900440979,0.40576757971510635
7,1618,アビスパ福岡,ガンバ大阪,D,0.445748870593373,0.24274531335759067,0.31150581604903627,0.5406877694446982
7,1618,鹿島アントラーズ,ジェフユナイテッド千葉,H,0.3097979232770249,0.3206938131046412,0.3695082636183339,0.4686143969928315
7,1618,セレッソ大阪,ヴィッセル神戸,D,0.3700982200230789,0.3124330905163031,0.317468689460618,0.550147327043997
7,1618,柏レイソル,水戸ホーリーホック,H,0.328720651042619,0.21350343681023587,0.4577759121471452,0.44762340864682093
7,1618,川崎フロンターレ,横浜F・マリノス,A,0.2891994368829979,0.18534650532771332,0.5254540577892888,0.43659838381404575
7,1618,北海道コンサドーレ札幌,ヴァンフォーレ甲府,H,0.23831404798822498,0.3946652368871152,0.3670207151246597,0.5873680028953555
7,1618,FC今治,徳島ヴォルティス,H,0.4864050325467125,0.21886518594212218,0.29472978151116525,0.41593917559238686
7,1618,ブラウブリッツ秋田,八戸,H,0.4932818047428087,0.24455476698989623,0.2621634282672951,0.49708659448969134
7,1618,東京ヴェルディ,FC東京,D,0.3250546646535412,0.2191236756371843,0.45582165970927435,0.39037342776094675
7,1618,京都サンガF.C.,名古屋グランパス,D,0.37415645593051816,0.2222414634487382,0.40360208062074354,0.4092897052198998
7,1618,浦和レッズ,町田,A,0.354991643114227,0.17032153102318742,0.4746868258625856,0.28199085646053357
7,1619,滋賀,宮崎,H,0.29345708350753613,0.29030696920164273,0.4162359472908212,0.5111206727263867
7,1619,富山,FC今治,D,0.5242269185255317,0.33343430534940166,0.1423387761250666,0.5550254776831584
7,1619,八戸,相模原,D,0.5454272470276725,0.2060779574452235,0.24849479552710393,0.4735825256090524
7,1619,ヴァンフォーレ甲府,大宮,A,0.5857522258981283,0.20724979279860273,0.2069979813032688,0.3850874830357281
7,1619,ブラウブリッツ秋田,ベガルタ仙台,D,0.3754680170369924,0.3253098294496294,0.299222153513378,0.5147758753528784
7,1619,藤枝MYFC,北海道コンサドーレ札幌,D,0.4510459629946536,0.3111174788536288,0.2378365581517175,0.5053532392006591
7,1619,いわきFC,ジュビロ磐田,H,0.33855942928997085,0.3504924334870614,0.3109481372229677,0.6216556986994617
7,1619,モンテディオ山形,栃木シティ,A,0.292876181914557,0.3327826446436059,0.3743411734418371,0.5680400244220553
7,1619,鳥取,サガン鳥栖,A,0.44929583433043024,0.13975420833601215,0.4109499573335576,0.25296685819939546
7,1619,山口,大分,H,0.19929439299020413,0.18997079067583814,0.6107348163339577,0.4572761318718937
7,1619,FC大阪,アルビレックス新潟,D,0.41927712378767823,0.26268888073503827,0.31803399547728356,0.5306242043961299
7,1619,徳島ヴォルティス,高知,H,0.34598089788777675,0.1916240272894536,0.46239507482276954,0.33059198167751086
7,1619,横浜FC,湘南ベルマーレ,H,0.30979974835600665,0.25891902838791336,0.43128122325607976,0.32234301934609516
7,1620,ジェフユナイテッド千葉,東京ヴェルディ,H,0.39103238665329776,0.22774212046235792,0.38122549288434426,0.3905806907354467
7,1620,柏レイソル,横浜F・マリノス,H,0.26734442531691727,0.18884402897862276,0.54381154570446,0.377968623127149
7,1620,名古屋グランパス,セレッソ大阪,A,0.45412529310271166,0.1672151517092471,0.3786595551880413,0.39149374902819073
7,1620,ガンバ大阪,京都サンガF.C.,H,0.3799406984029151,0.1888318338345794,0.43122746776250526,0.3146967841493003
7,1620,サンフレッチェ広島,アビスパ福岡,A,0.30788844731306897,0.258729461348133,0.4333820913387979,0.42278783027565875
7,1620,ジュビロ磐田,ヴァンフォーレ甲府,H,0.448361338453393,0.21364796054902285,0.33799070099758416,0.3433760695424192
7,1620,水戸ホーリーホック,鹿島アントラーズ,D,0.5466117411829656,0.23894353198388218,0.2144447268331522,0.416987800631541
7,1620,V・ファーレン長崎,清水エスパルス,A,0.3721171925486169,0.19050689660918335,0.43737591084219957,0.42726954872934664
7,1620,ファジアーノ岡山,ヴィッセル神戸,A,0.48906233030131674,0.18251311173988627,0.32842455795879705,0.33677927509609007
7,1620,FC東京,町田,D,0.324298609661668,0.25574370372300725,0.4199576866153246,0.48408056822270673
7,1620,八戸,モンテディオ山形,A,0.3564636497515382,0.304220482120939,0.3393158681275228,0.5669291940303461
7,1620,川崎フロンターレ,浦和レッズ,H,0.43460291238841753,0.1847106832887558,0.38068640432282663,0.40111377945904914
7,1620,サガン鳥栖,大分,A,0.29081309967026514,0.13675246785680897,0.5724344324729259,0.2504106118686765
7,1621,ガンバ大阪,セレッソ大阪,A,0.3616523981269535,0.15635314783031626,0.4819944540427302,0.30552357007509096
7,1621,アビスパ福岡,V・ファーレン長崎,H,0.29925096906005644,0.3019386553858323,0.39881037555411125,0.5950182342960981
7,1621,ヴィッセル神戸,名古屋グランパス,H,0.32270363295118537,0.34530107200325805,0.33199529504555664,0.5416707428211677
7,1621,横浜F・マリノス,FC東京,A,0.34105897558033627,0.15654202116456137,0.5023990032551023,0.3117769624016399
7,1621,京都サンガF.C.,ファジアーノ岡山,H,0.35059887380568777,0.2122066271170321,0.43719449907728003,0.4474034085123028
7,1621,町田,柏レイソル,H,0.36539340583778357,0.1373644049068977,0.4972421892553187,0.21718058835530274
7,1621,モンテディオ山形,横浜FC,H,0.3670944221972021,0.2578399556483003,0.3750656221544976,0.44802612929483354
7,1621,ブラウブリッツ秋田,湘南ベルマーレ,A,0.3647394834479691,0.3972024489486038,0.23805806760342715,0.5691374970512258
7,1621,ヴァンフォーレ甲府,北海道コンサドーレ札幌,H,0.7342206324884206,0.1406767933478568,0.12510257416372256,0.39733449029853224
7,1621,ジェフユナイテッド千葉,水戸ホーリーホック,H,0.3317535298005835,0.23929496100949832,0.4289515091899181,0.4474096873909389
7,1621,浦和レッズ,東京ヴェルディ,D,0.5022643598591718,0.16617954322922696,0.33155609691160115,0.3380618813779121
7,1621,サンフレッチェ広島,清水エスパルス,A,0.4323866993181138,0.18057510049101572,0.38703820019087054,0.3721080827371511
7,1621,川崎フロンターレ,鹿島アントラーズ,A,0.573022056476323,0.17371240029760357,0.2532655432260734,0.3742738014953721
7,1622,鹿島アントラーズ,浦和レッズ,H,0.23181385115183,0.28036508732836485,0.4878210615198051,0.4534023490183064
7,1622,名古屋グランパス,アビスパ福岡,D,0.5817574174818181,0.19969453086210417,0.21854805165607782,0.4312688244500425
7,1622,水戸ホーリーホック,柏レイソル,H,0.3240351870667149,0.18891559974167055,0.4870492131916144,0.34606760066866754
7,1622,横浜F・マリノス,川崎フロンターレ,H,0.31760766462683365,0.17227333663860997,0.5101189987345562,0.38247528501592704
7,1622,ガンバ大阪,ファジアーノ岡山,D,0.3640738321589274,0.22412063891648237,0.4118055289245901,0.46851916109542857
7,1622,東京ヴェルディ,ジェフユナイテッド千葉,H,0.358374778379535,0.19139934263766403,0.450225878982801,0.33763995642266087
7,1622,ベガルタ仙台,栃木シティ,H,0.4586878688585699,0.25680356781077035,0.28450856333065966,0.5147651162706164
7,1622,ヴァンフォーレ甲府,藤枝MYFC,A,0.6216717840013961,0.12632901548947267,0.2519992005091312,0.22852411475082968
7,1622,ブラウブリッツ秋田,横浜FC,A,0.46698692982287104,0.2740359721606145,0.25897709801651436,0.5057803767322999
7,1622,モンテディオ山形,八戸,H,0.2815414816169737,0.31676702858161937,0.4016914898014069,0.4637585527295001
7,1622,大宮,ジュビロ磐田,A,0.3981969512717678,0.2452639144151867,0.3565391343130455,0.4905335406161007
7,1622,アルビレックス新潟,FC今治,H,0.4711537915786701,0.20995500035121412,0.3188912080701157,0.2989735003822475
7,1622,セレッソ大阪,京都サンガF.C.,A,0.3398587434045863,0.34148525858482837,0.31865599801058536,0.6420038866431841
7,1624,清水エスパルス,名古屋グランパス,A,0.3218863618768458,0.1941604505766309,0.48395318754652333,0.31035113010635873
7,1624,ファジアーノ岡山,アビスパ福岡,H,0.36778681418323783,0.28299803406975377,0.34921515174700835,0.5262964248368681
7,1624,藤枝MYFC,大宮,D,0.3605461357761779,0.3674641662336292,0.2719896979901929,0.5504374764943394
7,1624,相模原,湘南ベルマーレ,D,0.5491810131185175,0.16107265550091826,0.28974633138056444,0.3359664552692886
7,1624,ベガルタ仙台,モンテディオ山形,H,0.4298015786734687,0.24369447274673914,0.32650394857979215,0.3871089780702751
7,1624,北海道コンサドーレ札幌,いわきFC,H,0.2801381306484824,0.3089603932440508,0.41090147610746675,0.5042111457261064
7,1624,アルビレックス新潟,FC大阪,H,0.36857579778225324,0.3448738915359081,0.2865503106818387,0.6288834256568377
7,1624,V・ファーレン長崎,ガンバ大阪,D,0.4152925181457092,0.2023339207556499,0.3823735610986408,0.30873658021896877
7,1624,川崎フロンターレ,ジェフユナイテッド千葉,H,0.3060425002790918,0.19021307107983543,0.5037444286410727,0.39888710214468276
7,1624,浦和レッズ,横浜F・マリノス,A,0.4265672586834652,0.1626802605384648,0.41075248077807003,0.3792055676106492
7,1624,宮崎,鹿児島,H,0.3380550041730922,0.44397773307160715,0.2179672627553005,0.6545880276188385
7,1624,福島,ヴァンフォーレ甲府,A,0.46964907339141354,0.2260335565908554,0.30431737001773096,0.34294423715637773
7,1624,FC今治,富山,A,0.49900195836173894,0.19636819903346642,0.3046298426047946,0.4074137189574674
7,1625,東京ヴェルディ,鹿島アントラーズ,H,0.6925822187843328,0.14647979643770545,0.1609379847779618,0.37040574116621555
7,1625,清水エスパルス,V・ファーレン長崎,H,0.2545041870434122,0.32371220883882335,0.42178360411776444,0.4667477186765718
7,1625,水戸ホーリーホック,町田,D,0.2930869444122446,0.1525328659975641,0.5543801895901913,0.3125513453585857
7,1625,京都サンガF.C.,ガンバ大阪,D,0.3355092962343661,0.21567470675108236,0.4488159970145515,0.4110741570895179
7,1625,名古屋グランパス,ファジアーノ岡山,D,0.32185251706137274,0.22610394431265435,0.4520435386259729,0.45394617101292456
7,1625,ジェフユナイテッド千葉,横浜F・マリノス,A,0.39407798228878543,0.21471704972583538,0.3912049679853793,0.4847388325637369
7,1625,富山,アルビレックス新潟,H,0.2798608124034837,0.39285986374237414,0.32727932385414216,0.6170374939621555
7,1625,アビスパ福岡,サンフレッチェ広島,D,0.3916151699542136,0.29752469551797744,0.3108601345278089,0.5122716634296771
7,1625,浦和レッズ,川崎フロンターレ,H,0.521762980157439,0.15505153323534643,0.3231854866072146,0.3377162587695187
7,1625,ヴィッセル神戸,セレッソ大阪,A,0.324509243337897,0.20601151328759237,0.46947924337451064,0.306498123762165
7,1625,北海道コンサドーレ札幌,藤枝MYFC,H,0.43167046682260646,0.1381912923439509,0.4301382408334425,0.22803237153479775
7,1625,ブラウブリッツ秋田,モンテディオ山形,H,0.26081648698814036,0.19012808079982932,0.5490554322120302,0.3876123352748995
7,1625,柏レイソル,FC東京,A,0.4045793295083814,0.15203053747625805,0.4433901330153605,0.30724061721524365
8,1626,ベガルタ仙台,ブラウブリッツ秋田,A,0.5019097073689862,0.16313316663630784,0.3349571259947059,0.4053560556934324
8,1626,浦和レッズ,ジェフユナイテッド千葉,H,0.37819186563659435,0.15810580055173287,0.46370233381167286,0.38900901815914973
8,1626,ファジアーノ岡山,サンフレッチェ広島,H,0.45281825054957114,0.2475721919633468,0.29960955748708207,0.33237221251635507
8,1626,ガンバ大阪,ヴィッセル神戸,H,0.30583545659268874,0.21839499327310535,0.47576955013420597,0.47714076500259184
8,1626,京都サンガF.C.,清水エスパルス,A,0.32343389652828913,0.39021373600835185,0.2863523674633589,0.708875789988226
8,1626,ジュビロ磐田,いわきFC,D,0.5003331283544613,0.2106767088335158,0.2889901628120229,0.366414792038098
8,1626,サガン鳥栖,宮崎,D,0.35895650561665715,0.2791807708394258,0.36186272354391696,0.5674163596810539
8,1626,V・ファーレン長崎,名古屋グランパス,A,0.35014853853403716,0.13141515653911034,0.5184363049268524,0.24249869965336485
8,1626,鹿島アントラーズ,町田,D,0.3588785239457462,0.15724169808531002,0.48387977796894377,0.19172188651123978
8,1626,FC東京,川崎フロンターレ,A,0.3054773234959154,0.23674711691319641,0.4577755595908881,0.44949551696199913
8,1626,横浜F・マリノス,水戸ホーリーホック,D,0.32021378759676283,0.19383221091520697,0.48595400148803014,0.3814827469421582
8,1626,セレッソ大阪,アビスパ福岡,D,0.2988760743872547,0.1490292606090079,0.5520946650037374,0.20776471695885482
8,1626,東京ヴェルディ,柏レイソル,H,0.3904004721383492,0.19766843794367855,0.4119310899179722,0.41993359361426325
8,1627,FC東京,ジェフユナイテッド千葉,A,0.22308458535281697,0.257168444802496,0.519746969844687,0.4552352513685997
8,1627,清水エスパルス,セレッソ大阪,H,0.29691155078374964,0.1770366038580206,0.5260518453582298,0.3510225978822873
8,1627,V・ファーレン長崎,ファジアーノ岡山,H,0.3061657125042985,0.1826383478780299,0.5111959396176716,0.386698706181468
8,1627,鹿島アントラーズ,水戸ホーリーホック,H,0.2915031361962056,0.22223336763071647,0.48626349617307796,0.36731126324147584
8,1627,アビスパ福岡,京都サンガF.C.,A,0.38126737867316085,0.2094669770558864,0.4092656442709525,0.4812239758008791
8,1627,町田,横浜F・マリノス,H,0.3426291314892368,0.17587375086814838,0.4814971176426149,0.44498730739293296
8,1627,サンフレッチェ広島,ヴィッセル神戸,D,0.31849764198210273,0.18006292536382767,0.5014394326540694,0.36889600451269544
8,1627,名古屋グランパス,ガンバ大阪,H,0.5123652395942604,0.2713357260916785,0.21629903431406097,0.4531991584845634
8,1627,柏レイソル,浦和レッズ,A,0.32530155671009403,0.25567640634902833,0.4190220369408776,0.4143409839786832
8,1627,八戸,湘南ベルマーレ,A,0.28253673577757943,0.306174771361591,0.4112884928608295,0.47638322823285656
8,1627,ヴァンフォーレ甲府,ジュビロ磐田,A,0.6512554854937092,0.21256075036629307,0.13618376413999755,0.3987437317424693
8,1627,川崎フロンターレ,東京ヴェルディ,H,0.29777958467062693,0.12639829912445655,0.5758221162049166,0.1771337883320132
8,1627,アルビレックス新潟,徳島ヴォルティス,H,0.44607568847284673,0.22493459439782054,0.3289897171293326,0.4276321852737751
8,1628,横浜F・マリノス,鹿島アントラーズ,A,0.4469630876742535,0.19275051178910937,0.3602864005366371,0.35307773785739793
8,1628,名古屋グランパス,京都サンガF.C.,H,0.27758532352635895,0.27048453873983586,0.4519301377338052,0.5448272547436843
8,1628,ガンバ大阪,サンフレッチェ広島,A,0.25578374008744614,0.25909372354321736,0.48512253636933633,0.5044157688663184
8,1628,ジェフユナイテッド千葉,町田,A,0.49491983213127433,0.18041172286173762,0.3246684450069881,0.3493803846216873
8,1628,柏レイソル,川崎フロンターレ,H,0.32401646629710124,0.31761569367816633,0.3583678400247324,0.45846654324601843
8,1628,いわきFC,ヴァンフォーレ甲府,A,0.3095424019896397,0.3525032734295307,0.3379543245808295,0.5049217926830448
8,1628,清水エスパルス,アビスパ福岡,D,0.32244581933824806,0.1383631282276774,0.5391910524340746,0.1786723885279539
8,1628,水戸ホーリーホック,浦和レッズ,H,0.2970304542137909,0.2790170642925245,0.4239524814936845,0.6733005943796082
8,1628,ヴィッセル神戸,ファジアーノ岡山,A,0.3993680851297712,0.20453236462681526,0.39609955024341353,0.4270594792273898
8,1628,セレッソ大阪,V・ファーレン長崎,H,0.24113187418430188,0.27219161419746984,0.48667651161822817,0.4996924055865678
8,1628,FC東京,東京ヴェルディ,H,0.22204271949820745,0.2351452732538835,0.542812007247909,0.4613036902523505
8,1628,大分,サガン鳥栖,A,0.2525251602316427,0.2550139369232036,0.49246090284515365,0.36210730522963247
8,1628,北海道コンサドーレ札幌,大宮,H,0.27365553279860705,0.26897660589888606,0.45736786130250695,0.5351716989208345
8,1630,ファジアーノ岡山,清水エスパルス,H,0.48785042662181954,0.16716647348559616,0.34498309989258436,0.2814231546472735
8,1630,セレッソ大阪,名古屋グランパス,H,0.43411450571204213,0.1680484502072925,0.3978370440806654,0.24811833145762546
8,1630,川崎フロンターレ,町田,D,0.34738509025299125,0.23046029164660914,0.42215461810039967,0.47524392385383074
8,1630,FC琉球,鳥取,A,0.4216944857752664,0.19657365153084086,0.3817318626938926,0.4426816310522436
8,1630,富山,徳島ヴォルティス,D,0.343968033777275,0.3455834923210748,0.3104484739016503,0.5379002741623852
8,1630,大分,宮崎,A,0.27904970731743994,0.42080910787034786,0.30014118481221197,0.6405164979914337
8,1630,京都サンガF.C.,サンフレッチェ広島,A,0.4505734254957595,0.2686182469989442,0.28080832750529633,0.5484171132972855
8,1630,浦和レッズ,FC東京,D,0.46854654538975105,0.21488342490216844,0.31657002970808035,0.3408522428536512
8,1630,V・ファーレン長崎,ヴィッセル神戸,D,0.39974371946817655,0.22675936828046644,0.3734969122513569,0.4072164993274707
8,1630,横浜F・マリノス,柏レイソル,A,0.24126858435638698,0.19646698525554326,0.5622644303880697,0.4095145454895103
8,1630,水戸ホーリーホック,東京ヴェルディ,H,0.2607319345846052,0.24529120130971704,0.4939768641056778,0.45444307045809024
8,1630,ジュビロ磐田,藤枝MYFC,A,0.4826473607745862,0.23126338695580484,0.28608925226960896,0.4211953195987696
8,1630,ジェフユナイテッド千葉,鹿島アントラーズ,A,0.47440285353977985,0.2096154951048988,0.3159816513553212,0.3180258164007726
8,1631,東京ヴェルディ,横浜F・マリノス,A,0.30385307171694986,0.26426039516921823,0.4318865331138319,0.5482805940319828
8,1631,北海道コンサドーレ札幌,ジュビロ磐田,A,0.36780368636431826,0.22565358312552852,0.40654273051015327,0.48184265061553394
8,1631,水戸ホーリーホック,川崎フロンターレ,A,0.3873461321286383,0.21859198071772157,0.3940618871536402,0.5034470951755868
8,1631,清水エスパルス,ガンバ大阪,A,0.3123239209389227,0.28570397735717645,0.40197210170390085,0.5637377735893138
8,1631,アビスパ福岡,ヴィッセル神戸,H,0.3499666961555272,0.22843811412186954,0.42159518972260324,0.46126409070931784
8,1631,ファジアーノ岡山,セレッソ大阪,A,0.5101293724691055,0.17414769414341208,0.31572293338748236,0.2850119170800756
8,1631,サンフレッチェ広島,名古屋グランパス,H,0.44398386518076893,0.17726675719275184,0.3787493776264792,0.4216450532646402
8,1631,柏レイソル,ジェフユナイテッド千葉,H,0.2920917011171534,0.17479118267198762,0.533117116210859,0.3393159914197243
8,1631,鹿島アントラーズ,FC東京,A,0.47366885778718404,0.19233177271032,0.3339993695024959,0.34875100469235604
8,1631,京都サンガF.C.,V・ファーレン長崎,H,0.2822428363636317,0.26552670333607375,0.45223046030029446,0.49879542378689434
8,1631,藤枝MYFC,いわきFC,D,0.4730532731329886,0.23080179320556568,0.2961449336614457,0.5009412729794915
8,1631,徳島ヴォルティス,FC今治,D,0.2924623432637508,0.17162958434957093,0.5359080723866783,0.42860504093545304
8,1631,ベガルタ仙台,横浜FC,A,0.5291705550204492,0.2181669297618873,0.2526625152176635,0.5040803389260263
8,1632,清水エスパルス,横浜F・マリノス,D,0.3182146228254922,0.24371720205001518,0.4380681751244926,0.4152919685006605
8,1632,ベガルタ仙台,ヴァンフォーレ甲府,H,0.33176791297690245,0.3649874411734767,0.3032446458496208,0.5598570718056399
8,1632,ガンバ大阪,東京ヴェルディ,D,0.3026155176464528,0.31017401777328746,0.3872104645802597,0.6025621011260128
8,1632,富山,宮崎,H,0.4704568640782171,0.26266235885121,0.2668807770705729,0.46206483709705504
8,1632,ブラウブリッツ秋田,北海道コンサドーレ札幌,D,0.39808403894977906,0.24970393545497743,0.35221202559524334,0.513034220199865
8,1632,ファジアーノ岡山,浦和レッズ,D,0.3272001524933572,0.19472447855181624,0.47807536895482655,0.41086297322005405
8,1632,ヴィッセル神戸,鹿島アントラーズ,H,0.38666601240928145,0.2519845327443608,0.3613494548463577,0.4792381529115366
8,1632,アビスパ福岡,ジェフユナイテッド千葉,D,0.32386041227553897,0.1269538294478608,0.5491857582766002,0.19887854764166749
8,1632,V・ファーレン長崎,水戸ホーリーホック,H,0.3436336327606165,0.19886889595779203,0.45749747128159135,0.27443222363333086
8,1632,セレッソ大阪,FC東京,D,0.23308328996709388,0.41870648936399846,0.3482102206689077,0.6687876598736118
8,1632,サンフレッチェ広島,川崎フロンターレ,A,0.44963951790730194,0.17061186655169533,0.37974861554100264,0.3475822459313491
8,1632,京都サンガF.C.,柏レイソル,A,0.23348421790568324,0.21663141451378518,0.5498843675805315,0.5357171582954374
8,1632,名古屋グランパス,町田,H,0.4924123466673893,0.19746702545526418,0.31012062787734657,0.37686713121156945
