roundNo,snapshotDate,homeTeam,awayTeam,prediction,actual,correct,probH,probD,probA,confidence,margin,entropy,isDraw
1568,2024-09-14,大宮,V・ファーレン長崎,H,A,False,0.44979634249447287,0.17751995514685912,0.37268370235866866,0.44979634249447287,0.07711264013580421,1.0340914800579855,False
1568,2024-09-14,モンテディオ山形,富山,H,H,True,0.546949763528767,0.18001283994970096,0.2730373965215323,0.546949763528767,0.2739123670072347,0.993144006705835,False
1568,2024-09-14,山口,ジェフユナイテッド千葉,D,H,False,0.25134651346307546,0.4039424944218089,0.3447109921151162,0.4039424944218089,0.05923150230669272,1.080391093842,False
1568,2024-09-14,ブラウブリッツ秋田,愛媛FC,H,H,True,0.446074935816028,0.22212345779447443,0.331801606389498,0.446074935816028,0.11427332942652996,1.0603413046897354,False
1568,2024-09-14,ベガルタ仙台,水戸ホーリーホック,H,D,False,0.5329131018092317,0.1287268658862928,0.33836003230447576,0.5329131018092317,0.19455306950475593,0.9659740470095477,True
1568,2024-09-14,横浜F・マリノス,川崎フロンターレ,A,A,True,0.24666413291411707,0.21906108843942082,0.5342747786464621,0.5342747786464621,0.28761064573234507,1.012793458892947,False
1568,2024-09-14,アルビレックス新潟,清水エスパルス,H,A,False,0.5206372888024593,0.19589465151567698,0.28346805968186384,0.5206372888024593,0.23716922912059546,1.016519686416419,False
1568,2024-09-14,ガンバ大阪,浦和レッズ,H,H,True,0.5514383685622154,0.10822961070873928,0.3403320207290455,0.5514383685622154,0.2111063478331699,0.9356998719607501,False
1568,2024-09-14,ヴァンフォーレ甲府,サガン鳥栖,H,A,False,0.5232762261483352,0.1451650429246916,0.3315587309269736,0.5232762261483352,0.19171749522136167,0.9850737024924785,False
1568,2024-09-14,ファジアーノ岡山,名古屋グランパス,H,A,False,0.5707550083244392,0.17728306187820167,0.2519619297973592,0.5707550083244392,0.31879307852707994,0.9741015192261506,False
1568,2024-09-14,アビスパ福岡,セレッソ大阪,H,H,True,0.5521563582588012,0.1420196929638482,0.30582394877735075,0.5521563582588012,0.2463324094814504,0.9674550737482669,False
1568,2024-09-14,鹿島アントラーズ,湘南ベルマーレ,H,H,True,0.41307346766427727,0.2662432726692929,0.32068325966642985,0.41307346766427727,0.09239020799784742,1.0822557378716793,False
1570,2024-09-20,ヴァンフォーレ甲府,ブラウブリッツ秋田,H,D,False,0.5461601591465766,0.22639088782319888,0.22744895303022536,0.5461601591465766,0.3187112061163512,1.0034561584657586,True
1570,2024-09-20,愛媛FC,ジェフユナイテッド千葉,A,A,True,0.24811399877830748,0.134501504823681,0.6173844963980124,0.6173844963980124,0.36927049761970493,0.9134139922967999,False
1570,2024-09-20,いわきFC,水戸ホーリーホック,A,D,False,0.26867559589642714,0.17193033407782535,0.5593940700257476,0.5593940700257476,0.29071847412932045,0.9807715700872298,True
1570,2024-09-20,徳島ヴォルティス,北海道コンサドーレ札幌,H,A,False,0.5786628082174289,0.10992087235619323,0.311416319426378,0.5786628082174289,0.2672464887910509,0.9225596329055927,False
1570,2024-09-20,ベガルタ仙台,モンテディオ山形,A,H,False,0.28085466227406075,0.1847867871296908,0.5343585505962485,0.5343585505962485,0.25350388832218773,1.0035608034249965,False
1570,2024-09-20,横浜F・マリノス,アビスパ福岡,H,H,True,0.5534412737219498,0.0924956642585132,0.3540630620195373,0.5534412737219498,0.19937821170241254,0.9152269130973665,False
1570,2024-09-20,東京ヴェルディ,ファジアーノ岡山,H,H,True,0.5357341260948105,0.1914340338008599,0.27283184010433076,0.5357341260948105,0.26290228599047977,1.0052231445499642,False
1570,2024-09-20,浦和レッズ,鹿島アントラーズ,A,A,True,0.3899530058935082,0.17743410483281113,0.4326128892736809,0.4326128892736809,0.042659883380172736,1.0365328338154207,False
1570,2024-09-20,川崎フロンターレ,FC東京,A,A,True,0.29577807845370274,0.23417157164780905,0.47005034989848793,0.47005034989848793,0.1742722714447852,1.055096269671339,False
1570,2024-09-20,セレッソ大阪,柏レイソル,A,D,False,0.36021819691427187,0.2144416770683544,0.42534012601737403,0.42534012601737403,0.06512192910310216,1.0615875747178034,True
1570,2024-09-20,横浜FC,アルビレックス新潟,H,A,False,0.6093258723781744,0.17576564119005295,0.21490848643177302,0.6093258723781744,0.39441738594640136,0.9378791322747709,False
1570,2024-09-20,名古屋グランパス,湘南ベルマーレ,H,H,True,0.5015267497459084,0.15700722169273576,0.34146602856135627,0.5015267497459084,0.1600607211845521,1.003703576718427,False
1570,2024-09-20,京都サンガF.C.,清水エスパルス,H,A,False,0.4012169290802151,0.281015981446458,0.3177670894733269,0.4012169290802151,0.08344983960688823,1.08741826920676,False
1571,2024-09-23,柏レイソル,サンフレッチェ広島,H,D,False,0.4695777189049333,0.10638709351871135,0.42403518757635517,0.4695777189049333,0.045542531328578106,0.9571386065071756,True
1571,2024-09-23,ガンバ大阪,横浜F・マリノス,H,H,True,0.46963495026856,0.1916162692382517,0.3387487804931883,0.46963495026856,0.1308861697753717,1.0382442670034597,False
1571,2024-09-23,FC東京,アビスパ福岡,H,A,False,0.5801817523305166,0.10397838550675526,0.3158398621627278,0.5801817523305166,0.2643418901677888,0.9152333176964489,False
1571,2024-09-23,アルビレックス新潟,名古屋グランパス,H,H,True,0.5543390557721227,0.17454989671803017,0.271111047509847,0.5543390557721227,0.28322800826227573,0.9855943054331905,False
1571,2024-09-23,京都サンガF.C.,町田,H,D,False,0.44372075710752656,0.11762803325399121,0.43865120963848225,0.44372075710752656,0.005069547469044311,0.9737712983904895,True
1572,2024-09-28,FC今治,サガン鳥栖,H,D,False,0.4401437248092129,0.16997052286342565,0.38988575232736183,0.4401437248092129,0.05025797248185104,1.0296495802936092,True
1572,2024-09-28,ブラウブリッツ秋田,V・ファーレン長崎,A,D,False,0.2978232798267418,0.22395732065017687,0.4782193995230813,0.4782193995230813,0.1803961196963395,1.0486228146649355,True
1572,2024-09-28,富山,徳島ヴォルティス,A,A,True,0.22305075036121544,0.12899893016265654,0.6479503194761281,0.6479503194761281,0.42489956911491267,0.8800114044307493,False
1572,2024-09-28,川崎フロンターレ,柏レイソル,H,D,False,0.5342452487856052,0.14309659021532117,0.3226581609990739,0.5342452487856052,0.2115870877865313,0.978110553785225,True
1572,2024-09-28,FC東京,横浜F・マリノス,H,A,False,0.6213940748625502,0.14621077413156613,0.2323951510058841,0.6213940748625502,0.38899892385666607,0.9159113016747761,False
1572,2024-09-28,横浜FC,湘南ベルマーレ,H,H,True,0.5603049294616381,0.20105580916682825,0.23863926137153435,0.5603049294616381,0.3216656680901038,0.9890212660924945,False
1572,2024-09-28,ガンバ大阪,アルビレックス新潟,H,H,True,0.36669483474336306,0.28289968029488594,0.350405484961751,0.36669483474336306,0.01628934978161206,1.0925421821866903,False
1572,2024-09-28,ヴィッセル神戸,清水エスパルス,H,H,True,0.5525978930703515,0.12804696719255085,0.31935513973709817,0.5525978930703515,0.23324275333325328,0.955470230632307,False
1572,2024-09-28,アビスパ福岡,サンフレッチェ広島,A,A,True,0.3109446977266382,0.26211027256854763,0.4269450297048139,0.4269450297048139,0.11600033197817572,1.0775629491494836,False
1572,2024-09-28,東京ヴェルディ,浦和レッズ,H,D,False,0.5291858990351278,0.16262211160808474,0.30819198935678793,0.5291858990351278,0.22099390967833987,0.9949088319806916,True
1572,2024-09-28,セレッソ大阪,京都サンガF.C.,H,A,False,0.44271893409782626,0.22238890445175555,0.33489216145041784,0.44271893409782626,0.10782677264740842,1.0614138737282364,False
1572,2024-09-28,町田,ファジアーノ岡山,H,H,True,0.4762201265897819,0.2116404417952177,0.312139431615001,0.4762201265897819,0.1640806949747809,1.0453707843411266,False
1572,2024-09-28,名古屋グランパス,鹿島アントラーズ,A,A,True,0.31196016176471214,0.2652847516906291,0.42275508654465854,0.42275508654465854,0.1107949247799464,1.0793922587951739,False
1574,2024-10-05,熊本,いわきFC,H,A,False,0.5517877311820657,0.12859542555791814,0.3196168432600167,0.5517877311820657,0.23217088792204899,0.9564138295740909,False
1574,2024-10-05,北海道コンサドーレ札幌,モンテディオ山形,H,A,False,0.40953932960009387,0.25377609880602126,0.3366845715938854,0.40953932960009387,0.0728547580062085,1.0801265876351338,False
1574,2024-10-05,鹿島アントラーズ,ガンバ大阪,A,D,False,0.2993199787504181,0.22489842143467606,0.47578159981490603,0.47578159981490603,0.17646162106448793,1.050033584525034,True
1574,2024-10-05,浦和レッズ,ヴィッセル神戸,H,H,True,0.4511678380680997,0.16637147795513957,0.38246068397676075,0.4511678380680997,0.06870715409133893,1.0250784516143991,False
1574,2024-10-05,アビスパ福岡,横浜FC,H,H,True,0.531783281623286,0.14057132476084525,0.3276453936158691,0.531783281623286,0.20413788800741695,0.9772323607789926,False
1574,2024-10-05,徳島ヴォルティス,FC今治,H,H,True,0.47746805742105863,0.11525096839828397,0.40728097418065734,0.47746805742105863,0.0701870832404013,0.9678292501685519,False
1574,2024-10-05,京都サンガF.C.,川崎フロンターレ,H,D,False,0.5602209137272022,0.08842169797091284,0.3513573883018844,0.5602209137272022,0.20886352542531778,0.906587253357963,True
1574,2024-10-05,柏レイソル,横浜F・マリノス,A,H,False,0.33624889291619176,0.19182421307330946,0.4719268940104984,0.4719268940104984,0.13567800109430667,1.0375990315208263,False
1574,2024-10-05,サンフレッチェ広島,町田,H,H,True,0.5140725118643744,0.1036061881351647,0.38232130000046094,0.5140725118643744,0.13175121186391348,0.9445504251301338,False
1574,2024-10-05,アルビレックス新潟,ファジアーノ岡山,H,A,False,0.6102255673812733,0.16642745922615337,0.22334697339257384,0.6102255673812733,0.3868785939886995,0.9346471975963156,False
1574,2024-10-05,清水エスパルス,FC東京,H,H,True,0.43541693351947663,0.1816222714384914,0.38296079504203256,0.43541693351947663,0.05245613847744407,1.0394184225724712,False
1574,2024-10-05,名古屋グランパス,セレッソ大阪,H,H,True,0.5140854207365703,0.12951175366264975,0.35640282560077985,0.5140854207365703,0.15768259513579042,0.9744733169194244,False
1577,2024-10-12,北九州,鹿児島,H,D,False,0.563407126206333,0.17739761304060417,0.2591952607530631,0.563407126206333,0.30421186545326995,0.9799996314972685,True
1577,2024-10-12,栃木SC,福島,H,H,True,0.5260793030043763,0.13455331520782687,0.3393673817877975,0.5260793030043763,0.1867119212165788,0.974533652906028,False
1577,2024-10-12,サンフレッチェ広島,横浜FC,H,H,True,0.3625565886935453,0.29659873163256084,0.34084467967389365,0.3625565886935453,0.021711909019651643,1.095180272012859,False
1577,2024-10-12,柏レイソル,川崎フロンターレ,H,A,False,0.47572991225962086,0.11730220939302606,0.4069678783473531,0.47572991225962086,0.06876203391226776,0.9706736387376467,False
1580,2024-10-19,FC今治,山口,H,D,False,0.4330738629033524,0.14007040546539148,0.42685573163125623,0.4330738629033524,0.0062181312720961945,1.001126562966637,True
1580,2024-10-19,サガン鳥栖,ブラウブリッツ秋田,A,H,False,0.4268341842252357,0.14306873844912138,0.4300970773256431,0.4300970773256431,0.0032628931004073936,1.0044685398318287,False
1580,2024-10-19,モンテディオ山形,熊本,H,D,False,0.37955939973912783,0.30864036750147356,0.31180023275939883,0.37955939973912783,0.067759166979729,1.093896625678622,True
1580,2024-10-19,湘南ベルマーレ,京都サンガF.C.,A,D,False,0.2229999209661025,0.15850941086822143,0.6184906681656765,0.6184906681656765,0.39549074719957406,0.9237632900779991,True
1580,2024-10-19,横浜F・マリノス,浦和レッズ,H,H,True,0.5140017171644216,0.1099489323356328,0.37604935049994576,0.5140017171644216,0.1379523666644758,0.952610842727359,False
1580,2024-10-19,富山,北海道コンサドーレ札幌,A,A,True,0.17518247393933836,0.16190000219451564,0.662917523866146,0.662917523866146,0.4877350499268076,0.8724673161517236,False
1580,2024-10-19,横浜FC,名古屋グランパス,H,D,False,0.5743182397128386,0.16405347428408923,0.2616282860030724,0.5743182397128386,0.31268995370976616,0.9658367515426931,True
1580,2024-10-19,川崎フロンターレ,清水エスパルス,A,H,False,0.33356241476631665,0.16982030043109733,0.49661728480258593,0.49661728480258593,0.16305487003626928,1.0149205728924606,False
1580,2024-10-19,ファジアーノ岡山,セレッソ大阪,H,A,False,0.5102194316626142,0.17105620796855914,0.3187243603688266,0.5102194316626142,0.19149507129378757,1.0098172889301533,False
1580,2024-10-19,ガンバ大阪,柏レイソル,H,A,False,0.4818450095870985,0.12347407121966401,0.39468091919323717,0.4818450095870985,0.08716409039386136,0.9770105486026849,False
1580,2024-10-19,東京ヴェルディ,アルビレックス新潟,H,H,True,0.45355228239294565,0.20273797253885514,0.34370974506819935,0.45355228239294565,0.1098425373247463,1.0492037554391702,False
1580,2024-10-19,町田,アビスパ福岡,A,D,False,0.41007845863605935,0.14867427903596087,0.44124726232798006,0.44124726232798006,0.03116880369192071,1.0099259000713734,True
1582,2024-10-26,山口,富山,H,H,True,0.4466333929904151,0.19109975162567078,0.3622668553839146,0.4466333929904151,0.08436653760650048,1.0440929839595343,False
1582,2024-10-26,ブラウブリッツ秋田,ジェフユナイテッド千葉,H,D,False,0.4687859566205014,0.15484490174672788,0.3763691416327706,0.4687859566205014,0.0924168149877308,1.0117757259320057,True
1582,2024-10-26,アビスパ福岡,湘南ベルマーレ,H,H,True,0.4117495238624548,0.2578302366887789,0.3304202394487665,0.4117495238624548,0.08132928441368831,1.0807429146613978,False
1582,2024-10-26,アルビレックス新潟,ヴィッセル神戸,A,D,False,0.27260263512577865,0.22760403305494767,0.4997933318192738,0.4997933318192738,0.22719069669349518,1.03783716040063,True
1582,2024-10-26,京都サンガF.C.,鹿島アントラーズ,H,D,False,0.46791535551723856,0.15119447973564146,0.3808901647471203,0.46791535551723856,0.08702519077011828,1.0086535540677182,True
1582,2024-10-26,横浜F・マリノス,サンフレッチェ広島,A,H,False,0.23260471389880102,0.2652446574702786,0.5021506286309202,0.5021506286309202,0.2369059711606416,1.0371500822657744,False
1582,2024-10-26,FC東京,ファジアーノ岡山,H,H,True,0.5525487119918493,0.20328265868033185,0.24416862932781977,0.5525487119918493,0.3083800826640295,0.9958932420349818,False
1582,2024-10-26,セレッソ大阪,川崎フロンターレ,A,H,False,0.26959534847690364,0.21697610313873497,0.5134285483843617,0.5134285483843617,0.24383319990745805,1.0272013446157338,False
1582,2024-10-26,名古屋グランパス,ガンバ大阪,H,A,False,0.4562407228738554,0.20404726695254358,0.33971201017360153,0.4562407228738554,0.11652871270025389,1.04911385975023,False
1582,2024-10-26,柏レイソル,横浜FC,H,H,True,0.4187241507299807,0.2090241341036354,0.37225171516638356,0.4187241507299807,0.04647243556359715,1.0595575482084136,False
1582,2024-10-26,清水エスパルス,東京ヴェルディ,H,A,False,0.4896523278439253,0.1607501026017549,0.3495975695543196,0.4896523278439253,0.14005475828960573,1.0108942443057087,False
1582,2024-10-26,浦和レッズ,町田,H,H,True,0.4433880274764963,0.1316380125845968,0.4249739599389072,0.4433880274764963,0.01841406753758912,0.991196089908654,False
1582,2024-10-26,北海道コンサドーレ札幌,水戸ホーリーホック,H,A,False,0.4120252360483409,0.21504735279081516,0.37292741116084366,0.4120252360483409,0.039097824887497246,1.0636812983898434,False
1583,2024-11-02,八戸,北九州,A,A,True,0.3963607737277353,0.15132622197423132,0.45231300429803434,0.45231300429803434,0.05595223057029902,1.0114127330697185,False
1583,2024-11-02,ジェフユナイテッド千葉,北海道コンサドーレ札幌,H,H,True,0.421598915152116,0.20092966672990065,0.3774714181179835,0.421598915152116,0.04412749703413249,1.0543428076307892,False
1583,2024-11-02,熊本,山口,H,A,False,0.5271500188972155,0.14230497334191936,0.3305450077608656,0.5271500188972155,0.19660501113634987,0.9808996291740762,False
1583,2024-11-02,サガン鳥栖,徳島ヴォルティス,H,D,False,0.548570988216688,0.1200039969291322,0.33142501485418024,0.548570988216688,0.2171459733625078,0.949829729523994,True
1583,2024-11-02,栃木SC,岐阜,H,A,False,0.4798545648091069,0.18146923359834943,0.33867620159254447,0.4798545648091069,0.1411783632165624,1.0287401914632732,False
1583,2024-11-02,FC今治,ベガルタ仙台,A,H,False,0.3999584422516009,0.11741955020072736,0.48262200754767176,0.48262200754767176,0.08266356529607088,0.9696331850072673,False
1583,2024-11-02,ジュビロ磐田,V・ファーレン長崎,A,H,False,0.43152109267939753,0.10710726485863083,0.46137164246197154,0.46137164246197154,0.02985054978257401,0.9588313246524278,False
1583,2024-11-02,柏レイソル,サンフレッチェ広島,H,H,True,0.4607050156184668,0.11712325997655133,0.42217172440498235,0.4607050156184668,0.03853329121348442,0.9722761902662006,False
1583,2024-11-02,いわきFC,藤枝MYFC,H,A,False,0.447456728395747,0.17730430086200602,0.3752389707422473,0.447456728395747,0.07221775765349969,1.0343565734376567,False
1583,2024-11-02,ヴァンフォーレ甲府,水戸ホーリーホック,A,A,True,0.23180170792730254,0.17335519394672996,0.5948430981259679,0.5948430981259679,0.3630413901986654,0.951650260887186,False
1583,2024-11-02,富山,愛媛FC,H,D,False,0.49313668173443204,0.17919744437403723,0.3276658738915309,0.49313668173443204,0.16547080784290114,1.0223173159411185,True
1583,2024-11-02,大宮,ブラウブリッツ秋田,H,H,True,0.4248855644409157,0.21050508574811494,0.36460934981096976,0.4248855644409157,0.06027621462994592,1.0595580576385406,False
1585,2024-11-09,町田,FC東京,A,A,True,0.3932007377160997,0.176935912826256,0.4298633494576441,0.4298633494576441,0.03666261174154439,1.036403049983044,False
1585,2024-11-09,ベガルタ仙台,熊本,A,H,False,0.3457290569359083,0.2255187557140984,0.42875218734999343,0.42875218734999343,0.08302313041408516,1.0661756035411827,False
1585,2024-11-09,徳島ヴォルティス,ヴァンフォーレ甲府,H,H,True,0.38133526761229064,0.28628538523748304,0.33237934715022727,0.38133526761229064,0.048955920462063374,1.091821016902622,False
1585,2024-11-09,ガンバ大阪,ヴィッセル神戸,H,D,False,0.5536500989636265,0.1231624024493933,0.3231874985869802,0.5536500989636265,0.2304626003766463,0.9503109646104384,True
1585,2024-11-09,東京ヴェルディ,アビスパ福岡,H,D,False,0.5943027462206827,0.09655977861263462,0.3091374751666826,0.5943027462206827,0.2851652710540001,0.8978905256195535,True
1585,2024-11-09,川崎フロンターレ,ファジアーノ岡山,A,D,False,0.3914526135939161,0.17347612166805695,0.4350712647380271,0.4350712647380271,0.04361865114411101,1.0331066614572948,True
1585,2024-11-09,京都サンガF.C.,横浜F・マリノス,A,A,True,0.3536296532010065,0.20903702127641144,0.43733332552258186,0.43733332552258186,0.08370367232157538,1.0564944810322787,False
1585,2024-11-09,清水エスパルス,セレッソ大阪,A,A,True,0.4160203916965904,0.14957896683474226,0.43440064146866736,0.43440064146866736,0.018380249772076973,1.0112463662323345,False
1585,2024-11-09,柏レイソル,名古屋グランパス,A,H,False,0.32339028341232595,0.2618752966584907,0.4147344199291832,0.4147344199291832,0.09134413651685724,1.080971842259978,False
1585,2024-11-09,サンフレッチェ広島,浦和レッズ,H,H,True,0.5885077981481448,0.10699939117408631,0.3044928106777692,0.5885077981481448,0.2840149874703756,0.9132174511719229,False
1585,2024-11-09,湘南ベルマーレ,アルビレックス新潟,A,A,True,0.36157187305026167,0.22946378890614627,0.40896433804359256,0.40896433804359256,0.047392464993330885,1.0712642450359648,False
1585,2024-11-09,鹿島アントラーズ,横浜FC,H,H,True,0.40111526795742525,0.21866307112768915,0.3802216609148857,0.40111526795742525,0.020893607042539564,1.0665127396255278,False
1587,2024-11-16,沼津,群馬,H,A,False,0.5157645642382797,0.14402141923934078,0.34021401652238026,0.5157645642382797,0.1755505477158994,0.9873860568219314,False
1587,2024-11-16,高知,八戸,H,D,False,0.4084923599036811,0.20255473212025082,0.3889529079760679,0.4084923599036811,0.019539451927613194,1.0564312349608116,True
1587,2024-11-16,ヴィッセル神戸,サンフレッチェ広島,H,A,False,0.41775087124374627,0.2086547115307537,0.37359441722550024,0.41775087124374627,0.04415645401824603,1.0594549681584444,False
1587,2024-11-16,町田,FC東京,H,H,True,0.47822649906769515,0.15970925928771107,0.3620642416445936,0.47822649906769515,0.11616225742310154,1.0135776697160777,False
1587,2024-11-16,長野,宮崎,A,A,True,0.3445110126324801,0.18001282712098135,0.47547616024653905,0.47547616024653905,0.13096514761405897,1.029281187508642,False
1589,2024-11-23,鹿児島,FC琉球,A,D,False,0.390902856405451,0.21126699288618478,0.39783015070836436,0.39783015070836436,0.006927294302913334,1.062308149881356,True
1589,2024-11-23,群馬,松本,H,H,True,0.5612905074309745,0.1386600143159428,0.300049478253083,0.5612905074309745,0.26124102917789155,0.9593113428059669,False
1589,2024-11-23,ジュビロ磐田,モンテディオ山形,A,D,False,0.4001408095757237,0.16847218534244154,0.4313870050818346,0.4313870050818346,0.031246195506110908,1.0292393324091174,True
1589,2024-11-23,FC今治,北海道コンサドーレ札幌,H,D,False,0.45001489486080254,0.21598450568873742,0.3340005994504601,0.45001489486080254,0.11601429541034242,1.0566014445716694,True
1589,2024-11-23,ヴァンフォーレ甲府,富山,H,A,False,0.40759599943592895,0.2122441254277912,0.38015987513628013,0.40759599943592895,0.027436124299648812,1.0624677220641607,False
1589,2024-11-23,ブラウブリッツ秋田,ベガルタ仙台,A,D,False,0.28703625026045987,0.24137058518630974,0.47159316455323075,0.47159316455323075,0.18455691429277088,1.0558204135354807,True
1589,2024-11-23,V・ファーレン長崎,水戸ホーリーホック,A,H,False,0.2911440650922224,0.20319481659854366,0.5056611183092342,0.5056611183092342,0.2145170532170118,1.0278672279342578,False
1589,2024-11-23,八戸,讃岐,H,A,False,0.4699914777212401,0.17693257646330146,0.3530759458154581,0.4699914777212401,0.11691553190578202,1.028885060539781,False
1589,2024-11-23,大宮,徳島ヴォルティス,H,A,False,0.420261730300911,0.20501398120634318,0.374724288492746,0.420261730300911,0.04553744180816499,1.0570125933129595,False
1589,2024-11-23,藤枝MYFC,サガン鳥栖,A,D,False,0.34631090438646517,0.20831091955926645,0.4453781760542688,0.4453781760542688,0.09906727166780366,1.0542525799921476,True
1589,2024-11-23,いわきFC,山口,H,A,False,0.5489901720605505,0.14095542442706976,0.31005440351238006,0.5489901720605505,0.2389357685481704,0.9684671656552193,False
1589,2024-11-23,愛媛FC,熊本,H,D,False,0.4860204230028338,0.20813127451789584,0.3058483024792706,0.4860204230028338,0.18017212052356324,1.0396740765098038,True
1591,2024-11-30,ベガルタ仙台,いわきFC,A,A,True,0.372470758141783,0.21063944755803898,0.4168897943001783,0.4168897943001783,0.04441903615839532,1.0606952625383823,False
1591,2024-11-30,アビスパ福岡,ガンバ大阪,H,H,True,0.49967630500656524,0.15544744334263785,0.3448762516507969,0.49967630500656524,0.15480005335576835,1.0031748600785861,False
1591,2024-11-30,ヴィッセル神戸,FC東京,H,D,False,0.5223494545790109,0.16523941035643716,0.31241113506455187,0.5223494545790109,0.20993831951445907,1.0001839021932075,True
1591,2024-11-30,徳島ヴォルティス,V・ファーレン長崎,H,D,False,0.43338855024132744,0.14372035417544246,0.42289109558323057,0.43338855024132744,0.010497454658096872,1.005123422337628,True
1591,2024-11-30,町田,名古屋グランパス,H,H,True,0.5624364860930463,0.14903689800351266,0.2885266159034409,0.5624364860930463,0.2739098701896054,0.9659995130915828,False
1591,2024-11-30,横浜FC,京都サンガF.C.,A,A,True,0.2941679451401402,0.20169658181506303,0.5041354730447974,0.5041354730447974,0.20996752790465723,1.028147123237343,False
1591,2024-11-30,横浜F・マリノス,セレッソ大阪,H,H,True,0.4578112529449055,0.15578207522273413,0.38640667183236077,0.4578112529449055,0.07140458111254472,1.0147528715409957,False
1591,2024-11-30,湘南ベルマーレ,清水エスパルス,A,H,False,0.3410472244547076,0.24115672160294002,0.41779605394235314,0.41779605394235314,0.07674882948764555,1.0745118694876068,False
1591,2024-11-30,東京ヴェルディ,鹿島アントラーズ,A,A,True,0.2932520494170744,0.2252656187408914,0.4814823318420348,0.4814823318420348,0.18823028242496043,1.0474003308629505,False
1591,2024-11-30,ファジアーノ岡山,浦和レッズ,A,A,True,0.3274062551481534,0.2786935809909801,0.3939001638608667,0.3939001638608667,0.06649390871271327,1.0886174894787288,False
1591,2024-11-30,アルビレックス新潟,柏レイソル,A,A,True,0.2280074602139248,0.2747266841746678,0.4972658556114083,0.4972658556114083,0.2225391714367405,1.0394270335190083,False
1591,2024-11-30,川崎フロンターレ,サンフレッチェ広島,H,A,False,0.44020959704492896,0.21801847968738605,0.34177192326768513,0.44020959704492896,0.09843767377724383,1.0602045873945907,False
1591,2024-11-30,北海道コンサドーレ札幌,愛媛FC,H,H,True,0.4739301972016637,0.17948736517191174,0.34658243762642504,0.4739301972016637,0.12734775957523864,1.0294287075313224,False
1592,2024-12-06,サンフレッチェ広島,湘南ベルマーレ,H,H,True,0.5157067912641449,0.25888453174217263,0.2254086769936827,0.5157067912641449,0.25682225952197224,1.0271822642201291,False
1592,2024-12-06,ガンバ大阪,東京ヴェルディ,H,H,True,0.5056730791252139,0.16422520884750658,0.33010171202727934,0.5056730791252139,0.17557136709793453,1.0073459906221598,False
1592,2024-12-06,鹿島アントラーズ,横浜F・マリノス,A,H,False,0.26680387460026095,0.25285278719473736,0.4803433382050021,0.4803433382050021,0.21353946360474113,1.0523854695411672,False
1592,2024-12-06,FC東京,アルビレックス新潟,H,H,True,0.5074974038316878,0.16709232675030725,0.32541026941800477,0.5074974038316878,0.18208713441368307,1.008507981382243,False
1592,2024-12-06,名古屋グランパス,アビスパ福岡,A,A,True,0.3743820832274615,0.21706482198373533,0.40855309478880303,0.40855309478880303,0.0341710115613415,1.065111203418439,False
1608,2025-02-08,愛媛FC,アルビレックス新潟,H,A,False,0.399997777407992,0.2895125770219875,0.31048964557002073,0.399997777407992,0.08950813183797124,1.0885338435130019,False
1608,2025-02-08,FC琉球,サガン鳥栖,A,D,False,0.35390123568494414,0.18348880710730306,0.4626099572077534,0.4626099572077534,0.10870872152280925,1.0353469687926888,True
1608,2025-02-08,湘南ベルマーレ,ブラウブリッツ秋田,A,A,True,0.34860932117224325,0.1619096315342214,0.4894810472935356,0.4894810472935356,0.14087172612129234,1.0118472256703859,False
1608,2025-02-08,いわきFC,北海道コンサドーレ札幌,H,H,True,0.4590550747760564,0.17868434095422228,0.362260584269722,0.4590550747760564,0.09679449050633437,1.0329682124549577,False
1608,2025-02-08,栃木シティ,ベガルタ仙台,A,A,True,0.26118853172054945,0.22588047997595614,0.5129309883034947,0.5129309883034947,0.25174245658294525,1.0291423558217956,False
1608,2025-02-08,東京ヴェルディ,水戸ホーリーホック,A,H,False,0.3303247438296617,0.186832350397075,0.48284290577326344,0.48284290577326344,0.15251816194360174,1.0308537061473748,False
1608,2025-02-08,川崎フロンターレ,柏レイソル,H,H,True,0.3926288435972725,0.22005063165054012,0.3873205247521876,0.3926288435972725,0.005308318845084925,1.0675736780955007,False
1608,2025-02-08,名古屋グランパス,清水エスパルス,H,H,True,0.47386368356989855,0.1944977161161927,0.3316386003139089,0.47386368356989855,0.14222508325598965,1.0383888115083348,False
1608,2025-02-08,アビスパ福岡,ファジアーノ岡山,H,D,False,0.4822392424502871,0.2521117217468769,0.2656490358028365,0.4822392424502871,0.2165902066474506,1.0512235753910397,True
1608,2025-02-08,横浜FC,モンテディオ山形,A,A,True,0.23569052485773917,0.16314215294154719,0.6011673222007139,0.6011673222007139,0.3654767973429747,0.9423500479113305,False
1608,2025-02-08,セレッソ大阪,ガンバ大阪,H,D,False,0.4706725009372057,0.14515810600783113,0.3841693930549633,0.4706725009372057,0.08650310788224241,1.0023646076757493,True
1608,2025-02-08,FC東京,鹿島アントラーズ,A,A,True,0.2583366360654939,0.2722019703101047,0.46946139362440215,0.46946139362440215,0.19725942331429747,1.0588409433116677,False
1608,2025-02-08,ジェフユナイテッド千葉,浦和レッズ,H,H,True,0.4107385539127521,0.2055951192853031,0.383666326801945,0.4107385539127521,0.02707222711080709,1.0582398724136426,False
1609,2025-02-15,清水エスパルス,京都サンガF.C.,A,H,False,0.2190517159688837,0.21506554569034167,0.5658827383407755,0.5658827383407755,0.3468310223718918,0.9853296684108626,False
1609,2025-02-15,柏レイソル,東京ヴェルディ,A,A,True,0.3864425251778163,0.18359557093132373,0.42996190389086,0.42996190389086,0.04351937871304368,1.0415300054288177,False
1609,2025-02-15,アビスパ福岡,セレッソ大阪,H,A,False,0.40934321685959196,0.18595927072245969,0.40469751241794805,0.40934321685959196,0.004645704441643916,1.044547308990916,False
1609,2025-02-15,町田,水戸ホーリーホック,H,A,False,0.44897094977577706,0.2137423873994682,0.3372866628247548,0.44897094977577706,0.11168428695102228,1.0559062616997907,False
1609,2025-02-15,鹿島アントラーズ,横浜F・マリノス,A,H,False,0.3090859436286361,0.3024348143218995,0.38847924204946493,0.38847924204946493,0.07939329842082882,1.0919006887077394,False
1609,2025-02-15,ジェフユナイテッド千葉,川崎フロンターレ,A,D,False,0.35275004862778814,0.2106142874438685,0.4366356639283441,0.4366356639283441,0.08388561530055594,1.0574643388659117,True
1609,2025-02-15,ガンバ大阪,名古屋グランパス,H,D,False,0.46979560317554125,0.21187831656708894,0.31832608025736975,0.46979560317554125,0.1514695229181715,1.0480725516413876,True
1609,2025-02-15,徳島ヴォルティス,アルビレックス新潟,A,H,False,0.24246361387503595,0.2483321817189303,0.5092042044060339,0.5092042044060339,0.2608720226871036,1.033136371373952,False
1609,2025-02-15,大宮,北海道コンサドーレ札幌,H,H,True,0.42061635122176044,0.19776468435626482,0.38161896442197524,0.42061635122176044,0.038997386799785205,1.0524068840301957,False
1609,2025-02-15,横浜FC,ベガルタ仙台,A,A,True,0.1809982998887853,0.15928888147290157,0.6597128186383132,0.6597128186383132,0.4787145187495279,0.8764019080737122,False
1609,2025-02-15,栃木シティ,ブラウブリッツ秋田,H,A,False,0.47796567012344243,0.16775724357889213,0.3542770862976655,0.47796567012344243,0.12368858382577691,1.01995338332011,False
1609,2025-02-15,サンフレッチェ広島,ファジアーノ岡山,H,D,False,0.456863358626586,0.2715374156765265,0.2715992256968874,0.456863358626586,0.18526413292969862,1.0658946385897698,True
1609,2025-02-15,FC東京,浦和レッズ,H,D,False,0.5289851466633055,0.16019450134956442,0.31082035198713026,0.5289851466633055,0.21816479467617528,0.9934359814598213,True
1610,2025-02-22,藤枝MYFC,ヴァンフォーレ甲府,A,D,False,0.3448168494162645,0.24464626763949063,0.4105368829442455,0.4105368829442455,0.065720033527981,1.0770853520287116,True
1610,2025-02-22,鹿島アントラーズ,柏レイソル,A,H,False,0.33168137160611094,0.257306002484199,0.41101262590969034,0.41101262590969034,0.0793312543035794,1.0807714286304761,False
1610,2025-02-22,清水エスパルス,ヴィッセル神戸,H,A,False,0.4015579013414931,0.21433411460797075,0.38410798405053675,0.4015579013414931,0.01744991729095635,1.064031010853922,False
1610,2025-02-22,横浜F・マリノス,浦和レッズ,H,H,True,0.5581231055051452,0.14441292553880208,0.2974639689560532,0.5581231055051452,0.260659136549092,0.9655980091436016,False
1610,2025-02-22,ファジアーノ岡山,ガンバ大阪,A,A,True,0.22742881656236638,0.20483024938104233,0.5677409340565919,0.5677409340565919,0.3403121174942255,0.9829693827785504,False
1610,2025-02-22,名古屋グランパス,V・ファーレン長崎,A,A,True,0.3487026067373741,0.20238280974676562,0.4489145835158607,0.4489145835158607,0.10021197677848664,1.050242172039596,False
1610,2025-02-22,川崎フロンターレ,FC東京,H,A,False,0.4982760854467699,0.17233080632837697,0.32939310822485296,0.4982760854467699,0.16888297722191692,1.0159078033975766,False
1610,2025-02-22,セレッソ大阪,サンフレッチェ広島,A,A,True,0.25160774498612243,0.2093719568159574,0.5390202981979211,0.5390202981979211,0.28741255321179865,1.007688119683865,False
1610,2025-02-22,京都サンガF.C.,アビスパ福岡,A,H,False,0.33960126266966806,0.21458453135950473,0.44581420597082727,0.44581420597082727,0.10621294330115921,1.0571726187810822,False
1610,2025-02-22,東京ヴェルディ,町田,H,D,False,0.4556330954904229,0.14413159435678313,0.40023531015279373,0.4556330954904229,0.05539778533762918,1.0038418652990648,True
1610,2025-02-22,宮崎,サガン鳥栖,H,H,True,0.5462645385164323,0.19812392032009946,0.25561154116346835,0.5462645385164323,0.29065299735296396,0.9997140865988212,False
1610,2025-02-22,徳島ヴォルティス,富山,A,A,True,0.28283220873208154,0.2426721682704987,0.4744956229974201,0.4744956229974201,0.19166341426533856,1.0545614962001748,False
1610,2025-02-22,水戸ホーリーホック,ジェフユナイテッド千葉,H,D,False,0.482434229391574,0.17497779983794925,0.3425879707704769,0.482434229391574,0.13984625862109706,1.0236440124216573,True
1613,2025-03-01,FC東京,柏レイソル,H,A,False,0.5106939990904317,0.1797774939474904,0.3095285069620784,0.5106939990904317,0.20116549212835327,1.0146687380425936,False
1613,2025-03-01,ベガルタ仙台,八戸,H,D,False,0.49749316912148905,0.19663779448238686,0.3058690363961239,0.49749316912148905,0.19162413272536516,1.0294785564214448,True
1613,2025-03-01,浦和レッズ,鹿島アントラーズ,A,A,True,0.2043982945824388,0.2947135303097438,0.5008881751078181,0.5008881751078181,0.20617464479807435,1.0308870122785871,False
1613,2025-03-01,富山,FC大阪,H,D,False,0.47369709953135114,0.20267132776704733,0.32363157270160203,0.47369709953135114,0.1500655268297491,1.0425430426373155,True
1613,2025-03-01,いわきFC,藤枝MYFC,H,A,False,0.4498430804680096,0.19460474175089787,0.35555217778109255,0.4498430804680096,0.09429090268691703,1.0455566839889148,False
1613,2025-03-01,FC今治,アルビレックス新潟,A,A,True,0.2648745906216119,0.26340583762581665,0.47171957175257195,0.47171957175257195,0.20684498113096006,1.0577208089802832,False
1613,2025-03-01,北海道コンサドーレ札幌,岐阜,A,A,True,0.3992569262920071,0.17384176538349289,0.4269013083245002,0.4269013083245002,0.027644382032493087,1.0341124854978427,False
1613,2025-03-01,栃木シティ,湘南ベルマーレ,H,A,False,0.380497711387775,0.24253613803523935,0.37696615057698607,0.380497711387775,0.003531560810788925,1.0790114006836404,False
1613,2025-03-01,V・ファーレン長崎,セレッソ大阪,A,H,False,0.3765789201003336,0.18818880763758652,0.43523227226207994,0.43523227226207994,0.05865335216174633,1.0441699733589909,False
1613,2025-03-01,ファジアーノ岡山,名古屋グランパス,H,D,False,0.535976150563444,0.1823654883976145,0.28165836103894154,0.535976150563444,0.2543177895245025,1.0014871475594673,True
1613,2025-03-01,横浜F・マリノス,東京ヴェルディ,H,H,True,0.5821433012616399,0.1309540989095985,0.28690259982876215,0.5821433012616399,0.2952407014328778,0.9394098790872318,False
1613,2025-03-01,川崎フロンターレ,水戸ホーリーホック,H,D,False,0.4285399901286279,0.1845393252190929,0.38692068465227947,0.4285399901286279,0.041619305476348456,1.0423790588421413,True
1613,2025-03-01,ガンバ大阪,清水エスパルス,H,A,False,0.49437198463177534,0.21257487664612204,0.2930531387221027,0.49437198463177534,0.20131884590967264,1.0371264838851426,False
1614,2025-03-08,ファジアーノ岡山,京都サンガF.C.,A,H,False,0.24523785001686912,0.2309122848199482,0.5238498651631833,0.5238498651631833,0.2786120151463142,1.0218357064215668,False
1614,2025-03-08,FC東京,横浜F・マリノス,A,H,False,0.37381451345916666,0.18905072396914183,0.4371347625716919,0.4371347625716919,0.06332024911252526,1.044476185124023,False
1614,2025-03-08,ガンバ大阪,V・ファーレン長崎,H,H,True,0.47140677613444315,0.1691495889174288,0.359443634948128,0.47140677613444315,0.11196314118631517,1.022869907819714,False
1614,2025-03-08,アビスパ福岡,名古屋グランパス,A,A,True,0.3853484351134314,0.17756055541973345,0.43709100946683505,0.43709100946683505,0.051742574353403625,1.0361170632767647,False
1614,2025-03-08,いわきFC,大宮,H,D,False,0.44352243432576954,0.23950065014017333,0.31697691553405816,0.44352243432576954,0.1265455187917114,1.0670640457476823,True
1614,2025-03-08,モンテディオ山形,ブラウブリッツ秋田,H,A,False,0.5003264601709787,0.18036583474778708,0.319307705081234,0.5003264601709787,0.1810187550897447,1.0199198437177706,False
1614,2025-03-08,浦和レッズ,水戸ホーリーホック,A,H,False,0.375670705756908,0.15256639908842848,0.47176289515466446,0.47176289515466446,0.09609218939775649,1.0090714906893012,False
1614,2025-03-08,セレッソ大阪,清水エスパルス,H,D,False,0.5468744841716351,0.1446698314393271,0.3084556843890375,0.5468744841716351,0.2384187997825976,0.9725472828456615,True
1614,2025-03-08,ジェフユナイテッド千葉,柏レイソル,H,H,True,0.4169674328516378,0.20505550475529835,0.37797706239306406,0.4169674328516378,0.03899037045857373,1.057388423658319,False
1614,2025-03-08,ベガルタ仙台,湘南ベルマーレ,H,D,False,0.4828225529986981,0.24710003807473685,0.2700774089265653,0.4828225529986981,0.2127451440721328,1.0505264322241998,True
1614,2025-03-08,藤枝MYFC,ジュビロ磐田,A,D,False,0.31121144827098285,0.24623213612558018,0.4425564156034368,0.4425564156034368,0.13134496733245393,1.0691276706548927,True
1614,2025-03-08,八戸,横浜FC,H,D,False,0.4657089527487997,0.26402071528347903,0.2702703319677217,0.4657089527487997,0.195438620781078,1.0610993628578091,True
1614,2025-03-08,鹿島アントラーズ,東京ヴェルディ,H,A,False,0.46666559877129526,0.2628296853253935,0.27050471590331154,0.46666559877129526,0.19616088286798372,1.0605471769591417,False
1616,2025-03-15,水戸ホーリーホック,FC東京,H,D,False,0.4554499631542521,0.165264589816736,0.37928544702901235,0.4554499631542521,0.07616451612523978,1.0234124449428148,True
1616,2025-03-15,清水エスパルス,ファジアーノ岡山,H,D,False,0.5208055192876517,0.16574910095362347,0.313445379758725,0.5208055192876517,0.20736013952892673,1.0012973659827826,True
1616,2025-03-15,八戸,栃木シティ,H,A,False,0.46174971124957187,0.2539047775178708,0.2843455112325573,0.46174971124957187,0.17740420001701457,1.0624435736222713,False
1616,2025-03-15,ジュビロ磐田,北海道コンサドーレ札幌,A,A,True,0.3920651665695068,0.16218052028759422,0.44575431314289926,0.44575431314289926,0.053689146573392466,1.0222788324191425,False
1616,2025-03-15,東京ヴェルディ,浦和レッズ,H,H,True,0.4849078142331886,0.14029425764739967,0.3747979281194114,0.4849078142331886,0.1101098861137772,0.9943291352521366,False
1616,2025-03-15,V・ファーレン長崎,アビスパ福岡,H,H,True,0.48067914533391487,0.14248789345536578,0.3768329612107195,0.48067914533391487,0.10384618412319535,0.9975328182486485,False
1616,2025-03-15,京都サンガF.C.,セレッソ大阪,A,A,True,0.41644792888084864,0.14592783950986274,0.43762423160928865,0.43762423160928865,0.02117630272844001,1.0073151480663969,False
1616,2025-03-15,柏レイソル,町田,H,A,False,0.5952594296428689,0.12976291378774282,0.2749776565693884,0.5952594296428689,0.32028177307348055,0.9287915795186192,False
1616,2025-03-15,横浜F・マリノス,ジェフユナイテッド千葉,H,H,True,0.47901314905657716,0.1805674788293663,0.34041937211405704,0.47901314905657716,0.13859377694252012,1.0284632550038986,False
1616,2025-03-15,名古屋グランパス,ヴィッセル神戸,H,A,False,0.40379423495432165,0.1940636523718953,0.4021421126737832,0.40379423495432165,0.0016521222805384594,1.0506927557334278,False
1616,2025-03-15,鹿島アントラーズ,川崎フロンターレ,A,H,False,0.3504785861720067,0.2519183998891568,0.3976030139388371,0.3976030139388371,0.0471244277668304,1.081478322654114,False
1616,2025-03-15,サンフレッチェ広島,ガンバ大阪,A,H,False,0.32360129008069505,0.28403707887295115,0.3923616310463545,0.3923616310463545,0.06876034096565947,1.08968662894154,False
1617,2025-03-18,ジェフユナイテッド千葉,FC東京,A,A,True,0.3603146570492432,0.1742401610463111,0.46544518190444584,0.46544518190444584,0.10513052485520263,1.0282088636694935,False
1617,2025-03-18,名古屋グランパス,サンフレッチェ広島,A,H,False,0.21028288424184738,0.17192871047802297,0.6177884052801295,0.6177884052801295,0.4075055210382821,0.9281377003431359,False
1617,2025-03-18,アビスパ福岡,清水エスパルス,H,A,False,0.4700000263724426,0.18070442545033788,0.34929554817721986,0.4700000263724426,0.12070447819522273,1.031428407707205,False
1617,2025-03-18,町田,鹿島アントラーズ,A,A,True,0.324442778869826,0.2420522887095748,0.4335049324205998,0.4335049324205998,0.10906215355077381,1.0709294987053557,False
1617,2025-03-18,セレッソ大阪,ファジアーノ岡山,H,H,True,0.5226483895724662,0.17207403314891836,0.3052775772786154,0.5226483895724662,0.2173708122938508,1.0041617912879612,False
1618,2025-03-22,セレッソ大阪,ヴィッセル神戸,H,D,False,0.40854742200471267,0.2122493446610532,0.3792032333342346,0.40854742200471267,0.029344188670478055,1.0624021503321859,True
1618,2025-03-22,浦和レッズ,町田,H,A,False,0.4851351647545648,0.15476907622503233,0.36009575902040264,0.4851351647545648,0.12503940573416217,1.0074796390019523,False
1618,2025-03-22,FC今治,徳島ヴォルティス,A,H,False,0.2997244114195142,0.24825809933032705,0.45201748925015905,0.45201748925015905,0.15229307783064483,1.0659475623632504,False
1618,2025-03-22,北海道コンサドーレ札幌,ヴァンフォーレ甲府,H,H,True,0.44956124694021016,0.26082428870887847,0.2896144643509111,0.44956124694021016,0.15994678258929906,1.0688321846081823,False
1618,2025-03-22,東京ヴェルディ,FC東京,H,D,False,0.43098668784134575,0.20070537085623802,0.36830794130241706,0.43098668784134575,0.06267874653892869,1.0529474577475177,True
1618,2025-03-22,ブラウブリッツ秋田,八戸,A,H,False,0.32988691315483787,0.23708574945492505,0.433027337390237,0.433027337390237,0.10314042423539915,1.0695159373706502,False
1618,2025-03-22,ファジアーノ岡山,V・ファーレン長崎,A,H,False,0.33451827650384064,0.2020347250047161,0.46344699849144355,0.46344699849144355,0.1289287219876029,1.0458562036219976,False
1618,2025-03-22,アビスパ福岡,ガンバ大阪,A,D,False,0.33801097265253455,0.1904858932606778,0.47150313408678796,0.47150313408678796,0.1334921614342534,1.03698203393342,True
1618,2025-03-22,鹿島アントラーズ,ジェフユナイテッド千葉,H,H,True,0.4503621283978334,0.24208501619133188,0.307552855410835,0.4503621283978334,0.14280927298699841,1.0652829210110513,False
1618,2025-03-22,京都サンガF.C.,名古屋グランパス,A,D,False,0.3970279593531014,0.19346073909394282,0.40951130155295623,0.40951130155295623,0.012483342199854808,1.0501561443115783,True
1618,2025-03-22,川崎フロンターレ,横浜F・マリノス,H,A,False,0.46615427857979624,0.2118248377766816,0.32202088364352266,0.46615427857979624,0.14413339493627358,1.0494325486369087,False
1618,2025-03-22,清水エスパルス,サンフレッチェ広島,A,A,True,0.25032583646542916,0.2783048339070225,0.47136932962754896,0.47136932962754896,0.19306449572052647,1.0571849390579116,False
1618,2025-03-22,柏レイソル,水戸ホーリーホック,H,H,True,0.4451242243537779,0.18853653374245705,0.36633924190376554,0.4451242243537779,0.07878498245001236,1.0427269172793479,False
1619,2025-03-29,藤枝MYFC,北海道コンサドーレ札幌,A,D,False,0.2919881343712748,0.2885577931089974,0.4194540725197284,0.4194540725197284,0.12746593814845358,1.082508815642518,True
1619,2025-03-29,富山,FC今治,A,D,False,0.1983596739094037,0.24863340765539513,0.5530069184352014,0.5530069184352014,0.30437351077980634,0.9945159762439961,True
1619,2025-03-29,鳥取,サガン鳥栖,A,A,True,0.36385485239091386,0.16288667437363027,0.47325847323545633,0.47325847323545633,0.10940362084454247,1.0174989796187859,False
1619,2025-03-29,八戸,相模原,A,D,False,0.2460480588492031,0.1998084074560563,0.554143533694741,0.554143533694741,0.3080954748455379,0.9939147085043064,True
1619,2025-03-29,ブラウブリッツ秋田,ベガルタ仙台,A,D,False,0.3099545937137064,0.3293396027420249,0.36070580354426957,0.36070580354426957,0.03136620080224467,1.0966542317142487,True
1619,2025-03-29,ヴァンフォーレ甲府,大宮,A,A,True,0.23612001156694737,0.2152862067701909,0.5485937816628618,0.5485937816628618,0.31247377009591437,1.0008270105904047,False
1619,2025-03-29,横浜FC,湘南ベルマーレ,H,H,True,0.4398730813760344,0.24519162098788913,0.31493529763607686,0.4398730813760344,0.12493778373995756,1.0697962300437416,False
1619,2025-03-29,FC大阪,アルビレックス新潟,A,D,False,0.3344378470187214,0.25556943823133127,0.4099927147499476,0.4099927147499476,0.07555486773122616,1.080530656709401,True
1619,2025-03-29,徳島ヴォルティス,高知,H,H,True,0.45029129607043417,0.18958603167685067,0.3601226722527152,0.45029129607043417,0.09016862381771895,1.0423317155433969,False
1619,2025-03-29,いわきFC,ジュビロ磐田,H,H,True,0.3616743729427921,0.32345044091714353,0.3148751861400647,0.3616743729427921,0.038223932025648555,1.0967714960526878,False
1619,2025-03-29,モンテディオ山形,栃木シティ,A,A,True,0.34993074101920957,0.28630607137002534,0.3637631876107653,0.3637631876107653,0.013832446591555747,1.0933718579900469,False
1620,2025-04-05,ジェフユナイテッド千葉,東京ヴェルディ,H,H,True,0.4062147493316161,0.20869858928033677,0.3850866613880478,0.4062147493316161,0.021128087943568297,1.0604335299910406,False
1620,2025-04-05,ファジアーノ岡山,ヴィッセル神戸,A,A,True,0.3387464954672377,0.1773793357900687,0.4838741687426934,0.4838741687426934,0.14512767327545573,1.0247244458018698,False
1620,2025-04-05,V・ファーレン長崎,清水エスパルス,H,A,False,0.42910154759255886,0.16976358483403556,0.40113486757340605,0.42910154759255886,0.027966680019152812,1.0305160582002788,False
1620,2025-04-05,名古屋グランパス,セレッソ大阪,A,A,True,0.29859302184941516,0.1535398156851927,0.5478671624653927,0.5478671624653927,0.24927414061597752,0.9782677036908014,False
1620,2025-04-05,ジュビロ磐田,ヴァンフォーレ甲府,A,H,False,0.36557470255853874,0.21173964074206555,0.42268565669939623,0.42268565669939623,0.057110954140857484,1.060562195635302,False
1620,2025-04-05,柏レイソル,横浜F・マリノス,H,H,True,0.5222658083277689,0.16712459422850853,0.31060959744372246,0.5222658083277689,0.21165621088404646,1.0014116936477258,False
1620,2025-04-05,水戸ホーリーホック,鹿島アントラーズ,A,D,False,0.22771525796258243,0.22543861921033223,0.546846122827086,0.546846122827086,0.3191308648645036,1.0028482313987714,True
1620,2025-04-05,ガンバ大阪,京都サンガF.C.,H,H,True,0.43301128919868553,0.19868082816247346,0.3683078826388413,0.43301128919868553,0.06470340655984425,1.0513852202875928,False
1620,2025-04-05,サンフレッチェ広島,アビスパ福岡,H,A,False,0.4906469799521372,0.20895218718923594,0.30040083285862657,0.4906469799521372,0.19024614709351062,1.0377748486929135,False
1620,2025-04-05,川崎フロンターレ,浦和レッズ,H,H,True,0.42466445067696135,0.20173470142277336,0.3736008479002654,0.42466445067696135,0.05106360277669597,1.0544788486465393,False
1620,2025-04-05,FC東京,町田,H,D,False,0.46406459615700024,0.22836411988283806,0.30757128396016237,0.46406459615700024,0.15649331219683787,1.0561697566293407,True
1620,2025-04-05,八戸,モンテディオ山形,H,A,False,0.4139930143995804,0.2744464340691593,0.3115605515312606,0.4139930143995804,0.1024324628683198,1.0832919535176777,False
1621,2025-04-12,サンフレッチェ広島,清水エスパルス,A,A,True,0.41177433315548556,0.16794859456677388,0.42027707227774086,0.42027707227774086,0.008502739122255298,1.029309128516894,False
1621,2025-04-12,アビスパ福岡,V・ファーレン長崎,H,H,True,0.4525529438934154,0.237935471166682,0.3095115849399028,0.4525529438934154,0.1430413589535126,1.0634067936750249,False
1621,2025-04-12,ヴィッセル神戸,名古屋グランパス,A,H,False,0.3338061734893744,0.2899942186381437,0.37619960787248247,0.37619960787248247,0.04239343438310805,1.0930186326042384,False
1621,2025-04-12,横浜F・マリノス,FC東京,H,A,False,0.5045676196012682,0.14214233523889067,0.35329004515984164,0.5045676196012682,0.15127757444142653,0.9900466778876592,False
1621,2025-04-12,京都サンガF.C.,ファジアーノ岡山,H,H,True,0.4352145405180774,0.19832392928217926,0.36646153019974376,0.4352145405180774,0.06875301031833364,1.0507977987808816,False
1621,2025-04-12,ガンバ大阪,セレッソ大阪,H,A,False,0.467616635382618,0.16282123333523277,0.3695621312821495,0.467616635382618,0.09805450410046851,1.018851243260373,False
1621,2025-04-12,浦和レッズ,東京ヴェルディ,A,D,False,0.34312997362900943,0.14795882757786186,0.5089111987931285,0.5089111987931285,0.16578122516411908,0.9935106857908103,True
1621,2025-04-12,ジェフユナイテッド千葉,水戸ホーリーホック,H,H,True,0.43909890855440187,0.21163530900411193,0.3492657824414868,0.43909890855440187,0.08983312611291505,1.057438733813569,False
1621,2025-04-12,川崎フロンターレ,鹿島アントラーズ,A,A,True,0.2587648040719273,0.18951489076213934,0.5517203051659336,0.5517203051659336,0.2929555010940063,0.9931411081848005,False
1621,2025-04-12,ヴァンフォーレ甲府,北海道コンサドーレ札幌,A,H,False,0.173310254233905,0.17662336480915916,0.6500663809569356,0.6500663809569356,0.4734430161477764,0.8899453541433355,False
1621,2025-04-12,ブラウブリッツ秋田,湘南ベルマーレ,A,A,True,0.2896031070136729,0.3332898370736602,0.377107055912667,0.377107055912667,0.0438172188390068,1.0928533524958397,False
1621,2025-04-12,町田,柏レイソル,H,H,True,0.5152118201431006,0.16601207479123475,0.3187761050656648,0.5152118201431006,0.19643571507743585,1.0042296984688495,False
1621,2025-04-12,モンテディオ山形,横浜FC,H,H,True,0.41246736689722197,0.20749618989953533,0.38003644320324287,0.41246736689722197,0.0324309236939791,1.0592783847795277,False
1622,2025-04-19,鹿島アントラーズ,浦和レッズ,H,H,True,0.49775000304218797,0.2724659644134657,0.2297840325443466,0.49775000304218797,0.22528403862872226,1.0394544494592253,False
1622,2025-04-19,アルビレックス新潟,FC今治,A,H,False,0.26157755566673546,0.1711986298894437,0.5672238144438209,0.5672238144438209,0.3056462587770854,0.9745522889049634,False
1622,2025-04-19,東京ヴェルディ,ジェフユナイテッド千葉,H,H,True,0.5078553978473115,0.19014651535468524,0.30199808679800366,0.5078553978473115,0.20585731104930782,1.0213301902231304,False
1622,2025-04-19,水戸ホーリーホック,柏レイソル,H,H,True,0.446955855786502,0.22066163343001818,0.3323825107834803,0.446955855786502,0.11457334500302169,1.0594877625807573,False
1622,2025-04-19,横浜F・マリノス,川崎フロンターレ,H,H,True,0.5042867277447889,0.1525768551344357,0.3431364171207757,0.5042867277447889,0.1611503106240132,0.9991256525135492,False
1622,2025-04-19,ガンバ大阪,ファジアーノ岡山,H,D,False,0.4329343896204771,0.17934779816056334,0.38771781221895985,0.4329343896204771,0.045216577401517244,1.037989529488938,True
1622,2025-04-19,セレッソ大阪,京都サンガF.C.,H,A,False,0.3868591810962932,0.25358298511089433,0.3595578337928129,0.3868591810962932,0.027301347303480272,1.0831147738043663,False
1622,2025-04-19,名古屋グランパス,アビスパ福岡,A,D,False,0.23407524831974763,0.17563733816887347,0.5902874135113784,0.5902874135113784,0.35621216519163074,0.9565631021170069,True
1622,2025-04-19,大宮,ジュビロ磐田,A,A,True,0.3750240163824134,0.21225647122947414,0.4127195123881128,0.4127195123881128,0.03769549600569938,1.0620509708481143,False
1622,2025-04-19,モンテディオ山形,八戸,H,H,True,0.4565042784713949,0.2424884638306541,0.301007257697951,0.4565042784713949,0.1554970207734439,1.062924657619282,False
1622,2025-04-19,ベガルタ仙台,栃木シティ,A,H,False,0.320643038905087,0.2436949729652578,0.4356619881296555,0.4356619881296555,0.11501894922456851,1.0707523731262558,False
1622,2025-04-19,ヴァンフォーレ甲府,藤枝MYFC,A,A,True,0.20389188590318863,0.13517453032780108,0.6609335837690098,0.6609335837690098,0.45704169786582116,0.8684254074237496,False
1622,2025-04-19,ブラウブリッツ秋田,横浜FC,A,A,True,0.35688038710545267,0.21292629921761538,0.4301933136769325,0.4301933136769325,0.07331292657147981,1.05994662941489,False
1624,2025-04-25,浦和レッズ,横浜F・マリノス,A,A,True,0.3944020432179261,0.15980758993087466,0.4457903668511994,0.4457903668511994,0.05138832363327328,1.0201551798723798,False
1624,2025-04-25,ファジアーノ岡山,アビスパ福岡,A,H,False,0.33680419773111603,0.24366425932331076,0.41953154294557377,0.41953154294557377,0.08272734521445774,1.0749855647590516,False
1624,2025-04-25,川崎フロンターレ,ジェフユナイテッド千葉,H,H,True,0.5432191485184852,0.19199967829489192,0.26478117318662336,0.5432191485184852,0.2784379753318618,1.0001999520300777,False
1624,2025-04-25,V・ファーレン長崎,ガンバ大阪,H,D,False,0.3944523659627368,0.21198512905734332,0.3935625049799203,0.3944523659627368,0.0008898609828165149,1.0627847526405083,True
1624,2025-04-25,アルビレックス新潟,FC大阪,A,H,False,0.3541316745443549,0.2855026244616324,0.36036570099401305,0.36036570099401305,0.006234026449658148,1.0933001804863882,False
1624,2025-04-25,宮崎,鹿児島,A,H,False,0.2828566517206086,0.33983588570324974,0.3773074625761416,0.3773074625761416,0.037471576872891876,1.0917375950457484,False
1624,2025-04-25,ベガルタ仙台,モンテディオ山形,A,H,False,0.3545432599512903,0.2622097470393686,0.3832469930093414,0.3832469930093414,0.028703733058051073,1.0861943098985387,False
1624,2025-04-25,清水エスパルス,名古屋グランパス,H,A,False,0.47086752013067545,0.21720889161920537,0.31192358825011945,0.47086752013067545,0.158943931880556,1.0496926801304873,False
1624,2025-04-25,福島,ヴァンフォーレ甲府,A,A,True,0.3529410941328202,0.21307292329292318,0.43398598257425697,0.43398598257425697,0.08104488844143676,1.0592752129227136,False
1624,2025-04-25,北海道コンサドーレ札幌,いわきFC,H,H,True,0.430525569187703,0.27247141490193194,0.2970030159103659,0.430525569187703,0.13352255327733714,1.0776635335499525,False
1624,2025-04-25,藤枝MYFC,大宮,A,D,False,0.30265892794542054,0.2868062380749634,0.41053483397961654,0.41053483397961654,0.107875906034196,1.085425542846338,True
1624,2025-04-25,相模原,湘南ベルマーレ,A,D,False,0.24993372253852328,0.20242676556412484,0.5476395118973527,0.5476395118973527,0.2977057893588294,0.999654439280794,True
1624,2025-04-25,FC今治,富山,A,A,True,0.37473954701513223,0.18100755399802904,0.44425289898683884,0.44425289898683884,0.0695133519717066,1.0376465765064093,False
1625,2025-04-29,浦和レッズ,川崎フロンターレ,A,H,False,0.27991108541328935,0.13271674474027004,0.5873721698464399,0.5873721698464399,0.30746108443315057,0.9369713929722744,False
1625,2025-04-29,ヴィッセル神戸,セレッソ大阪,H,A,False,0.40157870785568583,0.20987532275229712,0.3885459693920172,0.40157870785568583,0.013032738463668647,1.0613566386804534,False
1625,2025-04-29,アビスパ福岡,サンフレッチェ広島,A,D,False,0.3788772516681802,0.23062471062463388,0.39049803770718633,0.39049803770718633,0.011620786039006126,1.0732326332641282,True
1625,2025-04-29,東京ヴェルディ,鹿島アントラーズ,A,H,False,0.18482773103040892,0.174516269964114,0.6406559990054765,0.6406559990054765,0.4558282679750676,0.9019701382730614,False
1625,2025-04-29,柏レイソル,FC東京,H,A,False,0.4995454053279818,0.15200411275417816,0.3484504819178401,0.4995454053279818,0.1510949234101417,1.0004225837651715,False
1625,2025-04-29,ジェフユナイテッド千葉,横浜F・マリノス,H,A,False,0.4410908991490337,0.17953997889335302,0.3793691219576138,0.4410908991490337,0.06172177719141991,1.0370709623999586,False
1625,2025-04-29,富山,アルビレックス新潟,H,H,True,0.3628486139409703,0.31767723601839887,0.3194741500406314,0.3628486139409703,0.04337446390033889,1.096676748462918,False
1625,2025-04-29,北海道コンサドーレ札幌,藤枝MYFC,A,H,False,0.35134973515329826,0.16750710436674995,0.48114316047995237,0.48114316047995237,0.1297934253266541,1.01879200621754,False
1625,2025-04-29,ブラウブリッツ秋田,モンテディオ山形,H,H,True,0.49715266643164097,0.21320205101120718,0.28964528255715205,0.49715266643164097,0.20750738387448892,1.035845108647949,False
1625,2025-04-29,清水エスパルス,V・ファーレン長崎,H,H,True,0.4590002095613086,0.2449278160824692,0.29607197435622296,0.4590002095613086,0.16292823520508565,1.0623528111121587,False
1625,2025-04-29,水戸ホーリーホック,町田,H,D,False,0.5495249686382208,0.16228490452052707,0.28819012684125317,0.5495249686382208,0.2613348417969676,0.9826477321343423,True
1625,2025-04-29,名古屋グランパス,ファジアーノ岡山,H,D,False,0.46043585525664443,0.25254940666383413,0.2870147380795219,0.46043585525664443,0.17342111717712255,1.062909120187554,True
1625,2025-04-29,京都サンガF.C.,ガンバ大阪,H,D,False,0.449462935434153,0.211870479553937,0.33866658501191027,0.449462935434153,0.11079635042224273,1.0549003395010794,True
1626,2025-05-03,ジュビロ磐田,いわきFC,A,D,False,0.31221032129378035,0.23105514412953557,0.4567345345766843,0.4567345345766843,0.14452421328290393,1.059877227461882,True
1626,2025-05-03,東京ヴェルディ,柏レイソル,H,H,True,0.45907756118227544,0.16227784013855678,0.37864459867916817,0.45907756118227544,0.08043296250310727,1.0202252865246486,False
1626,2025-05-03,セレッソ大阪,アビスパ福岡,H,D,False,0.5486987403034119,0.14610571894200808,0.3051955407545803,0.5486987403034119,0.24350319954883165,0.9725623524701479,True
1626,2025-05-03,浦和レッズ,ジェフユナイテッド千葉,H,H,True,0.5140250962654833,0.14364908062813803,0.34232582310637877,0.5140250962654833,0.17169927315910455,0.9877797807288402,False
1626,2025-05-03,横浜F・マリノス,水戸ホーリーホック,H,D,False,0.4491983635970406,0.2141530823038023,0.3366485540991571,0.4491983635970406,0.11254980949788346,1.0560275030600894,True
1626,2025-05-03,京都サンガF.C.,清水エスパルス,A,A,True,0.36601767636033145,0.2621901993373058,0.37179212430236314,0.37179212430236314,0.005774447942031691,1.0867235393204222,False
1626,2025-05-03,ガンバ大阪,ヴィッセル神戸,H,H,True,0.39379487196856694,0.22753321322366007,0.3786719148077735,0.39379487196856694,0.015122957160793427,1.0715636035276588,False
1626,2025-05-03,鹿島アントラーズ,町田,A,D,False,0.39182764467041264,0.21128359014730527,0.3968887651822817,0.3968887651822817,0.005061120511869077,1.062332690839931,True
1626,2025-05-03,ファジアーノ岡山,サンフレッチェ広島,A,H,False,0.31534297275068296,0.2547803103447985,0.4298767169045188,0.4298767169045188,0.11453374415383583,1.0752366998417724,False
1626,2025-05-03,V・ファーレン長崎,名古屋グランパス,H,A,False,0.5535299188337789,0.12775004095238046,0.318720040213841,0.5535299188337789,0.2348098786199379,0.9546860510284463,False
1626,2025-05-03,ベガルタ仙台,ブラウブリッツ秋田,A,A,True,0.3271599115386553,0.18792208170363298,0.4849180067577122,0.4849180067577122,0.15775809521905687,1.0306641314199787,False
1626,2025-05-03,サガン鳥栖,宮崎,A,D,False,0.35614055356837515,0.24611704973725523,0.39774239669436984,0.39774239669436984,0.041601843125994686,1.0794323336217115,True
1626,2025-05-03,FC東京,川崎フロンターレ,H,A,False,0.509398273776099,0.20131815114197762,0.2892835750819238,0.509398273776099,0.22011469869417521,1.0251007621237598,False
1627,2025-05-06,清水エスパルス,セレッソ大阪,H,H,True,0.46447057501026623,0.23037560537622143,0.30515381961351284,0.46447057501026623,0.15931675539675338,1.0565831857713228,False
1627,2025-05-06,町田,横浜F・マリノス,H,H,True,0.4611703906662597,0.1734887806300664,0.3653408287036746,0.4611703906662597,0.09582956196258507,1.02870116359701,False
1627,2025-05-06,アビスパ福岡,京都サンガF.C.,H,A,False,0.42998125018889927,0.19201997408999588,0.3779987757211054,0.42998125018889927,0.05198247446779386,1.0475144675274333,False
1627,2025-05-06,柏レイソル,浦和レッズ,H,A,False,0.4525007019804158,0.20817202725433318,0.33932727076525177,0.4525007019804158,0.11317343121516404,1.0522624561412164,False
1627,2025-05-06,鹿島アントラーズ,水戸ホーリーホック,H,H,True,0.40848747822889225,0.2524144976852591,0.3390980240858484,0.40848747822889225,0.06938945414304387,1.079934073622488,False
1627,2025-05-06,サンフレッチェ広島,ヴィッセル神戸,H,D,False,0.4478247669310895,0.1673981756535665,0.38477705741534424,0.4478247669310895,0.06304770951574529,1.026462819917866,True
1627,2025-05-06,名古屋グランパス,ガンバ大阪,A,H,False,0.24429291594274807,0.2067921794800366,0.5489149045772156,0.5489149045772156,0.30462198863446754,0.9994619411948682,False
1627,2025-05-06,FC東京,ジェフユナイテッド千葉,H,A,False,0.4352925576547375,0.25307577837124356,0.31163166397401953,0.4352925576547375,0.12366089368071798,1.0731335477404265,False
1627,2025-05-06,川崎フロンターレ,東京ヴェルディ,H,H,True,0.5534062413541835,0.1467832848824454,0.29981047376337155,0.5534062413541835,0.2535957675908119,0.9702305616256602,False
1627,2025-05-06,八戸,湘南ベルマーレ,H,A,False,0.36979647880555555,0.29237921559730795,0.33782430559713633,0.36979647880555555,0.03197217320841922,1.0940310823501571,False
1627,2025-05-06,アルビレックス新潟,徳島ヴォルティス,A,H,False,0.296550122574222,0.17149275822618668,0.5319571191995913,0.5319571191995913,0.23540699662536935,0.9986140093881409,False
1627,2025-05-06,V・ファーレン長崎,ファジアーノ岡山,H,H,True,0.48656745237036203,0.1667835826836139,0.3466489649460249,0.48656745237036203,0.13991848742433716,1.0164871351701097,False
1627,2025-05-06,ヴァンフォーレ甲府,ジュビロ磐田,A,A,True,0.15047492694320558,0.15205271638217457,0.6974723566746196,0.6974723566746196,0.545419640292445,0.8226828498785803,False
1628,2025-05-10,北海道コンサドーレ札幌,大宮,H,H,True,0.5030680321822989,0.21084872356325277,0.28608324425444853,0.5030680321822989,0.21698478792785036,1.0318582092876663,False
1628,2025-05-10,セレッソ大阪,V・ファーレン長崎,H,H,True,0.5107976965127919,0.2149272208494283,0.27427508263778055,0.5107976965127919,0.2365226138750114,1.0283943864817846,False
1628,2025-05-10,横浜F・マリノス,鹿島アントラーズ,A,A,True,0.3331459915164102,0.20508424342921516,0.46176976505437495,0.46176976505437495,0.12862377353796473,1.0479119510350376,False
1628,2025-05-10,水戸ホーリーホック,浦和レッズ,A,H,False,0.3795341747067909,0.2359692258866194,0.3844965994065897,0.3844965994065897,0.004962424699798795,1.0759586891898152,False
1628,2025-05-10,名古屋グランパス,京都サンガF.C.,H,H,True,0.4547266227038201,0.22340095197868448,0.3218724253174956,0.4547266227038201,0.13285419738632448,1.0580564037182292,False
1628,2025-05-10,ヴィッセル神戸,ファジアーノ岡山,A,A,True,0.39072913761442846,0.2010467921322528,0.408224070253319,0.408224070253319,0.01749493263889057,1.055450767809139,False
1628,2025-05-10,ガンバ大阪,サンフレッチェ広島,H,A,False,0.4332365541613003,0.28597798751036385,0.2807854583283362,0.4332365541613003,0.14725856665093645,1.0770324816291001,False
1628,2025-05-10,柏レイソル,川崎フロンターレ,H,H,True,0.38950146294303434,0.24698643466686798,0.36351210239009746,0.38950146294303434,0.02598936055293688,1.0805007666779631,False
1628,2025-05-10,ジェフユナイテッド千葉,町田,A,A,True,0.41003316830322706,0.1637949634113785,0.4261718682853948,0.4261718682853948,0.016138699982167715,1.025366970978312,False
1628,2025-05-10,いわきFC,ヴァンフォーレ甲府,H,A,False,0.36515534230930197,0.30705726871721056,0.3277873889734878,0.36515534230930197,0.037367953335814164,1.096029101212831,False
1628,2025-05-10,FC東京,東京ヴェルディ,H,H,True,0.5494950595664267,0.19012007712028578,0.26038486331328753,0.5494950595664267,0.2891101962531392,0.9950038566560164,False
1628,2025-05-10,清水エスパルス,アビスパ福岡,H,D,False,0.5365456909343568,0.1650443090626892,0.2984100000029547,0.5365456909343568,0.23813569093140208,0.9922526978757309,True
1630,2025-05-17,セレッソ大阪,名古屋グランパス,H,H,True,0.42586022088397946,0.17466718432403336,0.39947259479198777,0.42586022088397946,0.02638762609199169,1.0348652012505168,False
1630,2025-05-17,ファジアーノ岡山,清水エスパルス,H,H,True,0.4236671217668745,0.16527053877404274,0.4110623394590832,0.4236671217668745,0.012604782307791274,1.026802395016514,False
1630,2025-05-17,FC琉球,鳥取,A,A,True,0.34060191947521157,0.23806150068248133,0.4213365798423077,0.4213365798423077,0.08073466036709614,1.0726853180591112,False
1630,2025-05-17,川崎フロンターレ,町田,H,D,False,0.4776456900804097,0.19654670679054742,0.32580760312904355,0.4776456900804097,0.15183808695136614,1.0380551335262158,True
1630,2025-05-17,V・ファーレン長崎,ヴィッセル神戸,H,D,False,0.4167157063594939,0.1813677757723355,0.4019165178681711,0.4167157063594939,0.014799188491322779,1.0407600266019934,True
1630,2025-05-17,横浜F・マリノス,柏レイソル,H,A,False,0.5140862032066876,0.1706478549578531,0.3152659418354593,0.5140862032066876,0.19882026137122832,1.00770985078565,False
1630,2025-05-17,富山,徳島ヴォルティス,A,D,False,0.35263227696580846,0.2645675957934839,0.3828001272407082,0.3828001272407082,0.030167850274899766,1.0869244376560498,True
1630,2025-05-17,ジュビロ磐田,藤枝MYFC,A,A,True,0.3062796531987014,0.27374582329320424,0.4199745235080945,0.4199745235080945,0.11369487030939313,1.08141390347874,False
1630,2025-05-17,水戸ホーリーホック,東京ヴェルディ,H,H,True,0.5629140089515338,0.18854599591801743,0.24853999513044883,0.5629140089515338,0.31437401382108493,0.9840443489021888,False
1630,2025-05-17,ジェフユナイテッド千葉,鹿島アントラーズ,A,A,True,0.28303996817852595,0.22016791952734274,0.4967921122941319,0.4967921122941319,0.21375214411560595,1.0379857493238749,False
1630,2025-05-17,浦和レッズ,FC東京,A,D,False,0.3601801008795625,0.19278953920206685,0.44703035991837053,0.44703035991837053,0.08685025903880805,1.0450769928222532,True
1630,2025-05-17,京都サンガF.C.,サンフレッチェ広島,A,A,True,0.32165435653373836,0.24160785953089922,0.4367377839353629,0.4367377839353629,0.11508342740162453,1.0698379899597106,False
1631,2025-05-24,アビスパ福岡,ヴィッセル神戸,H,H,True,0.49320662661355186,0.19219884934470832,0.31459452404174065,0.49320662661355186,0.1786121025718112,1.0294102463852053,False
1631,2025-05-24,京都サンガF.C.,V・ファーレン長崎,H,H,True,0.47697916723082256,0.23377751625972332,0.28924331650945395,0.47697916723082256,0.1877358507213686,1.0516707218439116,False
1631,2025-05-24,柏レイソル,ジェフユナイテッド千葉,H,H,True,0.540283000706593,0.16964064037702098,0.2900763589163866,0.540283000706593,0.25020664179020635,0.9925884114839717,False
1631,2025-05-24,東京ヴェルディ,横浜F・マリノス,H,A,False,0.44978681018272815,0.218645028334479,0.3315681614827933,0.44978681018272815,0.11821864869993487,1.0578040069278218,False
1631,2025-05-24,徳島ヴォルティス,FC今治,H,D,False,0.5496650790881905,0.14743048234181258,0.3029044385699975,0.5496650790881905,0.24676064051819302,0.9729558918078298,True
1631,2025-05-24,藤枝MYFC,いわきFC,A,D,False,0.3147719129825569,0.25967363085047873,0.42555445616696497,0.42555445616696497,0.11078254318440806,1.0775504317615403,True
1631,2025-05-24,水戸ホーリーホック,川崎フロンターレ,H,A,False,0.4364328616220265,0.19797745252284027,0.36558968585513335,0.4364328616220265,0.07084317576689314,1.0503725355571798,False
1631,2025-05-24,清水エスパルス,ガンバ大阪,H,A,False,0.42880526899124244,0.22899417491917268,0.34220055608958555,0.42880526899124244,0.08660471290165689,1.0676043454645556,False
1631,2025-05-24,北海道コンサドーレ札幌,ジュビロ磐田,H,A,False,0.42648998156895185,0.21271964193492585,0.3607903764961222,0.42648998156895185,0.06569960507282963,1.060494381112311,False
1631,2025-05-24,ベガルタ仙台,横浜FC,A,A,True,0.286868103251772,0.20998907013434526,0.5031428266138833,0.5031428266138833,0.21627472336211134,1.0315508398099371,False
1631,2025-05-24,ファジアーノ岡山,セレッソ大阪,A,A,True,0.3528111844461898,0.18516513547732405,0.4620236800764863,0.4620236800764863,0.1092124956302965,1.0365954465871106,False
1631,2025-05-24,サンフレッチェ広島,名古屋グランパス,A,H,False,0.3949499130340737,0.17739247610516834,0.42765761086075804,0.42765761086075804,0.03270769782668437,1.036954123628436,False
1631,2025-05-24,鹿島アントラーズ,FC東京,A,A,True,0.3728390905104516,0.23416933388859615,0.39299157560095266,0.39299157560095266,0.02015248509050105,1.0748335071152373,False
1632,2025-05-31,ブラウブリッツ秋田,北海道コンサドーレ札幌,A,D,False,0.3515955669909411,0.2248009664795273,0.42360346652953174,0.42360346652953174,0.07200789953859066,1.0668953770213554,True
1632,2025-05-31,富山,宮崎,A,H,False,0.3135862141483398,0.24089093586912091,0.4455228499825405,0.4455228499825405,0.13193663583420068,1.0667549944378827,False
1632,2025-05-31,ベガルタ仙台,ヴァンフォーレ甲府,A,H,False,0.35612994540125176,0.24799405566082397,0.39587599893792463,0.39587599893792463,0.039746053536672876,1.0803205940635,False
1632,2025-05-31,清水エスパルス,横浜F・マリノス,H,D,False,0.47688363333053996,0.20751482065373342,0.315601546015727,0.47688363333053996,0.16128208731481297,1.043427375944819,True
1632,2025-05-31,アビスパ福岡,ジェフユナイテッド千葉,H,D,False,0.5398400186544731,0.1323397845733365,0.3278201967721901,0.5398400186544731,0.21201982188228297,0.966058151819086,True
1632,2025-05-31,セレッソ大阪,FC東京,D,D,True,0.3368761616295849,0.3808752631144017,0.28224857525601393,0.3808752631144017,0.04399910148481678,1.0912224201979615,True
1632,2025-05-31,ヴィッセル神戸,鹿島アントラーズ,A,H,False,0.32878259342440846,0.2832278288003087,0.38798957777528326,0.38798957777528326,0.05920698435087479,1.0903566041111792,False
1632,2025-05-31,V・ファーレン長崎,水戸ホーリーホック,H,H,True,0.45970867098375184,0.19580375110760512,0.3444875779086432,0.45970867098375184,0.11522109307510864,1.0436736150321737,False
1632,2025-05-31,ガンバ大阪,東京ヴェルディ,H,D,False,0.47479875495717494,0.19188694958213284,0.33331429546069236,0.47479875495717494,0.14148445949648258,1.036639188050533,True
1632,2025-05-31,京都サンガF.C.,柏レイソル,H,A,False,0.5730845712326725,0.16202033162687987,0.2648950971404477,0.5730845712326725,0.30818947409222486,0.9658235130951061,False
1632,2025-05-31,ファジアーノ岡山,浦和レッズ,H,D,False,0.49336111373963804,0.18462561918681464,0.32201326707354705,0.49336111373963804,0.17134784666609099,1.0253710199096373,True
1632,2025-05-31,サンフレッチェ広島,川崎フロンターレ,A,A,True,0.39317115350035425,0.1799076684478407,0.4269211780518049,0.4269211780518049,0.03375002455145065,1.0390034693380599,False
1632,2025-05-31,名古屋グランパス,町田,A,H,False,0.37149197904292525,0.18316301040817115,0.44534501054890363,0.44534501054890363,0.07385303150597838,1.0390010120197055,False
1633,2025-06-06,FC東京,セレッソ大阪,H,A,False,0.4342758687830645,0.30614164772107316,0.25958248349586277,0.4342758687830645,0.12813422106199135,1.0746948102339537,False
1633,2025-06-06,浦和レッズ,ファジアーノ岡山,H,A,False,0.47146327033111796,0.18674793286738686,0.34178879680149554,0.47146327033111796,0.1296744735296224,1.0347936284119756,False
1633,2025-06-06,柏レイソル,京都サンガF.C.,H,A,False,0.4845101948098815,0.1693165148974939,0.34617329029262506,0.4845101948098815,0.13833690451725644,1.0190139886427214,False
1633,2025-06-06,鹿島アントラーズ,ヴィッセル神戸,A,H,False,0.38518846530004636,0.20973798175576425,0.4050735529441898,0.4050735529441898,0.01988508764414343,1.0611269916860477,False
1633,2025-06-06,川崎フロンターレ,サンフレッチェ広島,H,A,False,0.3947156708123153,0.21994619597936027,0.3853381332083254,0.3947156708123153,0.009377537603989905,1.0674755818772135,False
