match_card_id,detail_url,season,competition,section,match_date,kickoff,home_team,score,away_team,stadium,attendance
31361,https://data.j-league.or.jp/SFMS02/?match_card_id=31361,2025,Ｊ１,第１節第１日,25/02/14(金),19:03,Ｇ大阪,2-5,Ｃ大阪,パナスタ,"34,860"
31362,https://data.j-league.or.jp/SFMS02/?match_card_id=31362,2025,Ｊ１,第１節第２日,25/02/15(土),14:03,横浜FM,1-1,新潟,日産ス,"32,713"
31363,https://data.j-league.or.jp/SFMS02/?match_card_id=31363,2025,Ｊ１,第１節第２日,25/02/15(土),14:03,横浜FC,0-1,FC東京,ニッパツ,"12,195"
31364,https://data.j-league.or.jp/SFMS02/?match_card_id=31364,2025,Ｊ１,第１節第２日,25/02/15(土),14:03,神戸,0-0,浦和,ノエスタ,"22,266"
31365,https://data.j-league.or.jp/SFMS02/?match_card_id=31365,2025,Ｊ１,第１節第２日,25/02/15(土),14:04,岡山,2-0,京都,ＪＦＥス,"14,575"
31366,https://data.j-league.or.jp/SFMS02/?match_card_id=31366,2025,Ｊ１,第１節第２日,25/02/15(土),14:04,福岡,0-1,柏,ベススタ,"9,923"
31367,https://data.j-league.or.jp/SFMS02/?match_card_id=31367,2025,Ｊ１,第１節第２日,25/02/15(土),15:03,川崎Ｆ,4-0,名古屋,Ｕ等々力,"23,005"
31368,https://data.j-league.or.jp/SFMS02/?match_card_id=31368,2025,Ｊ１,第１節第２日,25/02/15(土),15:03,湘南,1-0,鹿島,レモンＳ,"13,025"
31369,https://data.j-league.or.jp/SFMS02/?match_card_id=31369,2025,Ｊ１,第１節第３日,25/02/16(日),14:03,東京Ｖ,0-1,清水,国立,"52,541"
31370,https://data.j-league.or.jp/SFMS02/?match_card_id=31370,2025,Ｊ１,第１節第３日,25/02/16(日),14:03,町田,1-2,広島,Ｇスタ,"12,773"
31371,https://data.j-league.or.jp/SFMS02/?match_card_id=31371,2025,Ｊ１,第２節第１日,25/02/22(土),14:03,柏,1-1,川崎Ｆ,三協Ｆ柏,"13,695"
31372,https://data.j-league.or.jp/SFMS02/?match_card_id=31372,2025,Ｊ１,第２節第１日,25/02/22(土),14:03,横浜FC,1-0,岡山,ニッパツ,"7,274"
31373,https://data.j-league.or.jp/SFMS02/?match_card_id=31373,2025,Ｊ１,第２節第１日,25/02/22(土),14:03,清水,2-0,新潟,アイスタ,"18,141"
31374,https://data.j-league.or.jp/SFMS02/?match_card_id=31374,2025,Ｊ１,第２節第１日,25/02/22(土),14:03,名古屋,2-2,神戸,豊田ス,"31,088"
31375,https://data.j-league.or.jp/SFMS02/?match_card_id=31375,2025,Ｊ１,第２節第１日,25/02/22(土),14:03,京都,1-1,浦和,サンガＳ,"14,718"
31376,https://data.j-league.or.jp/SFMS02/?match_card_id=31376,2025,Ｊ１,第２節第１日,25/02/22(土),15:03,鹿島,4-0,東京Ｖ,カシマ,"26,021"
31377,https://data.j-league.or.jp/SFMS02/?match_card_id=31377,2025,Ｊ１,第２節第１日,25/02/22(土),15:03,FC東京,0-1,町田,味スタ,"29,545"
31378,https://data.j-league.or.jp/SFMS02/?match_card_id=31378,2025,Ｊ１,第２節第１日,25/02/22(土),15:03,Ｇ大阪,2-1,福岡,パナスタ,"22,614"
31379,https://data.j-league.or.jp/SFMS02/?match_card_id=31379,2025,Ｊ１,第２節第１日,25/02/22(土),15:03,Ｃ大阪,1-2,湘南,ヨドコウ,"16,002"
31380,https://data.j-league.or.jp/SFMS02/?match_card_id=31380,2025,Ｊ１,第２節第２日,25/02/23(日・祝),14:03,広島,1-0,横浜FM,Ｅピース,"27,123"
31381,https://data.j-league.or.jp/SFMS02/?match_card_id=31381,2025,Ｊ１,第３節第１日,25/02/26(水),19:03,鹿島,2-1,新潟,カシマ,"12,106"
31382,https://data.j-league.or.jp/SFMS02/?match_card_id=31382,2025,Ｊ１,第３節第１日,25/02/26(水),19:03,柏,2-1,Ｃ大阪,三協Ｆ柏,"8,946"
31383,https://data.j-league.or.jp/SFMS02/?match_card_id=31383,2025,Ｊ１,第３節第１日,25/02/26(水),19:03,FC東京,3-1,名古屋,味スタ,"14,971"
31384,https://data.j-league.or.jp/SFMS02/?match_card_id=31384,2025,Ｊ１,第３節第１日,25/02/26(水),19:03,町田,0-1,東京Ｖ,Ｇスタ,"6,825"
31385,https://data.j-league.or.jp/SFMS02/?match_card_id=31385,2025,Ｊ１,第３節第１日,25/02/26(水),19:03,横浜FM,0-0,横浜FC,日産ス,"17,115"
31386,https://data.j-league.or.jp/SFMS02/?match_card_id=31386,2025,Ｊ１,第３節第１日,25/02/26(水),19:03,湘南,2-1,浦和,レモンＳ,"11,351"
31387,https://data.j-league.or.jp/SFMS02/?match_card_id=31387,2025,Ｊ１,第３節第１日,25/02/26(水),19:03,清水,1-1,広島,アイスタ,"12,238"
31388,https://data.j-league.or.jp/SFMS02/?match_card_id=31388,2025,Ｊ１,第３節第１日,25/02/26(水),19:03,神戸,1-1,京都,ノエスタ,"11,335"
31389,https://data.j-league.or.jp/SFMS02/?match_card_id=31389,2025,Ｊ１,第３節第１日,25/02/26(水),19:01,岡山,2-0,Ｇ大阪,ＪＦＥス,"13,555"
31390,https://data.j-league.or.jp/SFMS02/?match_card_id=31390,2025,Ｊ１,第３節第１日,25/02/26(水),19:03,福岡,1-2,川崎Ｆ,ベススタ,"7,106"
31391,https://data.j-league.or.jp/SFMS02/?match_card_id=31391,2025,Ｊ１,第４節第１日,25/03/01(土),13:04,横浜FM,1-1,湘南,日産ス,"25,561"
31392,https://data.j-league.or.jp/SFMS02/?match_card_id=31392,2025,Ｊ１,第４節第１日,25/03/01(土),14:03,鹿島,2-0,FC東京,カシマ,"21,421"
31393,https://data.j-league.or.jp/SFMS02/?match_card_id=31393,2025,Ｊ１,第４節第１日,25/03/01(土),15:03,川崎Ｆ,0-1,京都,Ｕ等々力,"22,404"
31394,https://data.j-league.or.jp/SFMS02/?match_card_id=31394,2025,Ｊ１,第４節第１日,25/03/01(土),15:03,神戸,0-1,福岡,ノエスタ,"20,890"
31395,https://data.j-league.or.jp/SFMS02/?match_card_id=31395,2025,Ｊ１,第４節第２日,25/03/02(日),14:03,東京Ｖ,0-1,Ｇ大阪,味スタ,"21,260"
31396,https://data.j-league.or.jp/SFMS02/?match_card_id=31396,2025,Ｊ１,第４節第２日,25/03/02(日),14:03,新潟,2-2,Ｃ大阪,デンカＳ,"22,933"
31397,https://data.j-league.or.jp/SFMS02/?match_card_id=31397,2025,Ｊ１,第４節第２日,25/03/02(日),14:03,名古屋,1-2,町田,豊田ス,"34,718"
31398,https://data.j-league.or.jp/SFMS02/?match_card_id=31398,2025,Ｊ１,第４節第２日,25/03/02(日),14:03,岡山,1-1,清水,ＪＦＥス,"13,330"
31399,https://data.j-league.or.jp/SFMS02/?match_card_id=31399,2025,Ｊ１,第４節第２日,25/03/02(日),14:31,広島,1-0,横浜FC,Ｅピース,"25,043"
31400,https://data.j-league.or.jp/SFMS02/?match_card_id=31400,2025,Ｊ１,第４節第２日,25/03/02(日),15:03,浦和,0-2,柏,埼玉,"51,009"
31401,https://data.j-league.or.jp/SFMS02/?match_card_id=31401,2025,Ｊ１,第５節第１日,25/03/08(土),14:03,浦和,1-0,岡山,埼玉,"35,269"
31402,https://data.j-league.or.jp/SFMS02/?match_card_id=31402,2025,Ｊ１,第５節第１日,25/03/08(土),16:03,柏,1-3,鹿島,三協Ｆ柏,"13,309"
31403,https://data.j-league.or.jp/SFMS02/?match_card_id=31403,2025,Ｊ１,第５節第１日,25/03/08(土),16:03,横浜FC,0-2,町田,ニッパツ,"7,934"
31404,https://data.j-league.or.jp/SFMS02/?match_card_id=31404,2025,Ｊ１,第５節第１日,25/03/08(土),14:08,新潟,2-2,東京Ｖ,デンカＳ,"20,503"
31405,https://data.j-league.or.jp/SFMS02/?match_card_id=31405,2025,Ｊ１,第５節第１日,25/03/08(土),16:03,FC東京,0-0,湘南,味スタ,"19,654"
31406,https://data.j-league.or.jp/SFMS02/?match_card_id=31406,2025,Ｊ１,第５節第１日,25/03/08(土),15:03,Ｇ大阪,1-0,清水,パナスタ,"29,071"
31407,https://data.j-league.or.jp/SFMS02/?match_card_id=31407,2025,Ｊ１,第５節第１日,25/03/08(土),16:03,Ｃ大阪,1-1,名古屋,ヨドコウ,"17,171"
31408,https://data.j-league.or.jp/SFMS02/?match_card_id=31408,2025,Ｊ１,第５節第２日,25/03/09(日),14:03,京都,0-1,福岡,サンガＳ,"11,535"
31409,https://data.j-league.or.jp/SFMS02/?match_card_id=31409,2025,Ｊ１,第５節第３日,25/04/09(水),19:03,川崎Ｆ,3-3,横浜FM,Ｕ等々力,"21,478"
31410,https://data.j-league.or.jp/SFMS02/?match_card_id=31410,2025,Ｊ１,第５節第４日,25/07/02(水),19:03,神戸,1-0,広島,ノエスタ,"14,950"
31411,https://data.j-league.or.jp/SFMS02/?match_card_id=31411,2025,Ｊ１,第６節第１日,25/03/15(土),14:03,東京Ｖ,2-1,名古屋,味スタ,"16,300"
31412,https://data.j-league.or.jp/SFMS02/?match_card_id=31412,2025,Ｊ１,第６節第１日,25/03/15(土),14:03,町田,1-0,新潟,Ｇスタ,"10,152"
31413,https://data.j-league.or.jp/SFMS02/?match_card_id=31413,2025,Ｊ１,第６節第１日,25/03/15(土),14:03,横浜FC,2-0,Ｃ大阪,ニッパツ,"6,431"
31414,https://data.j-league.or.jp/SFMS02/?match_card_id=31414,2025,Ｊ１,第６節第１日,25/03/15(土),14:03,福岡,1-0,FC東京,ベススタ,"7,721"
31415,https://data.j-league.or.jp/SFMS02/?match_card_id=31415,2025,Ｊ１,第６節第２日,25/03/16(日),13:03,清水,1-2,京都,アイスタ,"14,012"
31416,https://data.j-league.or.jp/SFMS02/?match_card_id=31416,2025,Ｊ１,第６節第２日,25/03/16(日),14:03,鹿島,1-1,浦和,カシマ,"31,574"
31417,https://data.j-league.or.jp/SFMS02/?match_card_id=31417,2025,Ｊ１,第６節第２日,25/03/16(日),14:03,横浜FM,2-0,Ｇ大阪,日産ス,"23,169"
31418,https://data.j-league.or.jp/SFMS02/?match_card_id=31418,2025,Ｊ１,第６節第２日,25/03/16(日),14:03,岡山,0-0,川崎Ｆ,ＪＦＥス,"13,699"
31419,https://data.j-league.or.jp/SFMS02/?match_card_id=31419,2025,Ｊ１,第６節第２日,25/03/16(日),14:03,広島,1-1,柏,Ｅピース,"25,283"
31420,https://data.j-league.or.jp/SFMS02/?match_card_id=31420,2025,Ｊ１,第６節第２日,25/03/16(日),15:03,湘南,1-2,神戸,レモンＳ,"9,537"
31421,https://data.j-league.or.jp/SFMS02/?match_card_id=31421,2025,Ｊ１,第７節第１日,25/03/28(金),19:03,Ｃ大阪,1-1,浦和,ヨドコウ,"18,366"
31422,https://data.j-league.or.jp/SFMS02/?match_card_id=31422,2025,Ｊ１,第７節第２日,25/03/29(土),13:00,岡山,1-0,横浜FM,ＪＦＥス,"14,892"
31423,https://data.j-league.or.jp/SFMS02/?match_card_id=31423,2025,Ｊ１,第７節第２日,25/03/29(土),14:03,柏,0-0,東京Ｖ,三協Ｆ柏,"11,888"
31424,https://data.j-league.or.jp/SFMS02/?match_card_id=31424,2025,Ｊ１,第７節第２日,25/03/29(土),14:03,新潟,3-3,Ｇ大阪,デンカＳ,"20,497"
31425,https://data.j-league.or.jp/SFMS02/?match_card_id=31425,2025,Ｊ１,第７節第２日,25/03/29(土),13:03,清水,3-0,湘南,アイスタ,"17,684"
31426,https://data.j-league.or.jp/SFMS02/?match_card_id=31426,2025,Ｊ１,第７節第２日,25/03/29(土),14:03,名古屋,2-1,横浜FC,豊田ス,"32,226"
31427,https://data.j-league.or.jp/SFMS02/?match_card_id=31427,2025,Ｊ１,第７節第２日,25/03/29(土),14:03,京都,1-0,広島,サンガＳ,"14,393"
31428,https://data.j-league.or.jp/SFMS02/?match_card_id=31428,2025,Ｊ１,第７節第２日,25/03/29(土),15:03,鹿島,1-0,神戸,カシマ,"22,601"
31429,https://data.j-league.or.jp/SFMS02/?match_card_id=31429,2025,Ｊ１,第７節第２日,25/03/29(土),15:04,福岡,2-2,町田,ベススタ,"7,600"
31430,https://data.j-league.or.jp/SFMS02/?match_card_id=31430,2025,Ｊ１,第７節第２日,25/03/29(土),17:03,FC東京,0-3,川崎Ｆ,味スタ,"33,632"
32221,https://data.j-league.or.jp/SFMS02/?match_card_id=32221,2025,Ｊ１,第８節第１日,25/04/02(水),19:03,東京Ｖ,2-2,FC東京,味スタ,"26,865"
32222,https://data.j-league.or.jp/SFMS02/?match_card_id=32222,2025,Ｊ１,第８節第１日,25/04/02(水),19:03,川崎Ｆ,2-0,湘南,Ｕ等々力,"21,392"
32223,https://data.j-league.or.jp/SFMS02/?match_card_id=32223,2025,Ｊ１,第８節第１日,25/04/02(水),19:03,横浜FC,0-1,神戸,ニッパツ,"8,032"
32224,https://data.j-league.or.jp/SFMS02/?match_card_id=32224,2025,Ｊ１,第８節第１日,25/04/02(水),19:03,新潟,0-1,福岡,デンカＳ,"13,627"
32225,https://data.j-league.or.jp/SFMS02/?match_card_id=32225,2025,Ｊ１,第８節第１日,25/04/02(水),19:04,名古屋,2-0,横浜FM,豊田ス,"21,892"
32226,https://data.j-league.or.jp/SFMS02/?match_card_id=32226,2025,Ｊ１,第８節第１日,25/04/02(水),19:03,京都,1-1,柏,サンガＳ,"9,059"
32227,https://data.j-league.or.jp/SFMS02/?match_card_id=32227,2025,Ｊ１,第８節第１日,25/04/02(水),19:03,Ｇ大阪,0-1,町田,パナスタ,"23,125"
32228,https://data.j-league.or.jp/SFMS02/?match_card_id=32228,2025,Ｊ１,第８節第１日,25/04/02(水),19:03,Ｃ大阪,2-1,岡山,ヨドコウ,"17,141"
32229,https://data.j-league.or.jp/SFMS02/?match_card_id=32229,2025,Ｊ１,第８節第１日,25/04/02(水),19:03,広島,1-0,鹿島,Ｅピース,"24,868"
32230,https://data.j-league.or.jp/SFMS02/?match_card_id=32230,2025,Ｊ１,第８節第１日,25/04/02(水),19:33,浦和,2-1,清水,埼玉,"25,326"
32231,https://data.j-league.or.jp/SFMS02/?match_card_id=32231,2025,Ｊ１,第９節第１日,25/04/05(土),14:03,横浜FM,0-0,東京Ｖ,日産ス,"24,170"
32232,https://data.j-league.or.jp/SFMS02/?match_card_id=32232,2025,Ｊ１,第９節第２日,25/04/06(日),13:01,岡山,1-0,FC東京,ＪＦＥス,"15,073"
32233,https://data.j-league.or.jp/SFMS02/?match_card_id=32233,2025,Ｊ１,第９節第２日,25/04/06(日),14:03,町田,2-2,川崎Ｆ,Ｇスタ,"11,974"
32234,https://data.j-league.or.jp/SFMS02/?match_card_id=32234,2025,Ｊ１,第９節第２日,25/04/06(日),14:03,横浜FC,2-0,清水,ニッパツ,"9,106"
32235,https://data.j-league.or.jp/SFMS02/?match_card_id=32235,2025,Ｊ１,第９節第２日,25/04/06(日),14:03,神戸,0-1,新潟,国立,"36,407"
32236,https://data.j-league.or.jp/SFMS02/?match_card_id=32236,2025,Ｊ１,第９節第２日,25/04/06(日),14:04,福岡,1-0,浦和,ベススタ,"11,683"
32237,https://data.j-league.or.jp/SFMS02/?match_card_id=32237,2025,Ｊ１,第９節第２日,25/04/06(日),15:03,鹿島,3-4,京都,カシマ,"16,859"
32238,https://data.j-league.or.jp/SFMS02/?match_card_id=32238,2025,Ｊ１,第９節第２日,25/04/06(日),15:03,柏,1-0,Ｇ大阪,三協Ｆ柏,"12,833"
32239,https://data.j-league.or.jp/SFMS02/?match_card_id=32239,2025,Ｊ１,第９節第２日,25/04/06(日),15:03,湘南,2-1,名古屋,レモンＳ,"9,900"
32240,https://data.j-league.or.jp/SFMS02/?match_card_id=32240,2025,Ｊ１,第９節第２日,25/04/06(日),15:03,広島,2-1,Ｃ大阪,Ｅピース,"25,324"
32241,https://data.j-league.or.jp/SFMS02/?match_card_id=32241,2025,Ｊ１,第１０節第１日,25/04/11(金),19:03,FC東京,1-1,柏,国立,"43,813"
32242,https://data.j-league.or.jp/SFMS02/?match_card_id=32242,2025,Ｊ１,第１０節第２日,25/04/12(土),14:03,清水,1-1,川崎Ｆ,アイスタ,"17,629"
32243,https://data.j-league.or.jp/SFMS02/?match_card_id=32243,2025,Ｊ１,第１０節第２日,25/04/12(土),14:03,Ｇ大阪,2-0,名古屋,パナスタ,"28,074"
32244,https://data.j-league.or.jp/SFMS02/?match_card_id=32244,2025,Ｊ１,第１０節第２日,25/04/12(土),14:03,広島,0-1,岡山,Ｅピース,"26,135"
32245,https://data.j-league.or.jp/SFMS02/?match_card_id=32245,2025,Ｊ１,第１０節第２日,25/04/12(土),14:03,福岡,2-1,横浜FM,ベススタ,"8,255"
32246,https://data.j-league.or.jp/SFMS02/?match_card_id=32246,2025,Ｊ１,第１０節第２日,25/04/12(土),15:03,東京Ｖ,0-1,神戸,味スタ,"17,474"
32247,https://data.j-league.or.jp/SFMS02/?match_card_id=32247,2025,Ｊ１,第１０節第２日,25/04/12(土),15:05,Ｃ大阪,1-0,鹿島,ヨドコウ,"19,410"
32248,https://data.j-league.or.jp/SFMS02/?match_card_id=32248,2025,Ｊ１,第１０節第２日,25/04/12(土),16:03,京都,2-0,湘南,サンガＳ,"11,419"
32249,https://data.j-league.or.jp/SFMS02/?match_card_id=32249,2025,Ｊ１,第１０節第３日,25/04/13(日),14:03,町田,0-2,浦和,国立,"44,363"
32250,https://data.j-league.or.jp/SFMS02/?match_card_id=32250,2025,Ｊ１,第１０節第３日,25/04/13(日),14:03,新潟,0-0,横浜FC,デンカＳ,"19,527"
32251,https://data.j-league.or.jp/SFMS02/?match_card_id=32251,2025,Ｊ１,第１１節第１日,25/04/19(土),14:03,新潟,1-2,京都,デンカＳ,"22,266"
32252,https://data.j-league.or.jp/SFMS02/?match_card_id=32252,2025,Ｊ１,第１１節第２日,25/04/20(日),14:03,横浜FC,1-1,Ｇ大阪,ニッパツ,"9,697"
32253,https://data.j-league.or.jp/SFMS02/?match_card_id=32253,2025,Ｊ１,第１１節第２日,25/04/20(日),14:04,清水,3-1,福岡,アイスタ,"16,366"
32254,https://data.j-league.or.jp/SFMS02/?match_card_id=32254,2025,Ｊ１,第１１節第２日,25/04/20(日),14:03,名古屋,2-1,広島,豊田ス,"29,072"
32255,https://data.j-league.or.jp/SFMS02/?match_card_id=32255,2025,Ｊ１,第１１節第２日,25/04/20(日),14:03,神戸,1-0,町田,ノエスタ,"21,920"
32256,https://data.j-league.or.jp/SFMS02/?match_card_id=32256,2025,Ｊ１,第１１節第２日,25/04/20(日),14:03,岡山,1-2,鹿島,ＪＦＥス,"15,325"
32257,https://data.j-league.or.jp/SFMS02/?match_card_id=32257,2025,Ｊ１,第１１節第２日,25/04/20(日),15:03,川崎Ｆ,0-0,東京Ｖ,Ｕ等々力,"21,870"
32258,https://data.j-league.or.jp/SFMS02/?match_card_id=32258,2025,Ｊ１,第１１節第２日,25/04/20(日),15:03,湘南,0-1,柏,レモンＳ,"11,936"
32259,https://data.j-league.or.jp/SFMS02/?match_card_id=32259,2025,Ｊ１,第１１節第２日,25/04/20(日),15:03,Ｃ大阪,1-1,FC東京,ヨドコウ,"16,113"
32260,https://data.j-league.or.jp/SFMS02/?match_card_id=32260,2025,Ｊ１,第１１節第２日,25/04/20(日),16:03,浦和,3-1,横浜FM,埼玉,"41,981"
32261,https://data.j-league.or.jp/SFMS02/?match_card_id=32261,2025,Ｊ１,第１２節第２日,25/04/25(金),19:03,鹿島,1-0,名古屋,カシマ,"13,550"
32262,https://data.j-league.or.jp/SFMS02/?match_card_id=32262,2025,Ｊ１,第１２節第２日,25/04/25(金),19:03,東京Ｖ,1-0,Ｃ大阪,味スタ,"11,334"
32263,https://data.j-league.or.jp/SFMS02/?match_card_id=32263,2025,Ｊ１,第１２節第２日,25/04/25(金),19:03,町田,0-1,湘南,Ｇスタ,"7,683"
32264,https://data.j-league.or.jp/SFMS02/?match_card_id=32264,2025,Ｊ１,第１２節第２日,25/04/25(金),19:03,京都,2-1,横浜FC,サンガＳ,"10,671"
32265,https://data.j-league.or.jp/SFMS02/?match_card_id=32265,2025,Ｊ１,第１２節第２日,25/04/25(金),19:03,福岡,1-1,岡山,ベススタ,"6,157"
32266,https://data.j-league.or.jp/SFMS02/?match_card_id=32266,2025,Ｊ１,第１２節第２日,25/04/25(金),19:33,浦和,1-0,広島,埼玉,"28,555"
32267,https://data.j-league.or.jp/SFMS02/?match_card_id=32267,2025,Ｊ１,第１２節第２日,25/04/25(金),19:33,FC東京,3-0,Ｇ大阪,国立,"44,519"
32268,https://data.j-league.or.jp/SFMS02/?match_card_id=32268,2025,Ｊ１,第１２節第３日,25/04/26(土),14:03,柏,1-1,新潟,三協Ｆ柏,"13,030"
32269,https://data.j-league.or.jp/SFMS02/?match_card_id=32269,2025,Ｊ１,第１２節第１日,25/04/16(水),19:03,横浜FM,2-3,清水,日産ス,"16,785"
32270,https://data.j-league.or.jp/SFMS02/?match_card_id=32270,2025,Ｊ１,第１２節第１日,25/04/16(水),19:03,神戸,2-1,川崎Ｆ,ノエスタ,"11,019"
32271,https://data.j-league.or.jp/SFMS02/?match_card_id=32271,2025,Ｊ１,第１３節第１日,25/04/29(火・祝),13:09,FC東京,0-2,清水,味スタ,"33,769"
32272,https://data.j-league.or.jp/SFMS02/?match_card_id=32272,2025,Ｊ１,第１３節第１日,25/04/29(火・祝),14:03,横浜FC,0-3,鹿島,ニッパツ,"13,252"
32273,https://data.j-league.or.jp/SFMS02/?match_card_id=32273,2025,Ｊ１,第１３節第１日,25/04/29(火・祝),14:03,名古屋,1-2,柏,豊田ス,"34,151"
32274,https://data.j-league.or.jp/SFMS02/?match_card_id=32274,2025,Ｊ１,第１３節第１日,25/04/29(火・祝),14:03,岡山,0-1,東京Ｖ,ＪＦＥス,"14,285"
32275,https://data.j-league.or.jp/SFMS02/?match_card_id=32275,2025,Ｊ１,第１３節第１日,25/04/29(火・祝),14:03,広島,0-1,新潟,Ｅピース,"25,246"
32276,https://data.j-league.or.jp/SFMS02/?match_card_id=32276,2025,Ｊ１,第１３節第１日,25/04/29(火・祝),15:03,湘南,0-0,福岡,レモンＳ,"11,644"
32277,https://data.j-league.or.jp/SFMS02/?match_card_id=32277,2025,Ｊ１,第１３節第１日,25/04/29(火・祝),15:03,Ｇ大阪,2-1,京都,パナスタ,"30,620"
32278,https://data.j-league.or.jp/SFMS02/?match_card_id=32278,2025,Ｊ１,第１３節第１日,25/04/29(火・祝),15:03,Ｃ大阪,1-2,町田,ヨドコウ,"18,030"
32279,https://data.j-league.or.jp/SFMS02/?match_card_id=32279,2025,Ｊ１,第１３節第２日,25/05/21(水),19:03,川崎Ｆ,2-2,浦和,Ｕ等々力,"20,302"
32280,https://data.j-league.or.jp/SFMS02/?match_card_id=32280,2025,Ｊ１,第１３節第２日,25/05/21(水),19:03,横浜FM,1-2,神戸,日産ス,"15,373"
32281,https://data.j-league.or.jp/SFMS02/?match_card_id=32281,2025,Ｊ１,第１４節第１日,25/05/03(土・祝),13:03,広島,2-1,福岡,Ｅピース,"25,631"
32282,https://data.j-league.or.jp/SFMS02/?match_card_id=32282,2025,Ｊ１,第１４節第１日,25/05/03(土・祝),14:03,新潟,2-3,FC東京,デンカＳ,"30,272"
32283,https://data.j-league.or.jp/SFMS02/?match_card_id=32283,2025,Ｊ１,第１４節第１日,25/05/03(土・祝),14:03,清水,0-3,名古屋,国立,"52,847"
32284,https://data.j-league.or.jp/SFMS02/?match_card_id=32284,2025,Ｊ１,第１４節第１日,25/05/03(土・祝),15:03,鹿島,1-0,町田,カシマ,"33,762"
32285,https://data.j-league.or.jp/SFMS02/?match_card_id=32285,2025,Ｊ１,第１４節第１日,25/05/03(土・祝),15:03,浦和,2-0,東京Ｖ,埼玉,"52,429"
32286,https://data.j-league.or.jp/SFMS02/?match_card_id=32286,2025,Ｊ１,第１４節第１日,25/05/03(土・祝),15:03,Ｇ大阪,4-0,湘南,パナスタ,"29,937"
32287,https://data.j-league.or.jp/SFMS02/?match_card_id=32287,2025,Ｊ１,第１４節第１日,25/05/03(土・祝),19:03,京都,2-3,Ｃ大阪,サンガＳ,"18,452"
32288,https://data.j-league.or.jp/SFMS02/?match_card_id=32288,2025,Ｊ１,第１４節第２日,25/05/14(水),19:03,川崎Ｆ,2-1,横浜FC,Ｕ等々力,"20,175"
32289,https://data.j-league.or.jp/SFMS02/?match_card_id=32289,2025,Ｊ１,第１４節第２日,25/05/14(水),19:03,横浜FM,0-2,柏,日産ス,"14,513"
32290,https://data.j-league.or.jp/SFMS02/?match_card_id=32290,2025,Ｊ１,第１４節第１日,25/05/03(土・祝),15:03,神戸,2-0,岡山,ノエスタ,"25,596"
32291,https://data.j-league.or.jp/SFMS02/?match_card_id=32291,2025,Ｊ１,第１５節第１日,25/05/06(火・休),14:03,浦和,0-1,Ｇ大阪,埼玉,"41,770"
32292,https://data.j-league.or.jp/SFMS02/?match_card_id=32292,2025,Ｊ１,第１５節第１日,25/05/06(火・休),15:03,名古屋,0-0,岡山,豊田ス,"24,867"
32293,https://data.j-league.or.jp/SFMS02/?match_card_id=32293,2025,Ｊ１,第１５節第１日,25/05/06(火・休),14:03,福岡,0-1,鹿島,ベススタ,"14,039"
32294,https://data.j-league.or.jp/SFMS02/?match_card_id=32294,2025,Ｊ１,第１５節第１日,25/05/06(火・休),16:03,柏,1-0,清水,三協Ｆ柏,"11,747"
32295,https://data.j-league.or.jp/SFMS02/?match_card_id=32295,2025,Ｊ１,第１５節第１日,25/05/06(火・休),16:03,東京Ｖ,2-0,横浜FC,味スタ,"14,258"
32296,https://data.j-league.or.jp/SFMS02/?match_card_id=32296,2025,Ｊ１,第１５節第２日,25/05/07(水),19:03,町田,1-2,京都,Ｇスタ,"7,183"
32297,https://data.j-league.or.jp/SFMS02/?match_card_id=32297,2025,Ｊ１,第１５節第２日,25/05/07(水),19:03,湘南,0-1,広島,レモンＳ,"8,871"
32298,https://data.j-league.or.jp/SFMS02/?match_card_id=32298,2025,Ｊ１,第１５節第３日,25/06/25(水),19:03,川崎Ｆ,3-1,新潟,Ｕ等々力,"20,905"
32299,https://data.j-league.or.jp/SFMS02/?match_card_id=32299,2025,Ｊ１,第１５節第１日,25/05/06(火・休),14:03,神戸,1-3,Ｃ大阪,ノエスタ,"24,891"
32300,https://data.j-league.or.jp/SFMS02/?match_card_id=32300,2025,Ｊ１,第１５節第３日,25/06/25(水),19:33,横浜FM,0-3,FC東京,日産ス,"19,244"
32301,https://data.j-league.or.jp/SFMS02/?match_card_id=32301,2025,Ｊ１,第１６節第１日,25/05/10(土),14:03,横浜FC,1-0,福岡,ニッパツ,"8,311"
32302,https://data.j-league.or.jp/SFMS02/?match_card_id=32302,2025,Ｊ１,第１６節第１日,25/05/10(土),15:03,FC東京,1-0,神戸,味スタ,"24,837"
32303,https://data.j-league.or.jp/SFMS02/?match_card_id=32303,2025,Ｊ１,第１６節第１日,25/05/10(土),16:03,柏,2-0,岡山,三協Ｆ柏,"12,414"
32304,https://data.j-league.or.jp/SFMS02/?match_card_id=32304,2025,Ｊ１,第１６節第２日,25/05/11(日),13:10,鹿島,2-1,川崎Ｆ,国立,"59,574"
32305,https://data.j-league.or.jp/SFMS02/?match_card_id=32305,2025,Ｊ１,第１６節第２日,25/05/11(日),13:08,清水,2-2,町田,アイスタ,"16,741"
32306,https://data.j-league.or.jp/SFMS02/?match_card_id=32306,2025,Ｊ１,第１６節第２日,25/05/11(日),14:03,京都,1-1,名古屋,サンガＳ,"16,994"
32307,https://data.j-league.or.jp/SFMS02/?match_card_id=32307,2025,Ｊ１,第１６節第２日,25/05/11(日),14:08,新潟,1-1,浦和,デンカＳ,"27,412"
32308,https://data.j-league.or.jp/SFMS02/?match_card_id=32308,2025,Ｊ１,第１６節第２日,25/05/11(日),15:03,東京Ｖ,0-2,湘南,味スタ,"14,801"
32309,https://data.j-league.or.jp/SFMS02/?match_card_id=32309,2025,Ｊ１,第１６節第２日,25/05/11(日),15:03,Ｇ大阪,0-1,広島,パナスタ,"30,633"
32310,https://data.j-league.or.jp/SFMS02/?match_card_id=32310,2025,Ｊ１,第１６節第２日,25/05/11(日),15:03,Ｃ大阪,1-0,横浜FM,ヨドコウ,"18,797"
32311,https://data.j-league.or.jp/SFMS02/?match_card_id=32311,2025,Ｊ１,第１７節第１日,25/05/17(土),14:04,町田,3-0,柏,Ｇスタ,"8,741"
32312,https://data.j-league.or.jp/SFMS02/?match_card_id=32312,2025,Ｊ１,第１７節第１日,25/05/17(土),14:03,横浜FM,0-3,京都,日産ス,"20,786"
32313,https://data.j-league.or.jp/SFMS02/?match_card_id=32313,2025,Ｊ１,第１７節第１日,25/05/17(土),14:03,神戸,3-2,Ｇ大阪,ノエスタ,"23,275"
32314,https://data.j-league.or.jp/SFMS02/?match_card_id=32314,2025,Ｊ１,第１７節第１日,25/05/17(土),14:03,広島,2-1,東京Ｖ,Ｅピース,"24,837"
32315,https://data.j-league.or.jp/SFMS02/?match_card_id=32315,2025,Ｊ１,第１７節第１日,25/05/17(土),14:35,福岡,1-1,名古屋,ベススタ,"7,370"
32316,https://data.j-league.or.jp/SFMS02/?match_card_id=32316,2025,Ｊ１,第１７節第１日,25/05/17(土),15:04,鹿島,1-0,清水,カシマ,"20,864"
32317,https://data.j-league.or.jp/SFMS02/?match_card_id=32317,2025,Ｊ１,第１７節第１日,25/05/17(土),15:03,湘南,0-1,横浜FC,レモンＳ,"8,476"
32318,https://data.j-league.or.jp/SFMS02/?match_card_id=32318,2025,Ｊ１,第１７節第１日,25/05/17(土),16:03,浦和,3-2,FC東京,埼玉,"36,002"
32319,https://data.j-league.or.jp/SFMS02/?match_card_id=32319,2025,Ｊ１,第１７節第２日,25/05/18(日),15:03,川崎Ｆ,2-0,Ｃ大阪,Ｕ等々力,"22,070"
32320,https://data.j-league.or.jp/SFMS02/?match_card_id=32320,2025,Ｊ１,第１７節第２日,25/05/18(日),15:04,岡山,2-1,新潟,ＪＦＥス,"14,666"
32321,https://data.j-league.or.jp/SFMS02/?match_card_id=32321,2025,Ｊ１,第１８節第１日,25/05/24(土),15:03,Ｃ大阪,2-0,福岡,ヨドコウ,"14,693"
32322,https://data.j-league.or.jp/SFMS02/?match_card_id=32322,2025,Ｊ１,第１８節第１日,25/05/24(土),17:33,名古屋,2-1,浦和,豊田ス,"31,001"
32323,https://data.j-league.or.jp/SFMS02/?match_card_id=32323,2025,Ｊ１,第１８節第２日,25/05/25(日),13:03,岡山,2-2,町田,ＪＦＥス,"14,022"
32324,https://data.j-league.or.jp/SFMS02/?match_card_id=32324,2025,Ｊ１,第１８節第２日,25/05/25(日),14:03,横浜FM,3-1,鹿島,日産ス,"32,443"
32325,https://data.j-league.or.jp/SFMS02/?match_card_id=32325,2025,Ｊ１,第１８節第２日,25/05/25(日),14:03,横浜FC,1-1,柏,ニッパツ,"8,779"
32326,https://data.j-league.or.jp/SFMS02/?match_card_id=32326,2025,Ｊ１,第１８節第２日,25/05/25(日),14:03,新潟,2-1,湘南,デンカＳ,"18,426"
32327,https://data.j-league.or.jp/SFMS02/?match_card_id=32327,2025,Ｊ１,第１８節第２日,25/05/25(日),14:03,清水,3-2,神戸,アイスタ,"17,528"
32328,https://data.j-league.or.jp/SFMS02/?match_card_id=32328,2025,Ｊ１,第１８節第２日,25/05/25(日),15:04,FC東京,0-3,広島,国立,"46,206"
32329,https://data.j-league.or.jp/SFMS02/?match_card_id=32329,2025,Ｊ１,第１８節第２日,25/05/25(日),15:03,東京Ｖ,1-0,京都,味スタ,"13,252"
32330,https://data.j-league.or.jp/SFMS02/?match_card_id=32330,2025,Ｊ１,第１８節第２日,25/05/25(日),16:03,川崎Ｆ,2-2,Ｇ大阪,Ｕ等々力,"21,440"
32331,https://data.j-league.or.jp/SFMS02/?match_card_id=32331,2025,Ｊ１,第１９節第１日,25/05/31(土),14:03,町田,0-3,横浜FM,Ｇスタ,"10,289"
32332,https://data.j-league.or.jp/SFMS02/?match_card_id=32332,2025,Ｊ１,第１９節第１日,25/05/31(土),14:03,名古屋,3-0,新潟,豊田ス,"23,541"
32333,https://data.j-league.or.jp/SFMS02/?match_card_id=32333,2025,Ｊ１,第１９節第１日,25/05/31(土),14:04,福岡,0-0,東京Ｖ,ベススタ,"7,409"
32334,https://data.j-league.or.jp/SFMS02/?match_card_id=32334,2025,Ｊ１,第１９節第１日,25/05/31(土),16:03,柏,1-3,神戸,三協Ｆ柏,"12,989"
32335,https://data.j-league.or.jp/SFMS02/?match_card_id=32335,2025,Ｊ１,第１９節第１日,25/05/31(土),17:33,広島,1-2,川崎Ｆ,Ｅピース,"25,909"
32336,https://data.j-league.or.jp/SFMS02/?match_card_id=32336,2025,Ｊ１,第１９節第１日,25/05/31(土),18:03,Ｇ大阪,0-1,鹿島,パナスタ,"32,013"
32337,https://data.j-league.or.jp/SFMS02/?match_card_id=32337,2025,Ｊ１,第１９節第１日,25/05/31(土),19:03,京都,3-0,FC東京,サンガＳ,"16,302"
32338,https://data.j-league.or.jp/SFMS02/?match_card_id=32338,2025,Ｊ１,第１９節第２日,25/06/01(日),15:03,湘南,1-1,岡山,レモンＳ,"11,696"
32339,https://data.j-league.or.jp/SFMS02/?match_card_id=32339,2025,Ｊ１,第１９節第２日,25/06/01(日),15:03,Ｃ大阪,4-2,清水,ヨドコウ,"20,864"
32340,https://data.j-league.or.jp/SFMS02/?match_card_id=32340,2025,Ｊ１,第１９節第２日,25/06/01(日),16:04,浦和,2-1,横浜FC,埼玉,"39,995"
32341,https://data.j-league.or.jp/SFMS02/?match_card_id=32341,2025,Ｊ１,第２０節第１日,25/04/16(水),19:33,浦和,2-1,京都,埼玉,"21,383"
32342,https://data.j-league.or.jp/SFMS02/?match_card_id=32342,2025,Ｊ１,第２０節第２日,25/06/14(土),17:33,湘南,1-2,町田,レモンＳ,"10,745"
32343,https://data.j-league.or.jp/SFMS02/?match_card_id=32343,2025,Ｊ１,第２０節第２日,25/06/14(土),18:03,鹿島,1-1,広島,カシマ,"22,725"
32344,https://data.j-league.or.jp/SFMS02/?match_card_id=32344,2025,Ｊ１,第２０節第２日,25/06/14(土),18:03,横浜FC,0-1,川崎Ｆ,ニッパツ,"11,188"
32345,https://data.j-league.or.jp/SFMS02/?match_card_id=32345,2025,Ｊ１,第２０節第２日,25/06/14(土),19:03,FC東京,2-2,Ｃ大阪,味スタ,"24,572"
32346,https://data.j-league.or.jp/SFMS02/?match_card_id=32346,2025,Ｊ１,第２０節第３日,25/06/15(日),14:03,新潟,1-0,横浜FM,デンカＳ,"30,474"
32347,https://data.j-league.or.jp/SFMS02/?match_card_id=32347,2025,Ｊ１,第２０節第３日,25/06/15(日),18:04,東京Ｖ,0-3,柏,味スタ,"15,375"
32348,https://data.j-league.or.jp/SFMS02/?match_card_id=32348,2025,Ｊ１,第２０節第３日,25/06/15(日),18:03,神戸,2-1,名古屋,ノエスタ,"22,175"
32349,https://data.j-league.or.jp/SFMS02/?match_card_id=32349,2025,Ｊ１,第２０節第３日,25/06/15(日),18:04,岡山,0-1,福岡,ＪＦＥス,"14,653"
32350,https://data.j-league.or.jp/SFMS02/?match_card_id=32350,2025,Ｊ１,第２０節第３日,25/06/15(日),18:33,清水,0-0,Ｇ大阪,アイスタ,"16,401"
32351,https://data.j-league.or.jp/SFMS02/?match_card_id=32351,2025,Ｊ１,第２１節第１日,25/06/21(土),16:03,町田,2-1,鹿島,Ｇスタ,"13,828"
32352,https://data.j-league.or.jp/SFMS02/?match_card_id=32352,2025,Ｊ１,第２１節第１日,25/06/21(土),16:03,福岡,3-2,新潟,ベススタ,"11,350"
32353,https://data.j-league.or.jp/SFMS02/?match_card_id=32353,2025,Ｊ１,第２１節第１日,25/06/21(土),18:33,Ｃ大阪,2-1,東京Ｖ,ヨドコウ,"18,024"
32354,https://data.j-league.or.jp/SFMS02/?match_card_id=32354,2025,Ｊ１,第２１節第１日,25/06/21(土),19:03,柏,3-3,京都,三協Ｆ柏,"12,954"
32355,https://data.j-league.or.jp/SFMS02/?match_card_id=32355,2025,Ｊ１,第２１節第１日,25/06/21(土),19:03,川崎Ｆ,1-2,神戸,Ｕ等々力,"23,103"
32356,https://data.j-league.or.jp/SFMS02/?match_card_id=32356,2025,Ｊ１,第２１節第１日,25/06/21(土),19:03,横浜FM,0-1,岡山,日産ス,"29,282"
32357,https://data.j-league.or.jp/SFMS02/?match_card_id=32357,2025,Ｊ１,第２１節第１日,25/06/21(土),19:03,名古屋,1-1,清水,豊田ス,"33,833"
32358,https://data.j-league.or.jp/SFMS02/?match_card_id=32358,2025,Ｊ１,第２１節第２日,25/06/22(日),18:03,横浜FC,0-4,広島,ニッパツ,"10,475"
32359,https://data.j-league.or.jp/SFMS02/?match_card_id=32359,2025,Ｊ１,第２１節第２日,25/06/22(日),18:33,Ｇ大阪,2-0,FC東京,パナスタ,"28,747"
32360,https://data.j-league.or.jp/SFMS02/?match_card_id=32360,2025,Ｊ１,第２１節第３日,25/07/23(水),19:33,浦和,4-1,湘南,埼玉,"26,977"
32361,https://data.j-league.or.jp/SFMS02/?match_card_id=32361,2025,Ｊ１,第２２節第１日,25/05/28(水),19:33,浦和,0-0,Ｃ大阪,埼玉,"24,697"
32362,https://data.j-league.or.jp/SFMS02/?match_card_id=32362,2025,Ｊ１,第２２節第２日,25/06/28(土),18:03,鹿島,1-2,岡山,カシマ,"22,254"
32363,https://data.j-league.or.jp/SFMS02/?match_card_id=32363,2025,Ｊ１,第２２節第２日,25/06/28(土),18:33,清水,0-2,柏,アイスタ,"18,159"
32364,https://data.j-league.or.jp/SFMS02/?match_card_id=32364,2025,Ｊ１,第２２節第２日,25/06/28(土),19:03,FC東京,2-1,横浜FC,味スタ,"24,233"
32365,https://data.j-league.or.jp/SFMS02/?match_card_id=32365,2025,Ｊ１,第２２節第２日,25/06/28(土),19:03,湘南,1-1,横浜FM,レモンＳ,"13,031"
32366,https://data.j-league.or.jp/SFMS02/?match_card_id=32366,2025,Ｊ１,第２２節第２日,25/06/28(土),19:03,京都,3-1,Ｇ大阪,サンガＳ,"20,174"
32367,https://data.j-league.or.jp/SFMS02/?match_card_id=32367,2025,Ｊ１,第２２節第２日,25/06/28(土),19:03,広島,1-2,名古屋,Ｅピース,"26,246"
32368,https://data.j-league.or.jp/SFMS02/?match_card_id=32368,2025,Ｊ１,第２２節第２日,25/06/28(土),19:03,福岡,0-0,神戸,ベススタ,"11,783"
32369,https://data.j-league.or.jp/SFMS02/?match_card_id=32369,2025,Ｊ１,第２２節第３日,25/06/29(日),18:03,東京Ｖ,1-0,川崎Ｆ,味スタ,"22,326"
32370,https://data.j-league.or.jp/SFMS02/?match_card_id=32370,2025,Ｊ１,第２２節第３日,25/06/29(日),18:03,新潟,0-4,町田,デンカＳ,"20,087"
32371,https://data.j-league.or.jp/SFMS02/?match_card_id=32371,2025,Ｊ１,第２３節第１日,25/07/05(土),18:03,町田,3-0,清水,Ｇスタ,"11,779"
32372,https://data.j-league.or.jp/SFMS02/?match_card_id=32372,2025,Ｊ１,第２３節第１日,25/07/05(土),19:01,岡山,0-1,広島,ＪＦＥス,"15,451"
32373,https://data.j-league.or.jp/SFMS02/?match_card_id=32373,2025,Ｊ１,第２３節第１日,25/07/05(土),19:03,柏,1-0,FC東京,三協Ｆ柏,"13,447"
32374,https://data.j-league.or.jp/SFMS02/?match_card_id=32374,2025,Ｊ１,第２３節第１日,25/07/05(土),19:03,川崎Ｆ,2-1,鹿島,Ｕ等々力,"23,675"
32375,https://data.j-league.or.jp/SFMS02/?match_card_id=32375,2025,Ｊ１,第２３節第１日,25/07/05(土),19:03,横浜FC,0-1,横浜FM,ニッパツ,"14,057"
32376,https://data.j-league.or.jp/SFMS02/?match_card_id=32376,2025,Ｊ１,第２３節第１日,25/07/05(土),19:03,名古屋,0-0,東京Ｖ,豊田ス,"34,095"
32377,https://data.j-league.or.jp/SFMS02/?match_card_id=32377,2025,Ｊ１,第２３節第１日,25/07/05(土),19:03,京都,2-1,新潟,サンガＳ,"14,633"
32378,https://data.j-league.or.jp/SFMS02/?match_card_id=32378,2025,Ｊ１,第２３節第１日,25/07/05(土),19:03,Ｃ大阪,0-1,Ｇ大阪,ヨドコウ,"22,365"
32379,https://data.j-league.or.jp/SFMS02/?match_card_id=32379,2025,Ｊ１,第２３節第１日,25/07/05(土),19:03,神戸,4-0,湘南,ノエスタ,"20,941"
32380,https://data.j-league.or.jp/SFMS02/?match_card_id=32380,2025,Ｊ１,第２３節第２日,25/07/27(日),19:03,浦和,0-0,福岡,埼玉,"33,850"
32381,https://data.j-league.or.jp/SFMS02/?match_card_id=32381,2025,Ｊ１,第２４節第１日,25/07/19(土),19:03,FC東京,3-2,浦和,味スタ,"35,687"
32382,https://data.j-league.or.jp/SFMS02/?match_card_id=32382,2025,Ｊ１,第２４節第１日,25/07/19(土),19:03,湘南,3-3,Ｃ大阪,レモンＳ,"11,213"
32383,https://data.j-league.or.jp/SFMS02/?match_card_id=32383,2025,Ｊ１,第２４節第２日,25/07/20(日),18:03,鹿島,3-2,柏,メルスタ,"33,400"
32384,https://data.j-league.or.jp/SFMS02/?match_card_id=32384,2025,Ｊ１,第２４節第２日,25/07/20(日),18:03,東京Ｖ,0-1,町田,味スタ,"22,217"
32385,https://data.j-league.or.jp/SFMS02/?match_card_id=32385,2025,Ｊ１,第２４節第２日,25/07/20(日),18:33,清水,2-0,横浜FC,アイスタ,"18,012"
32386,https://data.j-league.or.jp/SFMS02/?match_card_id=32386,2025,Ｊ１,第２４節第２日,25/07/20(日),19:03,横浜FM,3-0,名古屋,日産ス,"32,113"
32387,https://data.j-league.or.jp/SFMS02/?match_card_id=32387,2025,Ｊ１,第２４節第２日,25/07/20(日),19:03,新潟,0-2,広島,デンカＳ,"22,178"
32388,https://data.j-league.or.jp/SFMS02/?match_card_id=32388,2025,Ｊ１,第２４節第２日,25/07/20(日),19:03,Ｇ大阪,2-1,川崎Ｆ,パナスタ,"31,898"
32389,https://data.j-league.or.jp/SFMS02/?match_card_id=32389,2025,Ｊ１,第２４節第２日,25/07/20(日),19:03,岡山,1-2,神戸,ＪＦＥス,"15,153"
32390,https://data.j-league.or.jp/SFMS02/?match_card_id=32390,2025,Ｊ１,第２４節第３日,25/07/21(月・祝),18:03,福岡,2-2,京都,ベススタ,"9,943"
32391,https://data.j-league.or.jp/SFMS02/?match_card_id=32391,2025,Ｊ１,第２５節第１日,25/08/09(土),18:03,東京Ｖ,1-0,横浜FM,味スタ,"26,902"
32392,https://data.j-league.or.jp/SFMS02/?match_card_id=32392,2025,Ｊ１,第２５節第１日,25/08/09(土),18:03,横浜FC,1-2,浦和,ニッパツ,"13,048"
32393,https://data.j-league.or.jp/SFMS02/?match_card_id=32393,2025,Ｊ１,第２５節第１日,25/08/09(土),19:03,川崎Ｆ,2-5,福岡,Ｕ等々力,"22,062"
32394,https://data.j-league.or.jp/SFMS02/?match_card_id=32394,2025,Ｊ１,第２５節第２日,25/08/10(日),18:36,広島,0-0,清水,Ｅピース,"23,969"
32395,https://data.j-league.or.jp/SFMS02/?match_card_id=32395,2025,Ｊ１,第２５節第２日,25/08/10(日),19:03,柏,2-0,湘南,三協Ｆ柏,"14,048"
32396,https://data.j-league.or.jp/SFMS02/?match_card_id=32396,2025,Ｊ１,第２５節第２日,25/08/10(日),19:03,FC東京,0-1,鹿島,味スタ,"40,939"
32397,https://data.j-league.or.jp/SFMS02/?match_card_id=32397,2025,Ｊ１,第２５節第２日,25/08/10(日),19:05,町田,2-0,神戸,Ｇスタ,"12,619"
32398,https://data.j-league.or.jp/SFMS02/?match_card_id=32398,2025,Ｊ１,第２５節第２日,25/08/10(日),19:04,名古屋,1-2,京都,豊田ス,"39,896"
32399,https://data.j-league.or.jp/SFMS02/?match_card_id=32399,2025,Ｊ１,第２５節第２日,25/08/10(日),19:03,Ｇ大阪,0-3,岡山,パナスタ,"35,245"
32400,https://data.j-league.or.jp/SFMS02/?match_card_id=32400,2025,Ｊ１,第２５節第３日,25/08/11(月・祝),19:03,Ｃ大阪,3-1,新潟,ヨドコウ,"18,674"
32401,https://data.j-league.or.jp/SFMS02/?match_card_id=32401,2025,Ｊ１,第２６節第１日,25/08/16(土),18:03,鹿島,1-1,福岡,メルスタ,"30,672"
32402,https://data.j-league.or.jp/SFMS02/?match_card_id=32402,2025,Ｊ１,第２６節第１日,25/08/16(土),18:33,清水,1-3,横浜FM,アイスタ,"18,198"
32403,https://data.j-league.or.jp/SFMS02/?match_card_id=32403,2025,Ｊ１,第２６節第１日,25/08/16(土),19:03,浦和,2-1,名古屋,埼玉,"45,652"
32404,https://data.j-league.or.jp/SFMS02/?match_card_id=32404,2025,Ｊ１,第２６節第１日,25/08/16(土),19:03,町田,3-0,Ｃ大阪,Ｇスタ,"11,971"
32405,https://data.j-league.or.jp/SFMS02/?match_card_id=32405,2025,Ｊ１,第２６節第１日,25/08/16(土),19:03,湘南,2-2,FC東京,レモンＳ,"12,608"
32406,https://data.j-league.or.jp/SFMS02/?match_card_id=32406,2025,Ｊ１,第２６節第１日,25/08/16(土),19:03,新潟,1-1,川崎Ｆ,デンカＳ,"26,493"
32407,https://data.j-league.or.jp/SFMS02/?match_card_id=32407,2025,Ｊ１,第２６節第１日,25/08/16(土),19:04,京都,1-0,東京Ｖ,サンガＳ,"18,300"
32408,https://data.j-league.or.jp/SFMS02/?match_card_id=32408,2025,Ｊ１,第２６節第１日,25/08/16(土),19:03,神戸,0-1,横浜FC,ノエスタ,"23,166"
32409,https://data.j-league.or.jp/SFMS02/?match_card_id=32409,2025,Ｊ１,第２６節第１日,25/08/16(土),19:03,広島,1-0,Ｇ大阪,Ｅピース,"25,925"
32410,https://data.j-league.or.jp/SFMS02/?match_card_id=32410,2025,Ｊ１,第２６節第２日,25/08/17(日),19:30,岡山,2-1,柏,ＪＦＥス,"15,421"
32411,https://data.j-league.or.jp/SFMS02/?match_card_id=32411,2025,Ｊ１,第２７節第１日,25/08/22(金),19:03,柏,4-2,浦和,三協Ｆ柏,"13,922"
32412,https://data.j-league.or.jp/SFMS02/?match_card_id=32412,2025,Ｊ１,第２７節第２日,25/08/23(土),18:03,福岡,0-0,清水,ベススタ,"11,434"
32413,https://data.j-league.or.jp/SFMS02/?match_card_id=32413,2025,Ｊ１,第２７節第２日,25/08/23(土),19:03,東京Ｖ,0-3,広島,味スタ,"17,480"
32414,https://data.j-league.or.jp/SFMS02/?match_card_id=32414,2025,Ｊ１,第２７節第２日,25/08/23(土),19:03,新潟,1-2,鹿島,デンカＳ,"26,100"
32415,https://data.j-league.or.jp/SFMS02/?match_card_id=32415,2025,Ｊ１,第２７節第２日,25/08/23(土),19:04,名古屋,3-4,川崎Ｆ,豊田ス,"40,055"
32416,https://data.j-league.or.jp/SFMS02/?match_card_id=32416,2025,Ｊ１,第２７節第２日,25/08/23(土),19:03,Ｇ大阪,3-2,横浜FC,パナスタ,"27,994"
32417,https://data.j-league.or.jp/SFMS02/?match_card_id=32417,2025,Ｊ１,第２７節第２日,25/08/23(土),19:03,Ｃ大阪,1-1,神戸,ヨドコウ,"21,578"
32418,https://data.j-league.or.jp/SFMS02/?match_card_id=32418,2025,Ｊ１,第２７節第２日,25/08/23(土),19:03,岡山,1-0,湘南,ＪＦＥス,"14,256"
32419,https://data.j-league.or.jp/SFMS02/?match_card_id=32419,2025,Ｊ１,第２７節第２日,25/08/23(土),19:33,横浜FM,0-0,町田,日産ス,"32,188"
32420,https://data.j-league.or.jp/SFMS02/?match_card_id=32420,2025,Ｊ１,第２７節第３日,25/08/24(日),19:04,FC東京,0-4,京都,味スタ,"27,591"
32421,https://data.j-league.or.jp/SFMS02/?match_card_id=32421,2025,Ｊ１,第２８節第１日,25/08/30(土),18:03,横浜FC,0-0,東京Ｖ,ニッパツ,"10,512"
32422,https://data.j-league.or.jp/SFMS02/?match_card_id=32422,2025,Ｊ１,第２８節第１日,25/08/30(土),19:03,京都,5-0,岡山,サンガＳ,"20,030"
32423,https://data.j-league.or.jp/SFMS02/?match_card_id=32423,2025,Ｊ１,第２８節第１日,25/08/30(土),19:03,神戸,1-0,横浜FM,ノエスタ,"23,198"
32424,https://data.j-league.or.jp/SFMS02/?match_card_id=32424,2025,Ｊ１,第２８節第２日,25/08/31(日),18:33,清水,1-1,鹿島,アイスタ,"17,936"
32425,https://data.j-league.or.jp/SFMS02/?match_card_id=32425,2025,Ｊ１,第２８節第２日,25/08/31(日),19:03,浦和,1-0,新潟,埼玉,"30,968"
32426,https://data.j-league.or.jp/SFMS02/?match_card_id=32426,2025,Ｊ１,第２８節第２日,25/08/31(日),19:03,柏,2-1,福岡,三協Ｆ柏,"13,995"
32427,https://data.j-league.or.jp/SFMS02/?match_card_id=32427,2025,Ｊ１,第２８節第２日,25/08/31(日),19:04,川崎Ｆ,5-3,町田,Ｕ等々力,"22,270"
32428,https://data.j-league.or.jp/SFMS02/?match_card_id=32428,2025,Ｊ１,第２８節第２日,25/08/31(日),19:03,湘南,4-5,Ｇ大阪,レモンＳ,"13,200"
32429,https://data.j-league.or.jp/SFMS02/?match_card_id=32429,2025,Ｊ１,第２８節第２日,25/08/31(日),19:03,名古屋,1-1,FC東京,豊田ス,"39,815"
32430,https://data.j-league.or.jp/SFMS02/?match_card_id=32430,2025,Ｊ１,第２８節第２日,25/08/31(日),19:03,Ｃ大阪,1-1,広島,ヨドコウ,"19,899"
32431,https://data.j-league.or.jp/SFMS02/?match_card_id=32431,2025,Ｊ１,第２９節第２日,25/09/13(土),19:03,鹿島,3-0,湘南,メルスタ,"23,121"
32432,https://data.j-league.or.jp/SFMS02/?match_card_id=32432,2025,Ｊ１,第２９節第３日,25/09/15(月・祝),19:04,FC東京,1-0,東京Ｖ,味スタ,"37,424"
32433,https://data.j-league.or.jp/SFMS02/?match_card_id=32433,2025,Ｊ１,第２９節第１日,25/09/12(金),19:05,町田,1-1,横浜FC,Ｇスタ,"7,035"
32434,https://data.j-league.or.jp/SFMS02/?match_card_id=32434,2025,Ｊ１,第２９節第２日,25/09/13(土),19:03,横浜FM,0-3,川崎Ｆ,日産ス,"41,221"
32435,https://data.j-league.or.jp/SFMS02/?match_card_id=32435,2025,Ｊ１,第２９節第２日,25/09/13(土),19:05,新潟,0-1,清水,デンカＳ,"24,557"
32436,https://data.j-league.or.jp/SFMS02/?match_card_id=32436,2025,Ｊ１,第２９節第２日,25/09/13(土),19:04,Ｇ大阪,1-0,浦和,パナスタ,"31,998"
32437,https://data.j-league.or.jp/SFMS02/?match_card_id=32437,2025,Ｊ１,第２９節第１日,25/09/12(金),19:03,神戸,0-0,柏,ノエスタ,"15,051"
32438,https://data.j-league.or.jp/SFMS02/?match_card_id=32438,2025,Ｊ１,第２９節第２日,25/09/13(土),19:01,岡山,0-1,名古屋,ＪＦＥス,"14,735"
32439,https://data.j-league.or.jp/SFMS02/?match_card_id=32439,2025,Ｊ１,第２９節第１日,25/09/12(金),19:03,広島,1-1,京都,Ｅピース,"25,369"
32440,https://data.j-league.or.jp/SFMS02/?match_card_id=32440,2025,Ｊ１,第２９節第２日,25/09/13(土),18:04,福岡,2-4,Ｃ大阪,ベススタ,"9,643"
32441,https://data.j-league.or.jp/SFMS02/?match_card_id=32441,2025,Ｊ１,第３０節第２日,25/09/20(土),19:04,浦和,0-1,鹿島,埼玉,"53,301"
32442,https://data.j-league.or.jp/SFMS02/?match_card_id=32442,2025,Ｊ１,第３０節第２日,25/09/20(土),18:03,東京Ｖ,4-2,岡山,味スタ,"13,516"
32443,https://data.j-league.or.jp/SFMS02/?match_card_id=32443,2025,Ｊ１,第３０節第２日,25/09/20(土),19:04,川崎Ｆ,0-1,FC東京,Ｕ等々力,"22,338"
32444,https://data.j-league.or.jp/SFMS02/?match_card_id=32444,2025,Ｊ１,第３０節第２日,25/09/20(土),19:03,横浜FM,2-0,福岡,日産ス,"21,840"
32445,https://data.j-league.or.jp/SFMS02/?match_card_id=32445,2025,Ｊ１,第３０節第２日,25/09/20(土),18:03,横浜FC,1-0,新潟,ニッパツ,"9,462"
32446,https://data.j-league.or.jp/SFMS02/?match_card_id=32446,2025,Ｊ１,第３０節第２日,25/09/20(土),17:03,名古屋,3-1,湘南,豊田ス,"29,550"
32447,https://data.j-league.or.jp/SFMS02/?match_card_id=32447,2025,Ｊ１,第３０節第２日,25/09/20(土),19:03,京都,0-1,清水,サンガＳ,"19,056"
32448,https://data.j-league.or.jp/SFMS02/?match_card_id=32448,2025,Ｊ１,第３０節第２日,25/09/20(土),18:33,Ｃ大阪,1-1,柏,ヨドコウ,"18,938"
32449,https://data.j-league.or.jp/SFMS02/?match_card_id=32449,2025,Ｊ１,第３０節第１日,25/08/20(水),19:03,町田,3-1,Ｇ大阪,Ｇスタ,"10,108"
32450,https://data.j-league.or.jp/SFMS02/?match_card_id=32450,2025,Ｊ１,第３０節第１日,25/08/20(水),19:03,広島,0-1,神戸,Ｅピース,"24,847"
32451,https://data.j-league.or.jp/SFMS02/?match_card_id=32451,2025,Ｊ１,第３１節第１日,25/09/23(火・祝),18:03,鹿島,3-1,Ｃ大阪,メルスタ,"25,752"
32452,https://data.j-league.or.jp/SFMS02/?match_card_id=32452,2025,Ｊ１,第３１節第１日,25/09/23(火・祝),19:03,柏,0-0,広島,三協Ｆ柏,"13,552"
32453,https://data.j-league.or.jp/SFMS02/?match_card_id=32453,2025,Ｊ１,第３１節第１日,25/09/23(火・祝),18:03,FC東京,1-0,福岡,味スタ,"24,412"
32454,https://data.j-league.or.jp/SFMS02/?match_card_id=32454,2025,Ｊ１,第３１節第１日,25/09/23(火・祝),19:03,湘南,1-2,川崎Ｆ,レモンＳ,"12,769"
32455,https://data.j-league.or.jp/SFMS02/?match_card_id=32455,2025,Ｊ１,第３１節第１日,25/09/23(火・祝),14:03,新潟,0-0,名古屋,デンカＳ,"19,673"
32456,https://data.j-league.or.jp/SFMS02/?match_card_id=32456,2025,Ｊ１,第３１節第１日,25/09/23(火・祝),18:03,清水,0-0,浦和,アイスタ,"17,202"
32457,https://data.j-league.or.jp/SFMS02/?match_card_id=32457,2025,Ｊ１,第３１節第１日,25/09/23(火・祝),19:03,京都,1-1,町田,サンガＳ,"18,964"
32458,https://data.j-league.or.jp/SFMS02/?match_card_id=32458,2025,Ｊ１,第３１節第１日,25/09/23(火・祝),19:03,Ｇ大阪,3-1,横浜FM,パナスタ,"27,934"
32459,https://data.j-league.or.jp/SFMS02/?match_card_id=32459,2025,Ｊ１,第３１節第１日,25/09/23(火・祝),19:03,神戸,4-0,東京Ｖ,ノエスタ,"17,132"
32460,https://data.j-league.or.jp/SFMS02/?match_card_id=32460,2025,Ｊ１,第３１節第１日,25/09/23(火・祝),18:03,岡山,0-0,横浜FC,ＪＦＥス,"13,537"
32461,https://data.j-league.or.jp/SFMS02/?match_card_id=32461,2025,Ｊ１,第３２節第２日,25/09/28(日),18:04,FC東京,2-3,横浜FM,味スタ,"33,460"
32462,https://data.j-league.or.jp/SFMS02/?match_card_id=32462,2025,Ｊ１,第３２節第１日,25/09/27(土),18:03,東京Ｖ,0-0,浦和,味スタ,"24,643"
32463,https://data.j-league.or.jp/SFMS02/?match_card_id=32463,2025,Ｊ１,第３２節第１日,25/09/27(土),16:03,町田,1-0,岡山,Ｇスタ,"10,113"
32464,https://data.j-league.or.jp/SFMS02/?match_card_id=32464,2025,Ｊ１,第３２節第２日,25/09/28(日),19:03,川崎Ｆ,4-4,柏,Ｕ等々力,"21,652"
32465,https://data.j-league.or.jp/SFMS02/?match_card_id=32465,2025,Ｊ１,第３２節第２日,25/09/28(日),17:03,横浜FC,1-0,湘南,ニッパツ,"12,751"
32466,https://data.j-league.or.jp/SFMS02/?match_card_id=32466,2025,Ｊ１,第３２節第１日,25/09/27(土),17:03,名古屋,0-4,鹿島,豊田ス,"34,648"
32467,https://data.j-league.or.jp/SFMS02/?match_card_id=32467,2025,Ｊ１,第３２節第１日,25/09/27(土),17:03,Ｇ大阪,4-2,新潟,パナスタ,"26,768"
32468,https://data.j-league.or.jp/SFMS02/?match_card_id=32468,2025,Ｊ１,第３２節第２日,25/09/28(日),18:33,Ｃ大阪,1-2,京都,ヨドコウ,"21,935"
32469,https://data.j-league.or.jp/SFMS02/?match_card_id=32469,2025,Ｊ１,第３２節第１日,25/09/27(土),19:03,神戸,2-1,清水,ノエスタ,"18,914"
32470,https://data.j-league.or.jp/SFMS02/?match_card_id=32470,2025,Ｊ１,第３２節第１日,25/09/27(土),18:03,福岡,1-2,広島,ベススタ,"11,472"
32471,https://data.j-league.or.jp/SFMS02/?match_card_id=32471,2025,Ｊ１,第３３節第１日,25/10/03(金),19:03,湘南,0-1,東京Ｖ,レモンＳ,"11,460"
32472,https://data.j-league.or.jp/SFMS02/?match_card_id=32472,2025,Ｊ１,第３３節第３日,25/10/05(日),15:03,鹿島,0-0,Ｇ大阪,メルスタ,"32,407"
32473,https://data.j-league.or.jp/SFMS02/?match_card_id=32473,2025,Ｊ１,第３３節第２日,25/10/04(土),17:03,浦和,1-0,神戸,埼玉,"38,062"
32474,https://data.j-league.or.jp/SFMS02/?match_card_id=32474,2025,Ｊ１,第３３節第２日,25/10/04(土),17:33,柏,1-0,横浜FM,三協Ｆ柏,"13,884"
32475,https://data.j-league.or.jp/SFMS02/?match_card_id=32475,2025,Ｊ１,第３３節第２日,25/10/04(土),14:03,新潟,1-1,岡山,デンカＳ,"19,567"
32476,https://data.j-league.or.jp/SFMS02/?match_card_id=32476,2025,Ｊ１,第３３節第２日,25/10/04(土),13:03,清水,1-1,FC東京,アイスタ,"17,099"
32477,https://data.j-league.or.jp/SFMS02/?match_card_id=32477,2025,Ｊ１,第３３節第２日,25/10/04(土),13:33,名古屋,2-1,Ｃ大阪,豊田ス,"33,496"
32478,https://data.j-league.or.jp/SFMS02/?match_card_id=32478,2025,Ｊ１,第３３節第２日,25/10/04(土),19:03,京都,1-1,川崎Ｆ,サンガＳ,"19,265"
32479,https://data.j-league.or.jp/SFMS02/?match_card_id=32479,2025,Ｊ１,第３３節第２日,25/10/04(土),16:03,広島,2-1,町田,Ｅピース,"25,877"
32480,https://data.j-league.or.jp/SFMS02/?match_card_id=32480,2025,Ｊ１,第３３節第２日,25/10/04(土),16:33,福岡,1-0,横浜FC,ベススタ,"9,076"
32481,https://data.j-league.or.jp/SFMS02/?match_card_id=32481,2025,Ｊ１,第３４節第２日,25/10/18(土),14:03,東京Ｖ,1-0,新潟,味スタ,"17,497"
32482,https://data.j-league.or.jp/SFMS02/?match_card_id=32482,2025,Ｊ１,第３４節第２日,25/10/18(土),14:03,町田,0-0,福岡,Ｇスタ,"9,680"
32483,https://data.j-league.or.jp/SFMS02/?match_card_id=32483,2025,Ｊ１,第３４節第２日,25/10/18(土),14:03,川崎Ｆ,5-3,清水,Ｕ等々力,"22,292"
32484,https://data.j-league.or.jp/SFMS02/?match_card_id=32484,2025,Ｊ１,第３４節第２日,25/10/18(土),14:03,横浜FM,4-0,浦和,日産ス,"36,442"
32485,https://data.j-league.or.jp/SFMS02/?match_card_id=32485,2025,Ｊ１,第３４節第２日,25/10/18(土),14:03,横浜FC,2-2,名古屋,ニッパツ,"11,465"
32486,https://data.j-league.or.jp/SFMS02/?match_card_id=32486,2025,Ｊ１,第３４節第３日,25/10/19(日),15:03,湘南,1-1,京都,レモンＳ,"11,688"
32487,https://data.j-league.or.jp/SFMS02/?match_card_id=32487,2025,Ｊ１,第３４節第２日,25/10/18(土),14:03,Ｇ大阪,0-5,柏,パナスタ,"30,282"
32488,https://data.j-league.or.jp/SFMS02/?match_card_id=32488,2025,Ｊ１,第３４節第１日,25/10/17(金),19:03,神戸,0-0,鹿島,ノエスタ,"25,806"
32489,https://data.j-league.or.jp/SFMS02/?match_card_id=32489,2025,Ｊ１,第３４節第２日,25/10/18(土),14:03,岡山,1-2,Ｃ大阪,ＪＦＥス,"14,903"
32490,https://data.j-league.or.jp/SFMS02/?match_card_id=32490,2025,Ｊ１,第３４節第１日,25/10/17(金),19:03,広島,0-0,FC東京,Ｅピース,"25,728"
32491,https://data.j-league.or.jp/SFMS02/?match_card_id=32491,2025,Ｊ１,第３５節第１日,25/10/25(土),14:03,浦和,0-0,町田,埼玉,"34,551"
32492,https://data.j-league.or.jp/SFMS02/?match_card_id=32492,2025,Ｊ１,第３５節第１日,25/10/25(土),14:03,柏,2-0,横浜FC,三協Ｆ柏,"12,950"
32493,https://data.j-league.or.jp/SFMS02/?match_card_id=32493,2025,Ｊ１,第３５節第１日,25/10/25(土),14:04,FC東京,3-1,岡山,味スタ,"24,664"
32494,https://data.j-league.or.jp/SFMS02/?match_card_id=32494,2025,Ｊ１,第３５節第１日,25/10/25(土),14:03,横浜FM,3-0,広島,日産ス,"27,356"
32495,https://data.j-league.or.jp/SFMS02/?match_card_id=32495,2025,Ｊ１,第３５節第２日,25/10/26(日),14:03,新潟,2-2,神戸,デンカＳ,"19,480"
32496,https://data.j-league.or.jp/SFMS02/?match_card_id=32496,2025,Ｊ１,第３５節第１日,25/10/25(土),14:03,清水,1-0,東京Ｖ,アイスタ,"16,814"
32497,https://data.j-league.or.jp/SFMS02/?match_card_id=32497,2025,Ｊ１,第３５節第１日,25/10/25(土),14:04,名古屋,0-2,Ｇ大阪,豊田ス,"30,084"
32498,https://data.j-league.or.jp/SFMS02/?match_card_id=32498,2025,Ｊ１,第３５節第１日,25/10/25(土),14:03,京都,1-1,鹿島,サンガＳ,"20,353"
32499,https://data.j-league.or.jp/SFMS02/?match_card_id=32499,2025,Ｊ１,第３５節第１日,25/10/25(土),15:03,Ｃ大阪,2-0,川崎Ｆ,ヨドコウ,"17,360"
32500,https://data.j-league.or.jp/SFMS02/?match_card_id=32500,2025,Ｊ１,第３５節第２日,25/10/26(日),14:43,福岡,1-0,湘南,ベススタ,"11,047"
32501,https://data.j-league.or.jp/SFMS02/?match_card_id=32501,2025,Ｊ１,第３６節第１日,25/11/08(土),14:03,鹿島,2-1,横浜FC,メルスタ,"34,873"
32502,https://data.j-league.or.jp/SFMS02/?match_card_id=32502,2025,Ｊ１,第３６節第１日,25/11/08(土),16:03,柏,1-0,名古屋,三協Ｆ柏,"13,634"
32503,https://data.j-league.or.jp/SFMS02/?match_card_id=32503,2025,Ｊ１,第３６節第１日,25/11/08(土),14:03,東京Ｖ,0-0,福岡,味スタ,"15,091"
32504,https://data.j-league.or.jp/SFMS02/?match_card_id=32504,2025,Ｊ１,第３６節第１日,25/11/08(土),15:03,川崎Ｆ,1-1,岡山,Ｕ等々力,"23,343"
32505,https://data.j-league.or.jp/SFMS02/?match_card_id=32505,2025,Ｊ１,第３６節第１日,25/11/08(土),15:03,湘南,5-2,新潟,レモンＳ,"11,505"
32506,https://data.j-league.or.jp/SFMS02/?match_card_id=32506,2025,Ｊ１,第３６節第２日,25/11/09(日),15:03,清水,1-4,Ｃ大阪,アイスタ,"15,910"
32507,https://data.j-league.or.jp/SFMS02/?match_card_id=32507,2025,Ｊ１,第３６節第２日,25/11/09(日),14:03,京都,0-3,横浜FM,サンガＳ,"19,828"
32508,https://data.j-league.or.jp/SFMS02/?match_card_id=32508,2025,Ｊ１,第３６節第２日,25/11/09(日),15:03,Ｇ大阪,1-1,神戸,パナスタ,"34,695"
32509,https://data.j-league.or.jp/SFMS02/?match_card_id=32509,2025,Ｊ１,第３６節第２日,25/11/09(日),13:01,広島,3-0,浦和,Ｅピース,"26,383"
32510,https://data.j-league.or.jp/SFMS02/?match_card_id=32510,2025,Ｊ１,第３６節第２日,25/11/09(日),14:03,町田,0-1,FC東京,国立,"46,838"
32511,https://data.j-league.or.jp/SFMS02/?match_card_id=32511,2025,Ｊ１,第３７節第１日,25/11/30(日),14:05,東京Ｖ,0-1,鹿島,味スタ,"38,168"
32512,https://data.j-league.or.jp/SFMS02/?match_card_id=32512,2025,Ｊ１,第３７節第１日,25/11/30(日),14:03,町田,3-1,名古屋,Ｇスタ,"12,396"
32513,https://data.j-league.or.jp/SFMS02/?match_card_id=32513,2025,Ｊ１,第３７節第１日,25/11/30(日),14:03,川崎Ｆ,1-2,広島,Ｕ等々力,"23,173"
32514,https://data.j-league.or.jp/SFMS02/?match_card_id=32514,2025,Ｊ１,第３７節第１日,25/11/30(日),14:04,横浜FM,3-1,Ｃ大阪,日産ス,"42,665"
32515,https://data.j-league.or.jp/SFMS02/?match_card_id=32515,2025,Ｊ１,第３７節第１日,25/11/30(日),14:03,横浜FC,0-1,京都,ニッパツ,"9,804"
32516,https://data.j-league.or.jp/SFMS02/?match_card_id=32516,2025,Ｊ１,第３７節第１日,25/11/30(日),14:03,湘南,1-0,清水,レモンＳ,"12,531"
32517,https://data.j-league.or.jp/SFMS02/?match_card_id=32517,2025,Ｊ１,第３７節第１日,25/11/30(日),14:03,新潟,1-3,柏,デンカＳ,"25,346"
32518,https://data.j-league.or.jp/SFMS02/?match_card_id=32518,2025,Ｊ１,第３７節第１日,25/11/30(日),14:02,神戸,0-0,FC東京,ノエスタ,"21,948"
32519,https://data.j-league.or.jp/SFMS02/?match_card_id=32519,2025,Ｊ１,第３７節第１日,25/11/30(日),14:03,岡山,0-1,浦和,ＪＦＥス,"15,623"
32520,https://data.j-league.or.jp/SFMS02/?match_card_id=32520,2025,Ｊ１,第３７節第１日,25/11/30(日),14:03,福岡,1-0,Ｇ大阪,ベススタ,"17,587"
32521,https://data.j-league.or.jp/SFMS02/?match_card_id=32521,2025,Ｊ１,第３８節第１日,25/12/06(土),14:03,鹿島,2-1,横浜FM,メルスタ,"37,079"
32522,https://data.j-league.or.jp/SFMS02/?match_card_id=32522,2025,Ｊ１,第３８節第１日,25/12/06(土),14:04,浦和,4-0,川崎Ｆ,埼玉,"47,878"
32523,https://data.j-league.or.jp/SFMS02/?match_card_id=32523,2025,Ｊ１,第３８節第１日,25/12/06(土),14:05,柏,1-0,町田,三協Ｆ柏,"14,092"
32524,https://data.j-league.or.jp/SFMS02/?match_card_id=32524,2025,Ｊ１,第３８節第１日,25/12/06(土),14:03,FC東京,1-1,新潟,味スタ,"36,276"
32525,https://data.j-league.or.jp/SFMS02/?match_card_id=32525,2025,Ｊ１,第３８節第１日,25/12/06(土),14:03,清水,1-2,岡山,アイスタ,"18,346"
32526,https://data.j-league.or.jp/SFMS02/?match_card_id=32526,2025,Ｊ１,第３８節第１日,25/12/06(土),14:03,名古屋,1-0,福岡,豊田ス,"34,975"
32527,https://data.j-league.or.jp/SFMS02/?match_card_id=32527,2025,Ｊ１,第３８節第１日,25/12/06(土),14:03,京都,2-0,神戸,サンガＳ,"20,074"
32528,https://data.j-league.or.jp/SFMS02/?match_card_id=32528,2025,Ｊ１,第３８節第１日,25/12/06(土),14:03,Ｇ大阪,4-1,東京Ｖ,パナスタ,"33,627"
32529,https://data.j-league.or.jp/SFMS02/?match_card_id=32529,2025,Ｊ１,第３８節第１日,25/12/06(土),14:03,Ｃ大阪,1-3,横浜FC,ヨドコウ,"19,070"
32530,https://data.j-league.or.jp/SFMS02/?match_card_id=32530,2025,Ｊ１,第３８節第１日,25/12/06(土),14:03,広島,2-1,湘南,Ｅピース,"26,373"
