feature,mean_importance,selected_windows,selection_rate
away_core_MF,0.021924745904467507,10,1.0
MFCoreDiff,0.019023988442703293,10,1.0
DFMomentumRatio,0.017991723922241538,3,0.3
awayPlayerBalance,0.01736839257959726,10,1.0
attackDefenseRatio,0.016705519127887973,10,1.0
playerMomentumDiff,0.016093630520093955,10,1.0
awayAttackCore,0.015683548711651642,10,1.0
defenseMomentumDiff,0.015364346199479984,5,0.5
absAttackDiff,0.015358237867746417,10,1.0
away_core_FW,0.015337154644254763,10,1.0
DFCoreDiff,0.01530498192828142,10,1.0
homePlayerMomentum,0.015291844007747609,8,0.8
playerBalanceDiff,0.015057284022006925,10,1.0
homePlayerCoreScore,0.014839080593741357,10,1.0
playerCoreScoreDiff,0.014468512679532664,10,1.0
home_core_DF,0.01438150150646752,10,1.0
homePlayerBalance,0.014268973950647157,10,1.0
attackRatingDiff,0.014236072780747844,10,1.0
homeDefenseMomentum,0.013744005341034,10,1.0
awayPlayerCoreScore,0.013496479351026732,10,1.0
away_core_DF,0.013463864949887883,10,1.0
absDefenseDiff,0.01322901065648079,10,1.0
homeAwayWinRateDiff,0.013058423703810027,10,1.0
attackCoreDiff,0.012584778557327491,10,1.0
expectedGoalGap,0.012387975066119373,10,1.0
absEloDiff,0.012332666626181158,10,1.0
awayAttackRating,0.011936045551285631,10,1.0
combinedGoalsPerMatch,0.011884698679049345,10,1.0
awayDefenseMomentum,0.01184221961760208,6,0.6
FWCoreRatio,0.011795010770692045,10,1.0
defenseRatingDiff,0.011606562580065989,10,1.0
awayPlayerMomentum,0.011545220090517196,9,0.9
home_core_MF,0.011520844066106942,10,1.0
awayAwayElo,0.011517225878046123,10,1.0
FWCoreDiff,0.011316218343596711,10,1.0
homeDefenseRating,0.011247451125498244,10,1.0
eloDiff,0.011152386792710401,10,1.0
homeAwayDiff,0.011055023194800275,10,1.0
awayDefenseRating,0.010919456091440034,10,1.0
homeWinRate,0.01075037180898694,10,1.0
home_core_FW,0.010736748177766252,10,1.0
homeAwayGoalsPerMatchDiff,0.01065641174749616,10,1.0
homeAttackCore,0.010610233530604937,10,1.0
home_momentum_FW,0.010470266807325882,5,0.5
awayWinRate,0.0104664428671039,10,1.0
homeElo,0.01009649151947418,10,1.0
homeHomeElo,0.010037628882093294,10,1.0
seasonRound,0.009846388719593351,7,0.7
homeAttackRating,0.00961438465409593,10,1.0
awayElo,0.009560875107946839,10,1.0
awayPoints,0.009482296526196638,10,1.0
absRankDiff,0.00947363715019991,10,1.0
homeHomeGoalsPerMatch,0.009432129321586144,10,1.0
homeHomeWinRate,0.009420381672321943,10,1.0
awayAwayWinRate,0.009084392258709436,10,1.0
rankDiff,0.009044864526217349,10,1.0
last3PointsDiff,0.008842784928273785,10,1.0
homePoints,0.008827950473000307,10,1.0
absPointsDiff,0.008518106009285046,10,1.0
awayAwayGoalsPerMatch,0.008399456169889723,10,1.0
homeGoalsAgainst,0.008289364684999976,10,1.0
awayRank,0.008227760967557368,10,1.0
homeRank,0.008039867233295748,10,1.0
pointsDiff,0.007907586633768301,10,1.0
awayGoalsAgainst,0.007673186450609657,10,1.0
formDiff,0.007650174404359149,10,1.0
awayGoalsFor,0.007612125054216404,10,1.0
goalDifferenceDiff,0.007227998070871255,10,1.0
awayTeamStability,0.007071038229031143,10,1.0
homeGoalsFor,0.006831049042414288,10,1.0
teamStabilityDiff,0.006717340941955386,10,1.0
homeFormPoints,0.006529195186142624,10,1.0
homeGoalDifference,0.006435532180469268,10,1.0
awayFormPoints,0.0062846162961182825,10,1.0
awayGoalDifference,0.0060875572598493586,10,1.0
FWAvailableRateDiff,0.005923815325632922,10,1.0
month,0.005851745852255818,10,1.0
unbeatenStreakDiff,0.005771278018361239,10,1.0
homeCorePlayerCount,0.00574978858183973,10,1.0
MFStarterCountDiff,0.005295476266476343,10,1.0
corePlayerCountDiff,0.005015284243061748,10,1.0
GKMomentumDiff,0.004947875612423058,10,1.0
MFAvailableRateDiff,0.004884487259055799,10,1.0
awayLast3Points,0.004827806026193558,10,1.0
homeLast3Points,0.004757987557958799,10,1.0
homeTeamStability,0.004725589045511595,10,1.0
away_available_count_MF,0.004605711865113981,10,1.0
GKCoreDiff,0.004424696700530081,10,1.0
DFAvailableRateDiff,0.004422700817192539,10,1.0
awayCorePlayerCount,0.0043793955296080565,10,1.0
awayUnbeatenStreak,0.004315913872643371,10,1.0
GKMomentumRatio,0.004302296760159471,5,0.5
GKCoreRatio,0.0037280045757902723,10,1.0
FWStarterCountDiff,0.003510391822144434,10,1.0
losingStreakDiff,0.0034990337611658234,10,1.0
away_available_count_DF,0.0034529712503316816,10,1.0
away_available_count_FW,0.003430860557550169,10,1.0
homeUnbeatenStreak,0.0034160798858855943,10,1.0
DFStarterCountDiff,0.00334465020072953,10,1.0
last3WinsDiff,0.0033140261781672378,10,1.0
home_available_count_MF,0.003187304173757892,10,1.0
home_available_count_FW,0.003139693863073427,10,1.0
homeLast5Wins,0.003051754424874136,10,1.0
availablePlayerCountDiff,0.003045092711203831,10,1.0
awayMFAvailableRate,0.0028632654010838938,10,1.0
away_starter_count_MF,0.0028036129030558797,10,1.0
home_starter_count_MF,0.002696665290094591,10,1.0
home_available_count_DF,0.002663314390869794,10,1.0
awayLast5Wins,0.0026212680087126855,10,1.0
home_momentum_GK,0.0026049468965226963,10,1.0
awayLast3Wins,0.002596930488758013,10,1.0
awayFWAvailableRate,0.0025884484453432563,10,1.0
homeLast3Wins,0.0025257698988986423,10,1.0
away_starter_count_DF,0.0024468103791380246,10,1.0
homeMFAvailableRate,0.0024328397738859397,10,1.0
away_momentum_GK,0.0024104188164814824,10,1.0
awayLosingStreak,0.002406287409154176,10,1.0
awayDFAvailableRate,0.002307789318508857,10,1.0
homeLosingStreak,0.002285571034632684,10,1.0
away_core_GK,0.00223416594588959,10,1.0
home_starter_count_FW,0.0021060759913018,10,1.0
homeAvailablePlayerCount,0.002088295944105684,10,1.0
away_starter_count_FW,0.001811091531740314,10,1.0
home_starter_count_DF,0.0017809670005571438,10,1.0
awayAvailablePlayerCount,0.0017198855880609023,10,1.0
homeFWAvailableRate,0.0016646609920753688,10,1.0
homeDFAvailableRate,0.0016466907677371203,10,1.0
h2hHomeWins,0.0013736673070973223,10,1.0
home_core_GK,0.0013224732533647769,10,1.0
h2hAwayWins,0.001202269839526277,10,1.0
GKAvailableRateDiff,0.0011674376319227423,10,1.0
h2hDraws,0.0007138135552963668,10,1.0
away_available_count_GK,0.0006175348657032372,10,1.0
awayGKAvailableRate,0.0006124646175994987,10,1.0
home_available_count_GK,0.00024881691677498374,10,1.0
homeGKAvailableRate,0.00014912929769547286,10,1.0
away_starter_count_GK,0.00011310919611467797,10,1.0
GKStarterCountDiff,0.00011203434652182105,10,1.0
home_starter_count_GK,1.437920325253948e-05,10,1.0
