toto_round,match_date,home_raw,away_raw,home_team,away_team,home_class,away_class,match_class,competition_raw
1632,,名古屋グランパス,町田,名古屋,町田,J1,J1,J1,J.League
1632,,サンフレッチェ広島,川崎フロンターレ,広島,川崎F,J1,J1,J1,J.League
1632,,セレッソ大阪,FC東京,C大阪,FC東京,J1,J1,J1,J.League
1632,,V・ファーレン長崎,水戸ホーリーホック,長崎,水戸,J2,J2,J2,J.League
1632,,京都サンガF.C.,柏レイソル,京都,柏,J1,J1,J1,J.League
1632,,ヴィッセル神戸,鹿島アントラーズ,神戸,鹿島,J1,J1,J1,J.League
1632,,アビスパ福岡,ジェフユナイテッド千葉,福岡,千葉,J1,J2,Mixed Domestic,J.League
1632,,ファジアーノ岡山,浦和レッズ,岡山,浦和,J1,J1,J1,J.League
1632,,清水エスパルス,横浜F・マリノス,清水,横浜FM,J1,J1,J1,J.League
1632,,ガンバ大阪,東京ヴェルディ,G大阪,東京V,J1,J1,J1,J.League
1632,,ベガルタ仙台,ヴァンフォーレ甲府,仙台,甲府,J2,J2,J2,J.League
1632,,富山,宮崎,富山,宮崎,J2,J3,Mixed Domestic,J.League
1632,,ブラウブリッツ秋田,北海道コンサドーレ札幌,秋田,札幌,J2,J1,Mixed Domestic,J.League
1631,,アビスパ福岡,ヴィッセル神戸,福岡,神戸,J1,J1,J1,J.League
1631,,鹿島アントラーズ,FC東京,鹿島,FC東京,J1,J1,J1,J.League
1631,,京都サンガF.C.,V・ファーレン長崎,京都,長崎,J1,J2,Mixed Domestic,J.League
1631,,ファジアーノ岡山,セレッソ大阪,岡山,C大阪,J1,J1,J1,J.League
1631,,東京ヴェルディ,横浜F・マリノス,東京V,横浜FM,J1,J1,J1,J.League
1631,,サンフレッチェ広島,名古屋グランパス,広島,名古屋,J1,J1,J1,J.League
1631,,柏レイソル,ジェフユナイテッド千葉,柏,千葉,J1,J2,Mixed Domestic,J.League
1631,,水戸ホーリーホック,川崎フロンターレ,水戸,川崎F,J2,J1,Mixed Domestic,J.League
1631,,清水エスパルス,ガンバ大阪,清水,G大阪,J1,J1,J1,J.League
1631,,北海道コンサドーレ札幌,ジュビロ磐田,札幌,磐田,J1,J1,J1,J.League
1631,,ベガルタ仙台,横浜FC,仙台,横浜FC,J2,J1,Mixed Domestic,J.League
1631,,徳島ヴォルティス,FC今治,徳島,FC今治,J2,Other,Other,J.League
1631,,藤枝MYFC,いわきFC,藤枝,いわき,J2,J2,J2,J.League
1630,,水戸ホーリーホック,東京ヴェルディ,水戸,東京V,J2,J1,Mixed Domestic,J.League
1630,,横浜F・マリノス,柏レイソル,横浜FM,柏,J1,J1,J1,J.League
1630,,V・ファーレン長崎,ヴィッセル神戸,長崎,神戸,J2,J1,Mixed Domestic,J.League
1630,,ジェフユナイテッド千葉,鹿島アントラーズ,千葉,鹿島,J2,J1,Mixed Domestic,J.League
1630,,京都サンガF.C.,サンフレッチェ広島,京都,広島,J1,J1,J1,J.League
1630,,浦和レッズ,FC東京,浦和,FC東京,J1,J1,J1,J.League
1630,,ファジアーノ岡山,清水エスパルス,岡山,清水,J1,J1,J1,J.League
1630,,セレッソ大阪,名古屋グランパス,C大阪,名古屋,J1,J1,J1,J.League
1630,,川崎フロンターレ,町田,川崎F,町田,J1,J1,J1,J.League
1630,,FC琉球,鳥取,FC琉球,鳥取,Other,J3,Other,J.League
1630,,富山,徳島ヴォルティス,富山,徳島,J2,J2,J2,J.League
1630,,大分,宮崎,大分,宮崎,J2,J3,Mixed Domestic,Cup/Other
1630,,ジュビロ磐田,藤枝MYFC,磐田,藤枝,J1,J2,Mixed Domestic,J.League
1628,,水戸ホーリーホック,浦和レッズ,水戸,浦和,J2,J1,Mixed Domestic,J.League
1628,,横浜F・マリノス,鹿島アントラーズ,横浜FM,鹿島,J1,J1,J1,J.League
1628,,ヴィッセル神戸,ファジアーノ岡山,神戸,岡山,J1,J1,J1,J.League
1628,,ガンバ大阪,サンフレッチェ広島,G大阪,広島,J1,J1,J1,J.League
1628,,名古屋グランパス,京都サンガF.C.,名古屋,京都,J1,J1,J1,J.League
1628,,セレッソ大阪,V・ファーレン長崎,C大阪,長崎,J1,J2,Mixed Domestic,J.League
1628,,清水エスパルス,アビスパ福岡,清水,福岡,J1,J1,J1,J.League
1628,,FC東京,東京ヴェルディ,FC東京,東京V,J1,J1,J1,J.League
1628,,ジェフユナイテッド千葉,町田,千葉,町田,J2,J1,Mixed Domestic,J.League
1628,,柏レイソル,川崎フロンターレ,柏,川崎F,J1,J1,J1,J.League
1628,,北海道コンサドーレ札幌,大宮,札幌,大宮,J1,J2,Mixed Domestic,J.League
1628,,大分,サガン鳥栖,大分,鳥栖,J2,J1,Mixed Domestic,Cup/Other
1628,,いわきFC,ヴァンフォーレ甲府,いわき,甲府,J2,J2,J2,J.League
1627,,清水エスパルス,セレッソ大阪,清水,C大阪,J1,J1,J1,J.League
1627,,アビスパ福岡,京都サンガF.C.,福岡,京都,J1,J1,J1,J.League
1627,,FC東京,ジェフユナイテッド千葉,FC東京,千葉,J1,J2,Mixed Domestic,J.League
1627,,サンフレッチェ広島,ヴィッセル神戸,広島,神戸,J1,J1,J1,J.League
1627,,鹿島アントラーズ,水戸ホーリーホック,鹿島,水戸,J1,J2,Mixed Domestic,J.League
1627,,V・ファーレン長崎,ファジアーノ岡山,長崎,岡山,J2,J1,Mixed Domestic,J.League
1627,,名古屋グランパス,ガンバ大阪,名古屋,G大阪,J1,J1,J1,J.League
1627,,町田,横浜F・マリノス,町田,横浜FM,J1,J1,J1,J.League
1627,,柏レイソル,浦和レッズ,柏,浦和,J1,J1,J1,J.League
1627,,川崎フロンターレ,東京ヴェルディ,川崎F,東京V,J1,J1,J1,J.League
1627,,八戸,湘南ベルマーレ,八戸,湘南,J3,J1,Mixed Domestic,J.League
1627,,アルビレックス新潟,徳島ヴォルティス,新潟,徳島,J1,J2,Mixed Domestic,J.League
1627,,ヴァンフォーレ甲府,ジュビロ磐田,甲府,磐田,J2,J1,Mixed Domestic,J.League
1626,,ファジアーノ岡山,サンフレッチェ広島,岡山,広島,J1,J1,J1,J.League
1626,,FC東京,川崎フロンターレ,FC東京,川崎F,J1,J1,J1,J.League
1626,,京都サンガF.C.,清水エスパルス,京都,清水,J1,J1,J1,J.League
1626,,ガンバ大阪,ヴィッセル神戸,G大阪,神戸,J1,J1,J1,J.League
1626,,浦和レッズ,ジェフユナイテッド千葉,浦和,千葉,J1,J2,Mixed Domestic,J.League
1626,,横浜F・マリノス,水戸ホーリーホック,横浜FM,水戸,J1,J2,Mixed Domestic,J.League
1626,,東京ヴェルディ,柏レイソル,東京V,柏,J1,J1,J1,J.League
1626,,セレッソ大阪,アビスパ福岡,C大阪,福岡,J1,J1,J1,J.League
1626,,V・ファーレン長崎,名古屋グランパス,長崎,名古屋,J2,J1,Mixed Domestic,J.League
1626,,鹿島アントラーズ,町田,鹿島,町田,J1,J1,J1,J.League
1626,,ベガルタ仙台,ブラウブリッツ秋田,仙台,秋田,J2,J2,J2,J.League
1626,,サガン鳥栖,宮崎,鳥栖,宮崎,J1,J3,Mixed Domestic,J.League
1626,,ジュビロ磐田,いわきFC,磐田,いわき,J1,J2,Mixed Domestic,J.League
1625,,清水エスパルス,V・ファーレン長崎,清水,長崎,J1,J2,Mixed Domestic,J.League
1625,,ヴィッセル神戸,セレッソ大阪,神戸,C大阪,J1,J1,J1,J.League
1625,,アビスパ福岡,サンフレッチェ広島,福岡,広島,J1,J1,J1,J.League
1625,,浦和レッズ,川崎フロンターレ,浦和,川崎F,J1,J1,J1,J.League
1625,,柏レイソル,FC東京,柏,FC東京,J1,J1,J1,J.League
1625,,東京ヴェルディ,鹿島アントラーズ,東京V,鹿島,J1,J1,J1,J.League
1625,,名古屋グランパス,ファジアーノ岡山,名古屋,岡山,J1,J1,J1,J.League
1625,,京都サンガF.C.,ガンバ大阪,京都,G大阪,J1,J1,J1,J.League
1625,,水戸ホーリーホック,町田,水戸,町田,J2,J1,Mixed Domestic,J.League
1625,,ジェフユナイテッド千葉,横浜F・マリノス,千葉,横浜FM,J2,J1,Mixed Domestic,J.League
1625,,北海道コンサドーレ札幌,藤枝MYFC,札幌,藤枝,J1,J2,Mixed Domestic,J.League
1625,,ブラウブリッツ秋田,モンテディオ山形,秋田,山形,J2,J2,J2,J.League
1625,,富山,アルビレックス新潟,富山,新潟,J2,J1,Mixed Domestic,J.League
1624,,ベガルタ仙台,モンテディオ山形,仙台,山形,J2,J2,J2,J.League
1624,,清水エスパルス,名古屋グランパス,清水,名古屋,J1,J1,J1,J.League
1624,,ファジアーノ岡山,アビスパ福岡,岡山,福岡,J1,J1,J1,J.League
1624,,浦和レッズ,横浜F・マリノス,浦和,横浜FM,J1,J1,J1,J.League
1624,,川崎フロンターレ,ジェフユナイテッド千葉,川崎F,千葉,J1,J2,Mixed Domestic,J.League
1624,,V・ファーレン長崎,ガンバ大阪,長崎,G大阪,J2,J1,Mixed Domestic,J.League
1624,,北海道コンサドーレ札幌,いわきFC,札幌,いわき,J1,J2,Mixed Domestic,J.League
1624,,藤枝MYFC,大宮,藤枝,大宮,J2,J2,J2,J.League
1624,,相模原,湘南ベルマーレ,相模原,湘南,J3,J1,Mixed Domestic,J.League
1624,,FC今治,富山,FC今治,富山,Other,J2,Other,J.League
1624,,福島,ヴァンフォーレ甲府,福島,甲府,J3,J2,Mixed Domestic,J.League
1624,,宮崎,鹿児島,宮崎,鹿児島,J3,Other,Other,J.League
1624,,アルビレックス新潟,FC大阪,新潟,FC大阪,J1,J3,Mixed Domestic,J.League
1622,,横浜F・マリノス,川崎フロンターレ,横浜FM,川崎F,J1,J1,J1,J.League
1622,,セレッソ大阪,京都サンガF.C.,C大阪,京都,J1,J1,J1,J.League
1622,,水戸ホーリーホック,柏レイソル,水戸,柏,J2,J1,Mixed Domestic,J.League
1622,,ガンバ大阪,ファジアーノ岡山,G大阪,岡山,J1,J1,J1,J.League
1622,,名古屋グランパス,アビスパ福岡,名古屋,福岡,J1,J1,J1,J.League
1622,,鹿島アントラーズ,浦和レッズ,鹿島,浦和,J1,J1,J1,J.League
1622,,東京ヴェルディ,ジェフユナイテッド千葉,東京V,千葉,J1,J2,Mixed Domestic,J.League
1622,,ベガルタ仙台,栃木シティ,仙台,栃木シティ,J2,Other,Other,J.League
1622,,アルビレックス新潟,FC今治,新潟,FC今治,J1,Other,Other,J.League
1622,,ヴァンフォーレ甲府,藤枝MYFC,甲府,藤枝,J2,J2,J2,J.League
1622,,ブラウブリッツ秋田,横浜FC,秋田,横浜FC,J2,J1,Mixed Domestic,J.League
1622,,モンテディオ山形,八戸,山形,八戸,J2,J3,Mixed Domestic,J.League
1622,,大宮,ジュビロ磐田,大宮,磐田,J2,J1,Mixed Domestic,J.League
1621,,ジェフユナイテッド千葉,水戸ホーリーホック,千葉,水戸,J2,J2,J2,J.League
1621,,サンフレッチェ広島,清水エスパルス,広島,清水,J1,J1,J1,J.League
1621,,アビスパ福岡,V・ファーレン長崎,福岡,長崎,J1,J2,Mixed Domestic,J.League
1621,,ヴィッセル神戸,名古屋グランパス,神戸,名古屋,J1,J1,J1,J.League
1621,,横浜F・マリノス,FC東京,横浜FM,FC東京,J1,J1,J1,J.League
1621,,京都サンガF.C.,ファジアーノ岡山,京都,岡山,J1,J1,J1,J.League
1621,,ガンバ大阪,セレッソ大阪,G大阪,C大阪,J1,J1,J1,J.League
1621,,浦和レッズ,東京ヴェルディ,浦和,東京V,J1,J1,J1,J.League
1621,,川崎フロンターレ,鹿島アントラーズ,川崎F,鹿島,J1,J1,J1,J.League
1621,,町田,柏レイソル,町田,柏,J1,J1,J1,J.League
1621,,ブラウブリッツ秋田,湘南ベルマーレ,秋田,湘南,J2,J1,Mixed Domestic,J.League
1621,,ヴァンフォーレ甲府,北海道コンサドーレ札幌,甲府,札幌,J2,J1,Mixed Domestic,J.League
1621,,モンテディオ山形,横浜FC,山形,横浜FC,J2,J1,Mixed Domestic,J.League
1620,,ジェフユナイテッド千葉,東京ヴェルディ,千葉,東京V,J2,J1,Mixed Domestic,J.League
1620,,名古屋グランパス,セレッソ大阪,名古屋,C大阪,J1,J1,J1,J.League
1620,,V・ファーレン長崎,清水エスパルス,長崎,清水,J2,J1,Mixed Domestic,J.League
1620,,ファジアーノ岡山,ヴィッセル神戸,岡山,神戸,J1,J1,J1,J.League
1620,,柏レイソル,横浜F・マリノス,柏,横浜FM,J1,J1,J1,J.League
1620,,水戸ホーリーホック,鹿島アントラーズ,水戸,鹿島,J2,J1,Mixed Domestic,J.League
1620,,ガンバ大阪,京都サンガF.C.,G大阪,京都,J1,J1,J1,J.League
1620,,サンフレッチェ広島,アビスパ福岡,広島,福岡,J1,J1,J1,J.League
1620,,川崎フロンターレ,浦和レッズ,川崎F,浦和,J1,J1,J1,J.League
1620,,FC東京,町田,FC東京,町田,J1,J1,J1,J.League
1620,,八戸,モンテディオ山形,八戸,山形,J3,J2,Mixed Domestic,J.League
1620,,サガン鳥栖,大分,鳥栖,大分,J1,J2,Mixed Domestic,Cup/Other
1620,,ジュビロ磐田,ヴァンフォーレ甲府,磐田,甲府,J1,J2,Mixed Domestic,J.League
1619,,横浜FC,湘南ベルマーレ,横浜FC,湘南,J1,J1,J1,J.League
1619,,ヴァンフォーレ甲府,大宮,甲府,大宮,J2,J2,J2,J.League
1619,,ブラウブリッツ秋田,ベガルタ仙台,秋田,仙台,J2,J2,J2,J.League
1619,,富山,FC今治,富山,FC今治,J2,Other,Other,J.League
1619,,いわきFC,ジュビロ磐田,いわき,磐田,J2,J1,Mixed Domestic,J.League
1619,,藤枝MYFC,北海道コンサドーレ札幌,藤枝,札幌,J2,J1,Mixed Domestic,J.League
1619,,モンテディオ山形,栃木シティ,山形,栃木シティ,J2,Other,Other,J.League
1619,,徳島ヴォルティス,高知,徳島,高知,J2,Other,Other,J.League
1619,,鳥取,サガン鳥栖,鳥取,鳥栖,J3,J1,Mixed Domestic,J.League
1619,,滋賀,宮崎,滋賀,宮崎,Other,J3,Other,Cup/Other
1619,,山口,大分,山口,大分,J2,J2,J2,Cup/Other
1619,,FC大阪,アルビレックス新潟,FC大阪,新潟,J3,J1,Mixed Domestic,J.League
1619,,八戸,相模原,八戸,相模原,J3,J3,J3,J.League
1618,,ファジアーノ岡山,V・ファーレン長崎,岡山,長崎,J1,J2,Mixed Domestic,J.League
1618,,清水エスパルス,サンフレッチェ広島,清水,広島,J1,J1,J1,J.League
1618,,京都サンガF.C.,名古屋グランパス,京都,名古屋,J1,J1,J1,J.League
1618,,川崎フロンターレ,横浜F・マリノス,川崎F,横浜FM,J1,J1,J1,J.League
1618,,柏レイソル,水戸ホーリーホック,柏,水戸,J1,J2,Mixed Domestic,J.League
1618,,アビスパ福岡,ガンバ大阪,福岡,G大阪,J1,J1,J1,J.League
1618,,鹿島アントラーズ,ジェフユナイテッド千葉,鹿島,千葉,J1,J2,Mixed Domestic,J.League
1618,,セレッソ大阪,ヴィッセル神戸,C大阪,神戸,J1,J1,J1,J.League
1618,,浦和レッズ,町田,浦和,町田,J1,J1,J1,J.League
1618,,東京ヴェルディ,FC東京,東京V,FC東京,J1,J1,J1,J.League
1618,,北海道コンサドーレ札幌,ヴァンフォーレ甲府,札幌,甲府,J1,J2,Mixed Domestic,J.League
1618,,FC今治,徳島ヴォルティス,FC今治,徳島,Other,J2,Other,J.League
1618,,ブラウブリッツ秋田,八戸,秋田,八戸,J2,J3,Mixed Domestic,J.League
1617,,セレッソ大阪,ファジアーノ岡山,C大阪,岡山,J1,J1,J1,J.League
1617,,アビスパ福岡,清水エスパルス,福岡,清水,J1,J1,J1,J.League
1617,,ジェフユナイテッド千葉,FC東京,千葉,FC東京,J2,J1,Mixed Domestic,J.League
1617,,名古屋グランパス,サンフレッチェ広島,名古屋,広島,J1,J1,J1,J.League
1617,,町田,鹿島アントラーズ,町田,鹿島,J1,J1,J1,J.League
1616,,横浜F・マリノス,ジェフユナイテッド千葉,横浜FM,千葉,J1,J2,Mixed Domestic,J.League
1616,,名古屋グランパス,ヴィッセル神戸,名古屋,神戸,J1,J1,J1,J.League
1616,,水戸ホーリーホック,FC東京,水戸,FC東京,J2,J1,Mixed Domestic,J.League
1616,,京都サンガF.C.,セレッソ大阪,京都,C大阪,J1,J1,J1,J.League
1616,,サンフレッチェ広島,ガンバ大阪,広島,G大阪,J1,J1,J1,J.League
1616,,柏レイソル,町田,柏,町田,J1,J1,J1,J.League
1616,,清水エスパルス,ファジアーノ岡山,清水,岡山,J1,J1,J1,J.League
1616,,鹿島アントラーズ,川崎フロンターレ,鹿島,川崎F,J1,J1,J1,J.League
1616,,東京ヴェルディ,浦和レッズ,東京V,浦和,J1,J1,J1,J.League
1616,,V・ファーレン長崎,アビスパ福岡,長崎,福岡,J2,J1,Mixed Domestic,J.League
1616,,八戸,栃木シティ,八戸,栃木シティ,J3,Other,Other,J.League
1616,,宮崎,大分,宮崎,大分,J3,J2,Mixed Domestic,Cup/Other
1616,,ジュビロ磐田,北海道コンサドーレ札幌,磐田,札幌,J1,J1,J1,J.League
1615,,ｱﾀﾗﾝﾀ,ﾊﾞｲｴﾙﾝ,アタランタ,バイエルン,Other,Other,Other,Unknown
1615,,Aﾏﾄﾞﾘｰ,ﾄﾃﾅﾑ,Aマドリー,トテナム,Other,Other,Other,Unknown
1615,,ｸﾞﾘﾑﾄ,ｽﾎﾟﾙﾃｨ,グリムト,スポルティ,Other,Other,Other,Unknown
1615,,ﾊﾟﾘSG,ﾁｪﾙｼｰ,パリSG,チェルシー,Other,Other,Other,Unknown
1615,,Rﾏﾄﾞﾘｰ,ﾏﾝC,Rマドリー,マンC,Other,Other,Other,Unknown
1614,,ジェフユナイテッド千葉,柏レイソル,千葉,柏,J2,J1,Mixed Domestic,J.League
1614,,鹿島アントラーズ,東京ヴェルディ,鹿島,東京V,J1,J1,J1,J.League
1614,,アビスパ福岡,名古屋グランパス,福岡,名古屋,J1,J1,J1,J.League
1614,,ファジアーノ岡山,京都サンガF.C.,岡山,京都,J1,J1,J1,J.League
1614,,ガンバ大阪,V・ファーレン長崎,G大阪,長崎,J1,J2,Mixed Domestic,J.League
1614,,FC東京,横浜F・マリノス,FC東京,横浜FM,J1,J1,J1,J.League
1614,,浦和レッズ,水戸ホーリーホック,浦和,水戸,J1,J2,Mixed Domestic,J.League
1614,,セレッソ大阪,清水エスパルス,C大阪,清水,J1,J1,J1,J.League
1614,,ベガルタ仙台,湘南ベルマーレ,仙台,湘南,J2,J1,Mixed Domestic,J.League
1614,,藤枝MYFC,ジュビロ磐田,藤枝,磐田,J2,J1,Mixed Domestic,J.League
1614,,八戸,横浜FC,八戸,横浜FC,J3,J1,Mixed Domestic,J.League
1614,,モンテディオ山形,ブラウブリッツ秋田,山形,秋田,J2,J2,J2,J.League
1614,,いわきFC,大宮,いわき,大宮,J2,J2,J2,J.League
1613,,横浜F・マリノス,東京ヴェルディ,横浜FM,東京V,J1,J1,J1,J.League
1613,,ガンバ大阪,清水エスパルス,G大阪,清水,J1,J1,J1,J.League
1613,,V・ファーレン長崎,セレッソ大阪,長崎,C大阪,J2,J1,Mixed Domestic,J.League
1613,,ファジアーノ岡山,名古屋グランパス,岡山,名古屋,J1,J1,J1,J.League
1613,,川崎フロンターレ,水戸ホーリーホック,川崎F,水戸,J1,J2,Mixed Domestic,J.League
1613,,浦和レッズ,鹿島アントラーズ,浦和,鹿島,J1,J1,J1,J.League
1613,,FC東京,柏レイソル,FC東京,柏,J1,J1,J1,J.League
1613,,ベガルタ仙台,八戸,仙台,八戸,J2,J3,Mixed Domestic,J.League
1613,,FC今治,アルビレックス新潟,FC今治,新潟,Other,J1,Other,J.League
1613,,いわきFC,藤枝MYFC,いわき,藤枝,J2,J2,J2,J.League
1613,,栃木シティ,湘南ベルマーレ,栃木シティ,湘南,Other,J1,Other,J.League
1613,,北海道コンサドーレ札幌,岐阜,札幌,岐阜,J1,J3,Mixed Domestic,J.League
1613,,富山,FC大阪,富山,FC大阪,J2,J3,Mixed Domestic,J.League
1612,,町田,2,町田,2,J1,Other,Other,Cup/Other
1612,,ヴィッセル神戸,2,神戸,2,J1,Other,Other,Cup/Other
1612,,サンフレッチェ広島,1,広島,1,J1,Other,Other,Cup/Other
1611,,Aﾏﾄﾞﾘｰ,ﾌﾞﾙｯﾍ,Aマドリー,ブルッヘ,Other,Other,Other,Unknown
1611,,ｲﾝﾃﾙ,ｸﾞﾘﾑﾄ,インテル,グリムト,Other,Other,Other,Unknown
1611,,ｱﾀﾗﾝﾀ,ﾄﾞﾙﾄ,アタランタ,ドルト,Other,Other,Other,Unknown
1611,,ﾊﾟﾘSG,ﾓﾅｺ,パリSG,モナコ,Other,Other,Other,Unknown
1611,,Rﾏﾄﾞﾘｰ,ﾍﾞﾝﾌｨｶ,Rマドリー,ベンフィカ,Other,Other,Other,Unknown
1610,,横浜F・マリノス,浦和レッズ,横浜FM,浦和,J1,J1,J1,J.League
1610,,清水エスパルス,ヴィッセル神戸,清水,神戸,J1,J1,J1,J.League
1610,,鹿島アントラーズ,柏レイソル,鹿島,柏,J1,J1,J1,J.League
1610,,ファジアーノ岡山,ガンバ大阪,岡山,G大阪,J1,J1,J1,J.League
1610,,セレッソ大阪,サンフレッチェ広島,C大阪,広島,J1,J1,J1,J.League
1610,,川崎フロンターレ,FC東京,川崎F,FC東京,J1,J1,J1,J.League
1610,,名古屋グランパス,V・ファーレン長崎,名古屋,長崎,J1,J2,Mixed Domestic,J.League
1610,,水戸ホーリーホック,ジェフユナイテッド千葉,水戸,千葉,J2,J2,J2,J.League
1610,,京都サンガF.C.,アビスパ福岡,京都,福岡,J1,J1,J1,J.League
1610,,東京ヴェルディ,町田,東京V,町田,J1,J1,J1,J.League
1610,,宮崎,サガン鳥栖,宮崎,鳥栖,J3,J1,Mixed Domestic,J.League
1610,,徳島ヴォルティス,富山,徳島,富山,J2,J2,J2,J.League
1610,,藤枝MYFC,ヴァンフォーレ甲府,藤枝,甲府,J2,J2,J2,J.League
1609,,清水エスパルス,京都サンガF.C.,清水,京都,J1,J1,J1,J.League
1609,,町田,水戸ホーリーホック,町田,水戸,J1,J2,Mixed Domestic,J.League
1609,,鹿島アントラーズ,横浜F・マリノス,鹿島,横浜FM,J1,J1,J1,J.League
1609,,柏レイソル,東京ヴェルディ,柏,東京V,J1,J1,J1,J.League
1609,,アビスパ福岡,セレッソ大阪,福岡,C大阪,J1,J1,J1,J.League
1609,,サンフレッチェ広島,ファジアーノ岡山,広島,岡山,J1,J1,J1,J.League
1609,,FC東京,浦和レッズ,FC東京,浦和,J1,J1,J1,J.League
1609,,ジェフユナイテッド千葉,川崎フロンターレ,千葉,川崎F,J2,J1,Mixed Domestic,J.League
1609,,ガンバ大阪,名古屋グランパス,G大阪,名古屋,J1,J1,J1,J.League
1609,,徳島ヴォルティス,アルビレックス新潟,徳島,新潟,J2,J1,Mixed Domestic,J.League
1609,,大宮,北海道コンサドーレ札幌,大宮,札幌,J2,J1,Mixed Domestic,J.League
1609,,横浜FC,ベガルタ仙台,横浜FC,仙台,J1,J2,Mixed Domestic,J.League
1609,,栃木シティ,ブラウブリッツ秋田,栃木シティ,秋田,Other,J2,Other,J.League
1608,,ジェフユナイテッド千葉,浦和レッズ,千葉,浦和,J2,J1,Mixed Domestic,J.League
1608,,FC東京,鹿島アントラーズ,FC東京,鹿島,J1,J1,J1,J.League
1608,,セレッソ大阪,ガンバ大阪,C大阪,G大阪,J1,J1,J1,J.League
1608,,アビスパ福岡,ファジアーノ岡山,福岡,岡山,J1,J1,J1,J.League
1608,,名古屋グランパス,清水エスパルス,名古屋,清水,J1,J1,J1,J.League
1608,,川崎フロンターレ,柏レイソル,川崎F,柏,J1,J1,J1,J.League
1608,,東京ヴェルディ,水戸ホーリーホック,東京V,水戸,J1,J2,Mixed Domestic,J.League
1608,,栃木シティ,ベガルタ仙台,栃木シティ,仙台,Other,J2,Other,J.League
1608,,いわきFC,北海道コンサドーレ札幌,いわき,札幌,J2,J1,Mixed Domestic,J.League
1608,,湘南ベルマーレ,ブラウブリッツ秋田,湘南,秋田,J1,J2,Mixed Domestic,J.League
1608,,横浜FC,モンテディオ山形,横浜FC,山形,J1,J2,Mixed Domestic,J.League
1608,,愛媛FC,アルビレックス新潟,愛媛,新潟,J2,J1,Mixed Domestic,J.League
1608,,FC琉球,サガン鳥栖,FC琉球,鳥栖,Other,J1,Other,J.League
1607,,横浜F・マリノス,2,横浜FM,2,J1,Other,Other,Cup/Other
1607,,京都サンガF.C.,1,京都,1,J1,Other,Other,Cup/Other
1607,,V・ファーレン長崎,1,長崎,1,J2,Other,Other,Cup/Other
1606,,ﾌﾞﾚｰﾒﾝ,ﾒﾝﾍﾝ,ブレーメン,メンヘン,Other,Other,Other,Unknown
1606,,ﾌﾗﾝｸﾌﾙ,ﾚｳﾞｧｰ,フランクフル,レヴァー,Other,Other,Other,Unknown
1606,,ﾎｯﾌｪﾝ,ｳﾆｵﾝ,ホッフェン,ウニオン,Other,Other,Other,Unknown
1606,,ﾊﾝﾌﾞﾙｶ,ﾊﾞｲｴﾙﾝ,ハンブルカ,バイエルン,Other,Other,Other,Unknown
1606,,ｼｭﾂｯﾄ,ﾌﾗｲﾌﾞﾙ,シュツット,フライブル,Other,Other,Other,Unknown
1606,,ﾗｲﾌﾟﾂｨ,ﾏｲﾝﾂ,ライプツィ,マインツ,Other,Other,Other,Unknown
1606,,ｱｳｸﾞｽ,ﾊﾟｳﾘ,アウグス,パウリ,Other,Other,Other,Unknown
1606,,ﾄﾞﾙﾄ,ﾊｲﾃﾞﾝﾊ,ドルト,ハイデンハ,Other,Other,Other,Unknown
1606,,ﾘｳﾞｧﾌﾟ,ﾆｭｶｯｽﾙ,リヴァプ,ニュカッスル,Other,Other,Other,Unknown
1606,,ﾉｯﾃｨﾝ,ｸﾘｽﾀﾙ,ノッティン,クリスタル,Other,Other,Other,Unknown
1606,,ﾄﾃﾅﾑ,ﾏﾝC,トテナム,マンC,Other,Other,Other,Unknown
1606,,ﾌﾞﾗｲﾄﾝ,ｴｳﾞｧﾄﾝ,ブライトン,エヴァトン,Other,Other,Other,Unknown
1606,,ﾘｰｽﾞ,ｱｰｾﾅﾙ,リーズ,アーセナル,Other,Other,Other,Unknown
1605,,ﾘｳﾞｧﾌﾟ,ｶﾗﾊﾞﾌ,リヴァプ,カラバフ,Other,Other,Other,Unknown
1605,,ﾌﾗﾝｸﾌﾙ,ﾄﾃﾅﾑ,フランクフル,トテナム,Other,Other,Other,Unknown
1605,,ｱｲﾝﾄﾎｰ,ﾊﾞｲｴﾙﾝ,アイントホー,バイエルン,Other,Other,Other,Unknown
1605,,ﾋﾞﾙﾊﾞｵ,ｽﾎﾟﾙﾃｨ,ビルバオ,スポルティ,Other,Other,Other,Unknown
1605,,ﾊﾟﾌｫｽ,ｽﾗｳﾞｨｱ,パフォス,スラヴィア,Other,Other,Other,Unknown
1605,,ﾄﾞﾙﾄ,ｲﾝﾃﾙ,ドルト,インテル,Other,Other,Other,Unknown
1605,,ﾊﾞﾙｾﾛﾅ,ｺﾍﾟﾝﾊｰ,バルセロナ,コペンハー,Other,Other,Other,Unknown
1605,,ﾅﾎﾟﾘ,ﾁｪﾙｼｰ,ナポリ,チェルシー,Other,Other,Other,Unknown
1605,,ﾓﾅｺ,ﾕｳﾞｪﾝﾄ,モナコ,ユヴェント,Other,Other,Other,Unknown
1605,,ﾍﾞﾝﾌｨｶ,Rﾏﾄﾞﾘｰ,ベンフィカ,Rマドリー,Other,Other,Other,Unknown
1605,,ﾊﾟﾘSG,ﾆｭｶｯｽﾙ,パリSG,ニュカッスル,Other,Other,Other,Unknown
1605,,ｱｰｾﾅﾙ,ｶｲﾗﾄ,アーセナル,カイラト,Other,Other,Other,Unknown
1605,,ｻﾝｼﾞﾛﾜ,ｱﾀﾗﾝﾀ,サンジロワ,アタランタ,Other,Other,Other,Unknown
1604,,ﾊﾞｲｴﾙﾝ,ｱｳｸﾞｽ,バイエルン,アウグス,Other,Other,Other,Unknown
1604,,ﾌﾗﾝｸﾌﾙ,ﾎｯﾌｪﾝ,フランクフル,ホッフェン,Other,Other,Other,Unknown
1604,,ﾚｳﾞｧｰ,ﾌﾞﾚｰﾒﾝ,レヴァー,ブレーメン,Other,Other,Other,Unknown
1604,,ﾒﾝﾍﾝ,ｼｭﾂｯﾄ,メンヘン,シュツット,Other,Other,Other,Unknown
1604,,ﾌﾗｲﾌﾞﾙ,ｹﾙﾝ,フライブル,ケルン,Other,Other,Other,Unknown
1604,,ﾏｲﾝﾂ,ｳﾞｫﾙﾌｽ,マインツ,ヴォルフス,Other,Other,Other,Unknown
1604,,ﾊｲﾃﾞﾝﾊ,ﾗｲﾌﾟﾂｨ,ハイデンハ,ライプツィ,Other,Other,Other,Unknown
1604,,ｳﾆｵﾝ,ﾄﾞﾙﾄ,ウニオン,ドルト,Other,Other,Other,Unknown
1604,,ﾌﾗﾑ,ﾌﾞﾗｲﾄﾝ,フラム,ブライトン,Other,Other,Other,Unknown
1604,,ﾎﾞﾝﾏｳｽ,ﾘｳﾞｧﾌﾟ,ボンマウス,リヴァプ,Other,Other,Other,Unknown
1604,,ｸﾘｽﾀﾙ,ﾁｪﾙｼｰ,クリスタル,チェルシー,Other,Other,Other,Unknown
1604,,ﾊﾞｰﾝﾘｰ,ﾄﾃﾅﾑ,バーンリー,トテナム,Other,Other,Other,Unknown
1604,,ｱｰｾﾅﾙ,ﾏﾝU,アーセナル,マンU,Other,Other,Other,Unknown
1603,,ﾎｯﾌｪﾝ,ﾚｳﾞｧｰ,ホッフェン,レヴァー,Other,Other,Other,Unknown
1603,,ﾊﾝﾌﾞﾙｶ,ﾒﾝﾍﾝ,ハンブルカ,メンヘン,Other,Other,Other,Unknown
1603,,ﾄﾞﾙﾄ,ﾊﾟｳﾘ,ドルト,パウリ,Other,Other,Other,Unknown
1603,,ｹﾙﾝ,ﾏｲﾝﾂ,ケルン,マインツ,Other,Other,Other,Unknown
1603,,ﾗｲﾌﾟﾂｨ,ﾊﾞｲｴﾙﾝ,ライプツィ,バイエルン,Other,Other,Other,Unknown
1603,,ｳﾞｫﾙﾌｽ,ﾊｲﾃﾞﾝﾊ,ヴォルフス,ハイデンハ,Other,Other,Other,Unknown
1603,,ﾘｳﾞｧﾌﾟ,ﾊﾞｰﾝﾘｰ,リヴァプ,バーンリー,Other,Other,Other,Unknown
1603,,ｻﾝﾀﾞｰ,ｸﾘｽﾀﾙ,サンダー,クリスタル,Other,Other,Other,Unknown
1603,,ﾄﾃﾅﾑ,ｳｪｽﾄﾊﾑ,トテナム,ウェストハム,Other,Other,Other,Unknown
1603,,ﾘｰｽﾞ,ﾌﾗﾑ,リーズ,フラム,Other,Other,Other,Unknown
1603,,ﾉｯﾃｨﾝ,ｱｰｾﾅﾙ,ノッティン,アーセナル,Other,Other,Other,Unknown
1603,,ﾏﾝU,ﾏﾝC,マンU,マンC,Other,Other,Other,Unknown
1603,,ﾁｪﾙｼｰ,ﾌﾞﾚﾝﾄ,チェルシー,ブレント,Other,Other,Other,Unknown
1602,,ﾌﾗﾝｸﾌﾙ,ﾄﾞﾙﾄ,フランクフル,ドルト,Other,Other,Other,Unknown
1602,,ﾌﾞﾚｰﾒﾝ,ﾎｯﾌｪﾝ,ブレーメン,ホッフェン,Other,Other,Other,Unknown
1602,,ﾊﾟｳﾘ,ﾗｲﾌﾟﾂｨ,パウリ,ライプツィ,Other,Other,Other,Unknown
1602,,ﾊﾞｲｴﾙﾝ,ｳﾞｫﾙﾌｽ,バイエルン,ヴォルフス,Other,Other,Other,Unknown
1602,,ﾌﾗｲﾌﾞﾙ,ﾊﾝﾌﾞﾙｶ,フライブル,ハンブルカ,Other,Other,Other,Unknown
1601,,ﾎﾞﾝﾏｳｽ,ﾄﾃﾅﾑ,ボンマウス,トテナム,Other,Other,Other,Unknown
1601,,ｸﾘｽﾀﾙ,ｱｽﾄﾝ,クリスタル,アストン,Other,Other,Other,Unknown
1601,,ﾏﾝC,ﾌﾞﾗｲﾄﾝ,マンC,ブライトン,Other,Other,Other,Unknown
1601,,ﾌﾗﾑ,ﾁｪﾙｼｰ,フラム,チェルシー,Other,Other,Other,Unknown
1601,,ﾆｭｶｯｽﾙ,ﾘｰｽﾞ,ニュカッスル,リーズ,Other,Other,Other,Unknown
1600,,ﾘｰｽﾞ,ﾏﾝU,リーズ,マンU,Other,Other,Other,Unknown
1600,,ﾌﾗﾑ,ﾘｳﾞｧﾌﾟ,フラム,リヴァプ,Other,Other,Other,Unknown
1600,,ﾆｭｶｯｽﾙ,ｸﾘｽﾀﾙ,ニュカッスル,クリスタル,Other,Other,Other,Unknown
1600,,ﾄﾃﾅﾑ,ｻﾝﾀﾞｰ,トテナム,サンダー,Other,Other,Other,Unknown
1600,,ﾏﾝC,ﾁｪﾙｼｰ,マンC,チェルシー,Other,Other,Other,Unknown
1599,,ｸﾘｽﾀﾙ,1,クリスタル,1,Other,Other,Other,Unknown
1599,,ﾘｳﾞｧﾌﾟ,0,リヴァプ,0,Other,Other,Other,Unknown
1599,,ﾌﾞﾚﾝﾄ,0,ブレント,0,Other,Other,Other,Unknown
1598,,ﾁｪﾙｼｰ,ﾎﾞﾝﾏｳｽ,チェルシー,ボンマウス,Other,Other,Other,Unknown
1598,,ｳｪｽﾄﾊﾑ,ﾌﾞﾗｲﾄﾝ,ウェストハム,ブライトン,Other,Other,Other,Unknown
1598,,ﾊﾞｰﾝﾘｰ,ﾆｭｶｯｽﾙ,バーンリー,ニュカッスル,Other,Other,Other,Unknown
1598,,ｱｰｾﾅﾙ,ｱｽﾄﾝ,アーセナル,アストン,Other,Other,Other,Unknown
1598,,ﾏﾝU,ｳﾙｳﾞｧｰ,マンU,ウルヴァー,Other,Other,Other,Unknown
1597,,ﾏﾝU,ﾆｭｶｯｽﾙ,マンU,ニュカッスル,Other,Other,Other,Unknown
1597,,ﾉｯﾃｨﾝ,ﾏﾝC,ノッティン,マンC,Other,Other,Other,Unknown
1597,,ｱｰｾﾅﾙ,ﾌﾞﾗｲﾄﾝ,アーセナル,ブライトン,Other,Other,Other,Unknown
1597,,ﾘｳﾞｧﾌﾟ,ｳﾙｳﾞｧｰ,リヴァプ,ウルヴァー,Other,Other,Other,Unknown
1597,,ﾌﾞﾚﾝﾄ,ﾎﾞﾝﾏｳｽ,ブレント,ボンマウス,Other,Other,Other,Unknown
1596,,ｼｭﾂｯﾄ,ﾎｯﾌｪﾝ,シュツット,ホッフェン,Other,Other,Other,Unknown
1596,,ｱｳｸﾞｽ,ﾌﾞﾚｰﾒﾝ,アウグス,ブレーメン,Other,Other,Other,Unknown
1596,,ﾊﾝﾌﾞﾙｶ,ﾌﾗﾝｸﾌﾙ,ハンブルカ,フランクフル,Other,Other,Other,Unknown
1596,,ｳﾞｫﾙﾌｽ,ﾌﾗｲﾌﾞﾙ,ヴォルフス,フライブル,Other,Other,Other,Unknown
1596,,ﾗｲﾌﾟﾂｨ,ﾚｳﾞｧｰ,ライプツィ,レヴァー,Other,Other,Other,Unknown
1596,,ｹﾙﾝ,ｳﾆｵﾝ,ケルン,ウニオン,Other,Other,Other,Unknown
1596,,ﾌﾞﾗｲﾄﾝ,ｻﾝﾀﾞｰ,ブライトン,サンダー,Other,Other,Other,Unknown
1596,,ﾄﾃﾅﾑ,ﾘｳﾞｧﾌﾟ,トテナム,リヴァプ,Other,Other,Other,Unknown
1596,,ﾘｰｽﾞ,ｸﾘｽﾀﾙ,リーズ,クリスタル,Other,Other,Other,Unknown
1596,,ﾎﾞﾝﾏｳｽ,ﾊﾞｰﾝﾘｰ,ボンマウス,バーンリー,Other,Other,Other,Unknown
1596,,ｴｳﾞｧﾄﾝ,ｱｰｾﾅﾙ,エヴァトン,アーセナル,Other,Other,Other,Unknown
1596,,ﾏﾝC,ｳｪｽﾄﾊﾑ,マンC,ウェストハム,Other,Other,Other,Unknown
1596,,ﾆｭｶｯｽﾙ,ﾁｪﾙｼｰ,ニュカッスル,チェルシー,Other,Other,Other,Unknown
1595,,ﾌﾗﾝｸﾌﾙ,ｱｳｸﾞｽ,フランクフル,アウグス,Other,Other,Other,Unknown
1595,,ﾎｯﾌｪﾝ,ﾊﾝﾌﾞﾙｶ,ホッフェン,ハンブルカ,Other,Other,Other,Unknown
1595,,ﾌﾗｲﾌﾞﾙ,ﾄﾞﾙﾄ,フライブル,ドルト,Other,Other,Other,Unknown
1595,,ﾊﾞｲｴﾙﾝ,ﾏｲﾝﾂ,バイエルン,マインツ,Other,Other,Other,Unknown
1595,,ﾌﾞﾚｰﾒﾝ,ｼｭﾂｯﾄ,ブレーメン,シュツット,Other,Other,Other,Unknown
1595,,ﾒﾝﾍﾝ,ｳﾞｫﾙﾌｽ,メンヘン,ヴォルフス,Other,Other,Other,Unknown
1595,,ﾊﾟｳﾘ,ﾊｲﾃﾞﾝﾊ,パウリ,ハイデンハ,Other,Other,Other,Unknown
1595,,ﾚｳﾞｧｰ,ｹﾙﾝ,レヴァー,ケルン,Other,Other,Other,Unknown
1595,,ﾘｳﾞｧﾌﾟ,ﾌﾞﾗｲﾄﾝ,リヴァプ,ブライトン,Other,Other,Other,Unknown
1595,,ｸﾘｽﾀﾙ,ﾏﾝC,クリスタル,マンC,Other,Other,Other,Unknown
1595,,ﾉｯﾃｨﾝ,ﾄﾃﾅﾑ,ノッティン,トテナム,Other,Other,Other,Unknown
1595,,ﾌﾞﾚﾝﾄ,ﾘｰｽﾞ,ブレント,リーズ,Other,Other,Other,Unknown
1595,,ｱｰｾﾅﾙ,ｳﾙｳﾞｧｰ,アーセナル,ウルヴァー,Other,Other,Other,Unknown
1593,,ｼｭﾂｯﾄ,ﾊﾞｲｴﾙﾝ,シュツット,バイエルン,Other,Other,Other,Unknown
1593,,ﾊｲﾃﾞﾝﾊ,ﾌﾗｲﾌﾞﾙ,ハイデンハ,フライブル,Other,Other,Other,Unknown
1593,,ｱｳｸﾞｽ,ﾚｳﾞｧｰ,アウグス,レヴァー,Other,Other,Other,Unknown
1593,,ｹﾙﾝ,ﾊﾟｳﾘ,ケルン,パウリ,Other,Other,Other,Unknown
1593,,ﾗｲﾌﾟﾂｨ,ﾌﾗﾝｸﾌﾙ,ライプツィ,フランクフル,Other,Other,Other,Unknown
1593,,ｳﾞｫﾙﾌｽ,ｳﾆｵﾝ,ヴォルフス,ウニオン,Other,Other,Other,Unknown
1593,,ｱｽﾄﾝ,ｱｰｾﾅﾙ,アストン,アーセナル,Other,Other,Other,Unknown
1593,,ﾄﾃﾅﾑ,ﾌﾞﾚﾝﾄ,トテナム,ブレント,Other,Other,Other,Unknown
1593,,ﾘｰｽﾞ,ﾘｳﾞｧﾌﾟ,リーズ,リヴァプ,Other,Other,Other,Unknown
1593,,ﾎﾞﾝﾏｳｽ,ﾁｪﾙｼｰ,ボンマウス,チェルシー,Other,Other,Other,Unknown
1593,,ﾏﾝC,ｻﾝﾀﾞｰ,マンC,サンダー,Other,Other,Other,Unknown
1593,,ﾆｭｶｯｽﾙ,ﾊﾞｰﾝﾘｰ,ニュカッスル,バーンリー,Other,Other,Other,Unknown
1593,,ｴｳﾞｧﾄﾝ,ﾉｯﾃｨﾝ,エヴァトン,ノッティン,Other,Other,Other,Unknown
1592,,FC東京,アルビレックス新潟,FC東京,新潟,J1,J1,J1,J.League
1592,,名古屋グランパス,アビスパ福岡,名古屋,福岡,J1,J1,J1,J.League
1592,,ガンバ大阪,東京ヴェルディ,G大阪,東京V,J1,J1,J1,J.League
1592,,鹿島アントラーズ,横浜F・マリノス,鹿島,横浜FM,J1,J1,J1,J.League
1592,,サンフレッチェ広島,湘南ベルマーレ,広島,湘南,J1,J1,J1,J.League
1591,,北海道コンサドーレ札幌,愛媛FC,札幌,愛媛,J1,J2,Mixed Domestic,J.League
1591,,アルビレックス新潟,柏レイソル,新潟,柏,J1,J1,J1,J.League
1591,,ファジアーノ岡山,浦和レッズ,岡山,浦和,J1,J1,J1,J.League
1591,,東京ヴェルディ,鹿島アントラーズ,東京V,鹿島,J1,J1,J1,J.League
1591,,湘南ベルマーレ,清水エスパルス,湘南,清水,J1,J1,J1,J.League
1591,,横浜F・マリノス,セレッソ大阪,横浜FM,C大阪,J1,J1,J1,J.League
1591,,横浜FC,京都サンガF.C.,横浜FC,京都,J1,J1,J1,J.League
1591,,町田,名古屋グランパス,町田,名古屋,J1,J1,J1,J.League
1591,,川崎フロンターレ,サンフレッチェ広島,川崎F,広島,J1,J1,J1,J.League
1591,,ヴィッセル神戸,FC東京,神戸,FC東京,J1,J1,J1,J.League
1591,,アビスパ福岡,ガンバ大阪,福岡,G大阪,J1,J1,J1,J.League
1591,,ベガルタ仙台,いわきFC,仙台,いわき,J2,J2,J2,J.League
1591,,徳島ヴォルティス,V・ファーレン長崎,徳島,長崎,J2,J2,J2,J.League
1589,,大分,ジェフユナイテッド千葉,大分,千葉,J2,J2,J2,Cup/Other
1589,,いわきFC,山口,いわき,山口,J2,J2,J2,J.League
1589,,藤枝MYFC,サガン鳥栖,藤枝,鳥栖,J2,J1,Mixed Domestic,J.League
1589,,大宮,徳島ヴォルティス,大宮,徳島,J2,J2,J2,J.League
1589,,愛媛FC,熊本,愛媛,熊本,J2,J2,J2,J.League
1589,,V・ファーレン長崎,水戸ホーリーホック,長崎,水戸,J2,J2,J2,J.League
1589,,ブラウブリッツ秋田,ベガルタ仙台,秋田,仙台,J2,J2,J2,J.League
1589,,ヴァンフォーレ甲府,富山,甲府,富山,J2,J2,J2,J.League
1589,,FC今治,北海道コンサドーレ札幌,FC今治,札幌,Other,J1,Other,J.League
1589,,ジュビロ磐田,モンテディオ山形,磐田,山形,J1,J2,Mixed Domestic,J.League
1589,,群馬,松本,群馬,松本,J2,J3,Mixed Domestic,J.League
1589,,鹿児島,FC琉球,鹿児島,FC琉球,Other,Other,Other,J.League
1589,,八戸,讃岐,八戸,讃岐,J3,J3,J3,J.League
1588,,ﾄﾞｲﾂ,ｽﾛﾊﾞｷｱ,ドイツ,スロバキア,Other,Other,Other,Unknown
1588,,ｽﾍﾟｲﾝ,ﾄﾙｺ,スペイン,トルコ,Other,Other,Other,Unknown
1588,,ｽｺｯﾄﾗﾝ,ﾃﾞﾝﾏｰｸ,スコットラン,デンマーク,Other,Other,Other,Unknown
1588,,ｳｪｰﾙｽﾞ,北マケ,ウェールズ,北マケ,Other,Other,Other,Unknown
1588,,ｺｿﾎﾞ,ｽｲｽ,コソボ,スイス,Other,Other,Other,Unknown
1588,,ｵﾗﾝﾀﾞ,ﾘﾄｱﾆｱ,オランダ,リトアニア,Other,Other,Other,Unknown
1588,,ﾓﾝﾃﾈｸﾞ,ｸﾛｱﾁｱ,モンテネグ,クロアチア,Other,Other,Other,Unknown
1588,,ｵｰｽﾄﾘｱ,ﾎﾞｽﾆｱ,オーストリア,ボスニア,Other,Other,Other,Unknown
1588,,ｽｳｪﾃﾞﾝ,ｽﾛﾍﾞﾆｱ,スウェデン,スロベニア,Other,Other,Other,Unknown
1588,,ﾌﾞﾙｶﾞﾘ,ｼﾞｮｼﾞｱ,ブルガリ,ジョジア,Other,Other,Other,Unknown
1588,,北アイ,ﾙｸｾﾝﾌﾞ,北アイ,ルクセンブ,Other,Other,Other,Unknown
1588,,ﾏﾙﾀ,ﾎﾟｰﾗﾝ,マルタ,ポーラン,Other,Other,Other,Unknown
1588,,ﾙｰﾏﾆｱ,ｻﾝﾏﾘﾉ,ルーマニア,サンマリノ,Other,Other,Other,Unknown
1587,,町田,FC東京,町田,FC東京,J1,J1,J1,J.League
1587,,ヴィッセル神戸,サンフレッチェ広島,神戸,広島,J1,J1,J1,J.League
1587,,高知,八戸,高知,八戸,Other,J3,Other,J.League
1587,,長野,宮崎,長野,宮崎,J3,J3,J3,J.League
1587,,沼津,群馬,沼津,群馬,J3,J2,Mixed Domestic,J.League
1586,,ｲﾝｸﾞﾗﾝ,ｾﾙﾋﾞｱ,イングラン,セルビア,Other,Other,Other,Unknown
1586,,ｱｲﾙﾗﾝ,ﾎﾟﾙﾄｶﾞ,アイルラン,ポルトガ,Other,Other,Other,Unknown
1586,,ﾎﾟｰﾗﾝ,ｵﾗﾝﾀﾞ,ポーラン,オランダ,Other,Other,Other,Unknown
1586,,ﾙｸｾﾝﾌﾞ,ﾄﾞｲﾂ,ルクセンブ,ドイツ,Other,Other,Other,Unknown
1586,,ｸﾛｱﾁｱ,ﾌｪﾛｰ,クロアチア,フェロー,Other,Other,Other,Unknown
1586,,ｱｾﾞﾙﾊﾞ,ｱｲｽﾗﾝ,アゼルバ,アイスラン,Other,Other,Other,Unknown
1586,,ﾉﾙｳｪｰ,ｴｽﾄﾆｱ,ノルウェー,エストニア,Other,Other,Other,Unknown
1586,,ｱﾙﾒﾆｱ,ﾊﾝｶﾞﾘｰ,アルメニア,ハンガリー,Other,Other,Other,Unknown
1586,,ｽﾛﾊﾞｷｱ,北アイ,スロバキア,北アイ,Other,Other,Other,Unknown
1586,,ﾌｨﾝﾗﾝ,ﾏﾙﾀ,フィンラン,マルタ,Other,Other,Other,Unknown
1586,,ｱﾝﾄﾞﾗ,ｱﾙﾊﾞﾆｱ,アンドラ,アルバニア,Other,Other,Other,Unknown
1586,,ｼﾞﾌﾞﾗﾙ,ﾓﾝﾃﾈｸﾞ,ジブラル,モンテネグ,Other,Other,Other,Unknown
1586,,ﾓﾙﾄﾞﾊﾞ,ｲﾀﾘｱ,モルドバ,イタリア,Other,Other,Other,Unknown
1585,,鹿島アントラーズ,横浜FC,鹿島,横浜FC,J1,J1,J1,J.League
1585,,湘南ベルマーレ,アルビレックス新潟,湘南,新潟,J1,J1,J1,J.League
1585,,サンフレッチェ広島,浦和レッズ,広島,浦和,J1,J1,J1,J.League
1585,,町田,FC東京,町田,FC東京,J1,J1,J1,J.League
1585,,ガンバ大阪,ヴィッセル神戸,G大阪,神戸,J1,J1,J1,J.League
1585,,東京ヴェルディ,アビスパ福岡,東京V,福岡,J1,J1,J1,J.League
1585,,川崎フロンターレ,ファジアーノ岡山,川崎F,岡山,J1,J1,J1,J.League
1585,,京都サンガF.C.,横浜F・マリノス,京都,横浜FM,J1,J1,J1,J.League
1585,,清水エスパルス,セレッソ大阪,清水,C大阪,J1,J1,J1,J.League
1585,,柏レイソル,名古屋グランパス,柏,名古屋,J1,J1,J1,J.League
1585,,北海道コンサドーレ札幌,大分,札幌,大分,J1,J2,Mixed Domestic,Cup/Other
1585,,ベガルタ仙台,熊本,仙台,熊本,J2,J2,J2,J.League
1585,,徳島ヴォルティス,ヴァンフォーレ甲府,徳島,甲府,J2,J2,J2,J.League
1583,,柏レイソル,サンフレッチェ広島,柏,広島,J1,J1,J1,J.League
1583,,いわきFC,藤枝MYFC,いわき,藤枝,J2,J2,J2,J.League
1583,,ヴァンフォーレ甲府,水戸ホーリーホック,甲府,水戸,J2,J2,J2,J.League
1583,,ジュビロ磐田,V・ファーレン長崎,磐田,長崎,J1,J2,Mixed Domestic,J.League
1583,,大分,モンテディオ山形,大分,山形,J2,J2,J2,Cup/Other
1583,,大宮,ブラウブリッツ秋田,大宮,秋田,J2,J2,J2,J.League
1583,,富山,愛媛FC,富山,愛媛,J2,J2,J2,J.League
1583,,FC今治,ベガルタ仙台,FC今治,仙台,Other,J2,Other,J.League
1583,,サガン鳥栖,徳島ヴォルティス,鳥栖,徳島,J1,J2,Mixed Domestic,J.League
1583,,熊本,山口,熊本,山口,J2,J2,J2,J.League
1583,,ジェフユナイテッド千葉,北海道コンサドーレ札幌,千葉,札幌,J2,J1,Mixed Domestic,J.League
1583,,栃木SC,岐阜,栃木,岐阜,J2,J3,Mixed Domestic,J.League
1583,,八戸,北九州,八戸,北九州,J3,J3,J3,J.League
1582,,浦和レッズ,町田,浦和,町田,J1,J1,J1,J.League
1582,,清水エスパルス,東京ヴェルディ,清水,東京V,J1,J1,J1,J.League
1582,,柏レイソル,横浜FC,柏,横浜FC,J1,J1,J1,J.League
1582,,名古屋グランパス,ガンバ大阪,名古屋,G大阪,J1,J1,J1,J.League
1582,,セレッソ大阪,川崎フロンターレ,C大阪,川崎F,J1,J1,J1,J.League
1582,,FC東京,ファジアーノ岡山,FC東京,岡山,J1,J1,J1,J.League
1582,,横浜F・マリノス,サンフレッチェ広島,横浜FM,広島,J1,J1,J1,J.League
1582,,京都サンガF.C.,鹿島アントラーズ,京都,鹿島,J1,J1,J1,J.League
1582,,アルビレックス新潟,ヴィッセル神戸,新潟,神戸,J1,J1,J1,J.League
1582,,アビスパ福岡,湘南ベルマーレ,福岡,湘南,J1,J1,J1,J.League
1582,,北海道コンサドーレ札幌,水戸ホーリーホック,札幌,水戸,J1,J2,Mixed Domestic,J.League
1582,,山口,富山,山口,富山,J2,J2,J2,J.League
1582,,ブラウブリッツ秋田,ジェフユナイテッド千葉,秋田,千葉,J2,J2,J2,J.League
1580,,東京ヴェルディ,アルビレックス新潟,東京V,新潟,J1,J1,J1,J.League
1580,,ガンバ大阪,柏レイソル,G大阪,柏,J1,J1,J1,J.League
1580,,ファジアーノ岡山,セレッソ大阪,岡山,C大阪,J1,J1,J1,J.League
1580,,川崎フロンターレ,清水エスパルス,川崎F,清水,J1,J1,J1,J.League
1580,,横浜FC,名古屋グランパス,横浜FC,名古屋,J1,J1,J1,J.League
1580,,町田,アビスパ福岡,町田,福岡,J1,J1,J1,J.League
1580,,横浜F・マリノス,浦和レッズ,横浜FM,浦和,J1,J1,J1,J.League
1580,,湘南ベルマーレ,京都サンガF.C.,湘南,京都,J1,J1,J1,J.League
1580,,大分,ベガルタ仙台,大分,仙台,J2,J2,J2,Cup/Other
1580,,モンテディオ山形,熊本,山形,熊本,J2,J2,J2,J.League
1580,,富山,北海道コンサドーレ札幌,富山,札幌,J2,J1,Mixed Domestic,J.League
1580,,FC今治,山口,FC今治,山口,Other,J2,Other,J.League
1580,,サガン鳥栖,ブラウブリッツ秋田,鳥栖,秋田,J1,J2,Mixed Domestic,J.League
1579,,ヴィッセル神戸,0,神戸,0,J1,Other,Other,Cup/Other
1579,,サンフレッチェ広島,0,広島,0,J1,Other,Other,Cup/Other
1578,,ｵﾗﾝﾀﾞ,ﾌｨﾝﾗﾝ,オランダ,フィンラン,Other,Other,Other,Unknown
1578,,ﾙｰﾏﾆｱ,ｵｰｽﾄﾘｱ,ルーマニア,オーストリア,Other,Other,Other,Unknown
1578,,ﾃﾞﾝﾏｰｸ,ｷﾞﾘｼｬ,デンマーク,ギリシャ,Other,Other,Other,Unknown
1578,,ｳｪｰﾙｽﾞ,ﾍﾞﾙｷﾞｰ,ウェールズ,ベルギー,Other,Other,Other,Unknown
1578,,ｽﾛﾍﾞﾆｱ,ｽｲｽ,スロベニア,スイス,Other,Other,Other,Unknown
1578,,ｱｲｽﾗﾝ,ﾌﾗﾝｽ,アイスラン,フランス,Other,Other,Other,Unknown
1578,,ｽｳｪﾃﾞﾝ,ｺｿﾎﾞ,スウェデン,コソボ,Other,Other,Other,Unknown
1578,,北アイ,ﾄﾞｲﾂ,北アイ,ドイツ,Other,Other,Other,Unknown
1578,,ｽﾛﾊﾞｷｱ,ﾙｸｾﾝﾌﾞ,スロバキア,ルクセンブ,Other,Other,Other,Unknown
1578,,ﾌｪﾛｰ,ﾁｪｺ,フェロー,チェコ,Other,Other,Other,Unknown
1578,,ﾘﾄｱﾆｱ,ﾎﾟｰﾗﾝ,リトアニア,ポーラン,Other,Other,Other,Unknown
1578,,北マケ,ｶｻﾞﾌ,北マケ,カザフ,Other,Other,Other,Unknown
1578,,ｸﾛｱﾁｱ,ｼﾞﾌﾞﾗﾙ,クロアチア,ジブラル,Other,Other,Other,Unknown
1577,,サンフレッチェ広島,横浜FC,広島,横浜FC,J1,J1,J1,J.League
1577,,柏レイソル,川崎フロンターレ,柏,川崎F,J1,J1,J1,J.League
1577,,北九州,鹿児島,北九州,鹿児島,J3,Other,Other,J.League
1577,,栃木SC,福島,栃木,福島,J2,J3,Mixed Domestic,J.League
1577,,松本,宮崎,松本,宮崎,J3,J3,J3,J.League
1576,,ﾁｪｺ,ｸﾛｱﾁｱ,チェコ,クロアチア,Other,Other,Other,Unknown
1576,,ｽｺｯﾄﾗﾝ,ｷﾞﾘｼｬ,スコットラン,ギリシャ,Other,Other,Other,Unknown
1576,,ｷﾌﾟﾛｽ,ﾎﾞｽﾆｱ,キプロス,ボスニア,Other,Other,Other,Unknown
1576,,ｽｳｪﾃﾞﾝ,ｽｲｽ,スウェデン,スイス,Other,Other,Other,Unknown
1576,,ﾌﾗﾝｽ,ｱｾﾞﾙﾊﾞ,フランス,アゼルバ,Other,Other,Other,Unknown
1576,,ﾌｨﾝﾗﾝ,ﾘﾄｱﾆｱ,フィンラン,リトアニア,Other,Other,Other,Unknown
1576,,ﾄﾞｲﾂ,ﾙｸｾﾝﾌﾞ,ドイツ,ルクセンブ,Other,Other,Other,Unknown
1576,,北アイ,ｽﾛﾊﾞｷｱ,北アイ,スロバキア,Other,Other,Other,Unknown
1576,,ﾍﾞﾙｷﾞｰ,北マケ,ベルギー,北マケ,Other,Other,Other,Unknown
1576,,ﾌｪﾛｰ,ﾓﾝﾃﾈｸﾞ,フェロー,モンテネグ,Other,Other,Other,Unknown
1576,,ﾏﾙﾀ,ｵﾗﾝﾀﾞ,マルタ,オランダ,Other,Other,Other,Unknown
1576,,ｵｰｽﾄﾘｱ,ｻﾝﾏﾘﾉ,オーストリア,サンマリノ,Other,Other,Other,Unknown
1576,,ｺｿﾎﾞ,ｽﾛﾍﾞﾆｱ,コソボ,スロベニア,Other,Other,Other,Unknown
1575,,川崎フロンターレ,3,川崎F,3,J1,Other,Other,Cup/Other
1575,,横浜FC,0,横浜FC,0,J1,Other,Other,Cup/Other
1574,,清水エスパルス,FC東京,清水,FC東京,J1,J1,J1,J.League
1574,,アルビレックス新潟,ファジアーノ岡山,新潟,岡山,J1,J1,J1,J.League
1574,,サンフレッチェ広島,町田,広島,町田,J1,J1,J1,J.League
1574,,柏レイソル,横浜F・マリノス,柏,横浜FM,J1,J1,J1,J.League
1574,,京都サンガF.C.,川崎フロンターレ,京都,川崎F,J1,J1,J1,J.League
1574,,名古屋グランパス,セレッソ大阪,名古屋,C大阪,J1,J1,J1,J.League
1574,,アビスパ福岡,横浜FC,福岡,横浜FC,J1,J1,J1,J.League
1574,,浦和レッズ,ヴィッセル神戸,浦和,神戸,J1,J1,J1,J.League
1574,,鹿島アントラーズ,ガンバ大阪,鹿島,G大阪,J1,J1,J1,J.League
1574,,ブラウブリッツ秋田,大分,秋田,大分,J2,J2,J2,Cup/Other
1574,,徳島ヴォルティス,FC今治,徳島,FC今治,J2,Other,Other,J.League
1574,,熊本,いわきFC,熊本,いわき,J2,J2,J2,J.League
1574,,北海道コンサドーレ札幌,モンテディオ山形,札幌,山形,J1,J2,Mixed Domestic,J.League
1572,,町田,ファジアーノ岡山,町田,岡山,J1,J1,J1,J.League
1572,,名古屋グランパス,鹿島アントラーズ,名古屋,鹿島,J1,J1,J1,J.League
1572,,東京ヴェルディ,浦和レッズ,東京V,浦和,J1,J1,J1,J.League
1572,,アビスパ福岡,サンフレッチェ広島,福岡,広島,J1,J1,J1,J.League
1572,,ヴィッセル神戸,清水エスパルス,神戸,清水,J1,J1,J1,J.League
1572,,ガンバ大阪,アルビレックス新潟,G大阪,新潟,J1,J1,J1,J.League
1572,,横浜FC,湘南ベルマーレ,横浜FC,湘南,J1,J1,J1,J.League
1572,,FC東京,横浜F・マリノス,FC東京,横浜FM,J1,J1,J1,J.League
1572,,川崎フロンターレ,柏レイソル,川崎F,柏,J1,J1,J1,J.League
1572,,セレッソ大阪,京都サンガF.C.,C大阪,京都,J1,J1,J1,J.League
1572,,ブラウブリッツ秋田,V・ファーレン長崎,秋田,長崎,J2,J2,J2,J.League
1572,,富山,徳島ヴォルティス,富山,徳島,J2,J2,J2,J.League
1572,,FC今治,サガン鳥栖,FC今治,鳥栖,Other,J1,Other,J.League
1571,,アルビレックス新潟,名古屋グランパス,新潟,名古屋,J1,J1,J1,J.League
1571,,FC東京,アビスパ福岡,FC東京,福岡,J1,J1,J1,J.League
1571,,ガンバ大阪,横浜F・マリノス,G大阪,横浜FM,J1,J1,J1,J.League
1571,,柏レイソル,サンフレッチェ広島,柏,広島,J1,J1,J1,J.League
1571,,京都サンガF.C.,町田,京都,町田,J1,J1,J1,J.League
1570,,名古屋グランパス,湘南ベルマーレ,名古屋,湘南,J1,J1,J1,J.League
1570,,横浜FC,アルビレックス新潟,横浜FC,新潟,J1,J1,J1,J.League
1570,,セレッソ大阪,柏レイソル,C大阪,柏,J1,J1,J1,J.League
1570,,川崎フロンターレ,FC東京,川崎F,FC東京,J1,J1,J1,J.League
1570,,浦和レッズ,鹿島アントラーズ,浦和,鹿島,J1,J1,J1,J.League
1570,,東京ヴェルディ,ファジアーノ岡山,東京V,岡山,J1,J1,J1,J.League
1570,,横浜F・マリノス,アビスパ福岡,横浜FM,福岡,J1,J1,J1,J.League
1570,,京都サンガF.C.,清水エスパルス,京都,清水,J1,J1,J1,J.League
1570,,徳島ヴォルティス,北海道コンサドーレ札幌,徳島,札幌,J2,J1,Mixed Domestic,J.League
1570,,いわきFC,水戸ホーリーホック,いわき,水戸,J2,J2,J2,J.League
1570,,愛媛FC,ジェフユナイテッド千葉,愛媛,千葉,J2,J2,J2,J.League
1570,,ベガルタ仙台,モンテディオ山形,仙台,山形,J2,J2,J2,J.League
1570,,ヴァンフォーレ甲府,ブラウブリッツ秋田,甲府,秋田,J2,J2,J2,J.League
1568,,アビスパ福岡,セレッソ大阪,福岡,C大阪,J1,J1,J1,J.League
1568,,ファジアーノ岡山,名古屋グランパス,岡山,名古屋,J1,J1,J1,J.League
1568,,鹿島アントラーズ,湘南ベルマーレ,鹿島,湘南,J1,J1,J1,J.League
1568,,ガンバ大阪,浦和レッズ,G大阪,浦和,J1,J1,J1,J.League
1568,,アルビレックス新潟,清水エスパルス,新潟,清水,J1,J1,J1,J.League
1568,,横浜F・マリノス,川崎フロンターレ,横浜FM,川崎F,J1,J1,J1,J.League
1568,,ベガルタ仙台,水戸ホーリーホック,仙台,水戸,J2,J2,J2,J.League
1568,,ブラウブリッツ秋田,愛媛FC,秋田,愛媛,J2,J2,J2,J.League
1568,,山口,ジェフユナイテッド千葉,山口,千葉,J2,J2,J2,J.League
1568,,藤枝MYFC,大分,藤枝,大分,J2,J2,J2,Cup/Other
1568,,モンテディオ山形,富山,山形,富山,J2,J2,J2,J.League
1568,,ヴァンフォーレ甲府,サガン鳥栖,甲府,鳥栖,J2,J1,Mixed Domestic,J.League
1568,,大宮,V・ファーレン長崎,大宮,長崎,J2,J2,J2,J.League
1567,,ｽｲｽ,ｽﾛﾍﾞﾆｱ,スイス,スロベニア,Other,Other,Other,Unknown
1567,,ｷﾞﾘｼｬ,ﾃﾞﾝﾏｰｸ,ギリシャ,デンマーク,Other,Other,Other,Unknown
1567,,ｾﾙﾋﾞｱ,ｲﾝｸﾞﾗﾝ,セルビア,イングラン,Other,Other,Other,Unknown
1567,,ﾎﾞｽﾆｱ,ｵｰｽﾄﾘｱ,ボスニア,オーストリア,Other,Other,Other,Unknown
1567,,ﾊﾝｶﾞﾘｰ,ﾎﾟﾙﾄｶﾞ,ハンガリー,ポルトガ,Other,Other,Other,Unknown
1567,,ｴｸｱﾄﾞﾙ,ｱﾙｾﾞﾝﾁ,エクアドル,アルゼンチ,Other,Other,Other,Unknown
1567,,ﾍﾟﾙｰ,ﾊﾟﾗｸﾞｱ,ペルー,パラグア,Other,Other,Other,Unknown
1567,,ﾎﾞﾘﾋﾞｱ,ﾌﾞﾗｼﾞﾙ,ボリビア,ブラジル,Other,Other,Other,Unknown
1567,,ﾁﾘ,ｳﾙｸﾞｱｲ,チリ,ウルグアイ,Other,Other,Other,Unknown
1567,,ﾍﾞﾈｽﾞｴ,ｺﾛﾝﾋﾞｱ,ベネズエ,コロンビア,Other,Other,Other,Unknown
1567,,ｸﾛｱﾁｱ,ﾓﾝﾃﾈｸﾞ,クロアチア,モンテネグ,Other,Other,Other,Unknown
1567,,ﾌﾗﾝｽ,ｱｲｽﾗﾝ,フランス,アイスラン,Other,Other,Other,Unknown
1567,,ｺｿﾎﾞ,ｽｳｪﾃﾞﾝ,コソボ,スウェデン,Other,Other,Other,Unknown
1566,,サンフレッチェ広島,湘南ベルマーレ,広島,湘南,J1,J1,J1,J.League
1566,,柏レイソル,横浜F・マリノス,柏,横浜FM,J1,J1,J1,J.League
1566,,ヴィッセル神戸,横浜FC,神戸,横浜FC,J1,J1,J1,J.League
1566,,川崎フロンターレ,浦和レッズ,川崎F,浦和,J1,J1,J1,J.League
1566,,金沢,FC大阪,金沢,FC大阪,J3,J3,J3,J.League
1566,,栃木シティ,松本,栃木シティ,松本,Other,J3,Other,J.League
1566,,奈良,讃岐,奈良,讃岐,J3,J3,J3,J.League
1566,,八戸,沼津,八戸,沼津,J3,J3,J3,J.League
1566,,鳥取,福島,鳥取,福島,J3,J3,J3,J.League
1566,,相模原,長野,相模原,長野,J3,J3,J3,J.League
1566,,鹿児島,高知,鹿児島,高知,Other,Other,Other,J.League
1566,,FC琉球,群馬,FC琉球,群馬,Other,J2,Other,J.League
1566,,北九州,岐阜,北九州,岐阜,J3,J3,J3,J.League
1565,,横浜F・マリノス,1,横浜FM,1,J1,Other,Other,Cup/Other
1565,,横浜FC,2,横浜FC,2,J1,Other,Other,Cup/Other
1565,,浦和レッズ,1,浦和,1,J1,Other,Other,Cup/Other
1564,,横浜FC,東京ヴェルディ,横浜FC,東京V,J1,J1,J1,J.League
1564,,名古屋グランパス,FC東京,名古屋,FC東京,J1,J1,J1,J.League
1564,,セレッソ大阪,サンフレッチェ広島,C大阪,広島,J1,J1,J1,J.League
1564,,浦和レッズ,アルビレックス新潟,浦和,新潟,J1,J1,J1,J.League
1564,,川崎フロンターレ,町田,川崎F,町田,J1,J1,J1,J.League
1564,,京都サンガF.C.,ファジアーノ岡山,京都,岡山,J1,J1,J1,J.League
1564,,ヴィッセル神戸,横浜F・マリノス,神戸,横浜FM,J1,J1,J1,J.League
1564,,清水エスパルス,鹿島アントラーズ,清水,鹿島,J1,J1,J1,J.League
1564,,柏レイソル,アビスパ福岡,柏,福岡,J1,J1,J1,J.League
1564,,湘南ベルマーレ,ガンバ大阪,湘南,G大阪,J1,J1,J1,J.League
1564,,徳島ヴォルティス,ブラウブリッツ秋田,徳島,秋田,J2,J2,J2,J.League
1564,,モンテディオ山形,サガン鳥栖,山形,鳥栖,J2,J1,Mixed Domestic,J.League
1564,,富山,熊本,富山,熊本,J2,J2,J2,J.League
1563,,町田,3,町田,3,J1,Other,Other,Cup/Other
1563,,名古屋グランパス,2,名古屋,2,J1,Other,Other,Cup/Other
1563,,FC東京,2,FC東京,2,J1,Other,Other,Cup/Other
1562,,アビスパ福岡,清水エスパルス,福岡,清水,J1,J1,J1,J.League
1562,,名古屋グランパス,川崎フロンターレ,名古屋,川崎F,J1,J1,J1,J.League
1562,,ファジアーノ岡山,湘南ベルマーレ,岡山,湘南,J1,J1,J1,J.League
1562,,セレッソ大阪,ヴィッセル神戸,C大阪,神戸,J1,J1,J1,J.League
1562,,横浜F・マリノス,町田,横浜FM,町田,J1,J1,J1,J.League
1562,,東京ヴェルディ,サンフレッチェ広島,東京V,広島,J1,J1,J1,J.League
1562,,アルビレックス新潟,鹿島アントラーズ,新潟,鹿島,J1,J1,J1,J.League
1562,,ガンバ大阪,横浜FC,G大阪,横浜FC,J1,J1,J1,J.League
1562,,FC東京,京都サンガF.C.,FC東京,京都,J1,J1,J1,J.League
1562,,ベガルタ仙台,ジェフユナイテッド千葉,仙台,千葉,J2,J2,J2,J.League
1562,,徳島ヴォルティス,モンテディオ山形,徳島,山形,J2,J2,J2,J.League
1562,,ブラウブリッツ秋田,FC今治,秋田,FC今治,J2,Other,Other,J.League
1562,,ヴァンフォーレ甲府,北海道コンサドーレ札幌,甲府,札幌,J2,J1,Mixed Domestic,J.League
1561,,町田,3,町田,3,J1,Other,Other,Cup/Other
1561,,サンフレッチェ広島,0,広島,0,J1,Other,Other,Cup/Other
1560,,鹿島アントラーズ,アビスパ福岡,鹿島,福岡,J1,J1,J1,J.League
1560,,アルビレックス新潟,川崎フロンターレ,新潟,川崎F,J1,J1,J1,J.League
1560,,京都サンガF.C.,東京ヴェルディ,京都,東京V,J1,J1,J1,J.League
1560,,湘南ベルマーレ,FC東京,湘南,FC東京,J1,J1,J1,J.League
1560,,サンフレッチェ広島,ガンバ大阪,広島,G大阪,J1,J1,J1,J.League
1560,,町田,セレッソ大阪,町田,C大阪,J1,J1,J1,J.League
1560,,清水エスパルス,横浜F・マリノス,清水,横浜FM,J1,J1,J1,J.League
1560,,浦和レッズ,名古屋グランパス,浦和,名古屋,J1,J1,J1,J.League
1560,,ヴィッセル神戸,横浜FC,神戸,横浜FC,J1,J1,J1,J.League
1560,,ファジアーノ岡山,柏レイソル,岡山,柏,J1,J1,J1,J.League
1560,,愛媛FC,大宮,愛媛,大宮,J2,J2,J2,J.League
1560,,モンテディオ山形,いわきFC,山形,いわき,J2,J2,J2,J.League
1560,,山口,ベガルタ仙台,山口,仙台,J2,J2,J2,J.League
1559,,セレッソ大阪,3,C大阪,3,J1,Other,Other,Cup/Other
1559,,山口,0,山口,0,J2,Other,Other,Cup/Other
1558,,横浜FC,浦和レッズ,横浜FC,浦和,J1,J1,J1,J.League
1558,,川崎フロンターレ,アビスパ福岡,川崎F,福岡,J1,J1,J1,J.League
1558,,名古屋グランパス,京都サンガF.C.,名古屋,京都,J1,J1,J1,J.League
1558,,ガンバ大阪,ファジアーノ岡山,G大阪,岡山,J1,J1,J1,J.League
1558,,柏レイソル,湘南ベルマーレ,柏,湘南,J1,J1,J1,J.League
1558,,東京ヴェルディ,横浜F・マリノス,東京V,横浜FM,J1,J1,J1,J.League
1558,,サンフレッチェ広島,清水エスパルス,広島,清水,J1,J1,J1,J.League
1558,,FC東京,鹿島アントラーズ,FC東京,鹿島,J1,J1,J1,J.League
1558,,町田,ヴィッセル神戸,町田,神戸,J1,J1,J1,J.League
1558,,モンテディオ山形,水戸ホーリーホック,山形,水戸,J2,J2,J2,J.League
1558,,FC今治,熊本,FC今治,熊本,Other,J2,Other,J.League
1558,,ベガルタ仙台,徳島ヴォルティス,仙台,徳島,J2,J2,J2,J.League
1558,,愛媛FC,サガン鳥栖,愛媛,鳥栖,J2,J1,Mixed Domestic,J.League
1557,,サンフレッチェ広島,清水エスパルス,広島,清水,J1,J1,J1,J.League
1557,,町田,京都サンガF.C.,町田,京都,J1,J1,J1,J.League
1557,,FC東京,セレッソ大阪,FC東京,C大阪,J1,J1,J1,J.League
1557,,鹿島アントラーズ,アビスパ福岡,鹿島,福岡,J1,J1,J1,J.League
1557,,モンテディオ山形,浦和レッズ,山形,浦和,J2,J1,Mixed Domestic,J.League
1556,,栃木シティ,栃木SC,栃木シティ,栃木,Other,J2,Other,J.League
1556,,V・ファーレン長崎,ベガルタ仙台,長崎,仙台,J2,J2,J2,J.League
1556,,ヴァンフォーレ甲府,モンテディオ山形,甲府,山形,J2,J2,J2,J.League
1556,,徳島ヴォルティス,愛媛FC,徳島,愛媛,J2,J2,J2,J.League
1556,,ジュビロ磐田,ブラウブリッツ秋田,磐田,秋田,J1,J2,Mixed Domestic,J.League
1556,,北海道コンサドーレ札幌,サガン鳥栖,札幌,鳥栖,J1,J1,J1,J.League
1556,,富山,大宮,富山,大宮,J2,J2,J2,J.League
1556,,ジェフユナイテッド千葉,いわきFC,千葉,いわき,J2,J2,J2,J.League
1556,,藤枝MYFC,山口,藤枝,山口,J2,J2,J2,J.League
1556,,大分,FC今治,大分,FC今治,J2,Other,Other,Cup/Other
1556,,高知,福島,高知,福島,Other,J3,Other,J.League
1556,,八戸,鳥取,八戸,鳥取,J3,J3,J3,J.League
1556,,相模原,宮崎,相模原,宮崎,J3,J3,J3,J.League
1555,,アビスパ福岡,2,福岡,2,J1,Other,Other,Cup/Other
1555,,岐阜,1,岐阜,1,J3,Other,Other,Cup/Other
1555,,鹿児島,2,鹿児島,2,Other,Other,Other,Cup/Other
1554,,FC東京,浦和レッズ,FC東京,浦和,J1,J1,J1,J.League
1554,,湘南ベルマーレ,セレッソ大阪,湘南,C大阪,J1,J1,J1,J.League
1554,,鹿島アントラーズ,柏レイソル,鹿島,柏,J1,J1,J1,J.League
1554,,アルビレックス新潟,サンフレッチェ広島,新潟,広島,J1,J1,J1,J.League
1554,,ファジアーノ岡山,ヴィッセル神戸,岡山,神戸,J1,J1,J1,J.League
1554,,東京ヴェルディ,町田,東京V,町田,J1,J1,J1,J.League
1554,,清水エスパルス,横浜FC,清水,横浜FC,J1,J1,J1,J.League
1554,,横浜F・マリノス,名古屋グランパス,横浜FM,名古屋,J1,J1,J1,J.League
1554,,ガンバ大阪,川崎フロンターレ,G大阪,川崎F,J1,J1,J1,J.League
1554,,讃岐,高知,讃岐,高知,J3,Other,Other,J.League
1554,,長野,松本,長野,松本,J3,J3,J3,J.League
1554,,福島,FC琉球,福島,FC琉球,J3,Other,Other,J.League
1554,,鳥取,沼津,鳥取,沼津,J3,J3,J3,J.League
1553,,セレッソ大阪,徳島ヴォルティス,C大阪,徳島,J1,J2,Mixed Domestic,J.League
1553,,湘南ベルマーレ,清水エスパルス,湘南,清水,J1,J1,J1,J.League
1553,,京都サンガF.C.,横浜FC,京都,横浜FC,J1,J1,J1,J.League
1553,,ヴィッセル神戸,ヴァンフォーレ甲府,神戸,甲府,J1,J2,Mixed Domestic,J.League
1553,,東京ヴェルディ,サガン鳥栖,東京V,鳥栖,J1,J1,J1,J.League
1553,,ガンバ大阪,モンテディオ山形,G大阪,山形,J1,J2,Mixed Domestic,J.League
1553,,鹿島アントラーズ,V・ファーレン長崎,鹿島,長崎,J1,J2,Mixed Domestic,J.League
1553,,サンフレッチェ広島,藤枝MYFC,広島,藤枝,J1,J2,Mixed Domestic,J.League
1553,,FC東京,大分,FC東京,大分,J1,J2,Mixed Domestic,Cup/Other
1553,,町田,富山,町田,富山,J1,J2,Mixed Domestic,J.League
1553,,川崎フロンターレ,相模原,川崎F,相模原,J1,J3,Mixed Domestic,J.League
1553,,アビスパ福岡,北九州,福岡,北九州,J1,J3,Mixed Domestic,J.League
1553,,名古屋グランパス,熊本,名古屋,熊本,J1,J2,Mixed Domestic,J.League
1552,,ブラウブリッツ秋田,熊本,秋田,熊本,J2,J2,J2,J.League
1552,,水戸ホーリーホック,富山,水戸,富山,J2,J2,J2,J.League
1552,,ヴァンフォーレ甲府,大宮,甲府,大宮,J2,J2,J2,J.League
1552,,山口,徳島ヴォルティス,山口,徳島,J2,J2,J2,J.League
1552,,ジュビロ磐田,北海道コンサドーレ札幌,磐田,札幌,J1,J1,J1,J.League
1552,,いわきFC,V・ファーレン長崎,いわき,長崎,J2,J2,J2,J.League
1552,,FC今治,愛媛FC,FC今治,愛媛,Other,J2,Other,J.League
1552,,モンテディオ山形,ジェフユナイテッド千葉,山形,千葉,J2,J2,J2,J.League
1552,,藤枝MYFC,ベガルタ仙台,藤枝,仙台,J2,J2,J2,J.League
1552,,サガン鳥栖,大分,鳥栖,大分,J1,J2,Mixed Domestic,Cup/Other
1552,,相模原,福島,相模原,福島,J3,J3,J3,J.League
1552,,讃岐,栃木SC,讃岐,栃木,J3,J2,Mixed Domestic,J.League
1552,,FC大阪,宮崎,FC大阪,宮崎,J3,J3,J3,J.League
1551,,町田,清水エスパルス,町田,清水,J1,J1,J1,J.League
1551,,ファジアーノ岡山,サンフレッチェ広島,岡山,広島,J1,J1,J1,J.League
1551,,セレッソ大阪,ガンバ大阪,C大阪,G大阪,J1,J1,J1,J.League
1551,,川崎フロンターレ,鹿島アントラーズ,川崎F,鹿島,J1,J1,J1,J.League
1551,,京都サンガF.C.,アルビレックス新潟,京都,新潟,J1,J1,J1,J.League
1551,,柏レイソル,FC東京,柏,FC東京,J1,J1,J1,J.League
1551,,横浜FC,横浜F・マリノス,横浜FC,横浜FM,J1,J1,J1,J.League
1551,,名古屋グランパス,東京ヴェルディ,名古屋,東京V,J1,J1,J1,J.League
1551,,ヴィッセル神戸,湘南ベルマーレ,神戸,湘南,J1,J1,J1,J.League
1551,,ブラウブリッツ秋田,水戸ホーリーホック,秋田,水戸,J2,J2,J2,J.League
1551,,徳島ヴォルティス,藤枝MYFC,徳島,藤枝,J2,J2,J2,J.League
1551,,ベガルタ仙台,富山,仙台,富山,J2,J2,J2,J.League
1551,,FC今治,ヴァンフォーレ甲府,FC今治,甲府,Other,J2,Other,J.League
1550,,鹿島アントラーズ,ファジアーノ岡山,鹿島,岡山,J1,J1,J1,J.League
1550,,清水エスパルス,柏レイソル,清水,柏,J1,J1,J1,J.League
1550,,京都サンガF.C.,ガンバ大阪,京都,G大阪,J1,J1,J1,J.League
1550,,サンフレッチェ広島,名古屋グランパス,広島,名古屋,J1,J1,J1,J.League
1550,,FC東京,横浜FC,FC東京,横浜FC,J1,J1,J1,J.League
1550,,湘南ベルマーレ,横浜F・マリノス,湘南,横浜FM,J1,J1,J1,J.League
1550,,アビスパ福岡,ヴィッセル神戸,福岡,神戸,J1,J1,J1,J.League
1550,,東京ヴェルディ,川崎フロンターレ,東京V,川崎F,J1,J1,J1,J.League
1550,,アルビレックス新潟,町田,新潟,町田,J1,J1,J1,J.League
1550,,富山,ジェフユナイテッド千葉,富山,千葉,J2,J2,J2,J.League
1550,,大分,大宮,大分,大宮,J2,J2,J2,Cup/Other
1550,,モンテディオ山形,V・ファーレン長崎,山形,長崎,J2,J2,J2,J.League
1550,,山口,ブラウブリッツ秋田,山口,秋田,J2,J2,J2,J.League
1549,,川崎フロンターレ,3,川崎F,3,J1,Other,Other,Cup/Other
1549,,横浜F・マリノス,0,横浜FM,0,J1,Other,Other,Cup/Other
1548,,町田,鹿島アントラーズ,町田,鹿島,J1,J1,J1,J.League
1548,,アビスパ福岡,アルビレックス新潟,福岡,新潟,J1,J1,J1,J.League
1548,,セレッソ大阪,東京ヴェルディ,C大阪,東京V,J1,J1,J1,J.League
1548,,名古屋グランパス,清水エスパルス,名古屋,清水,J1,J1,J1,J.League
1548,,川崎フロンターレ,ヴィッセル神戸,川崎F,神戸,J1,J1,J1,J.League
1548,,柏レイソル,京都サンガF.C.,柏,京都,J1,J1,J1,J.League
1548,,横浜F・マリノス,ファジアーノ岡山,横浜FM,岡山,J1,J1,J1,J.League
1548,,横浜FC,サンフレッチェ広島,横浜FC,広島,J1,J1,J1,J.League
1548,,ガンバ大阪,FC東京,G大阪,FC東京,J1,J1,J1,J.League
1548,,いわきFC,富山,いわき,富山,J2,J2,J2,J.League
1548,,ブラウブリッツ秋田,モンテディオ山形,秋田,山形,J2,J2,J2,J.League
1548,,愛媛FC,山口,愛媛,山口,J2,J2,J2,J.League
1548,,熊本,V・ファーレン長崎,熊本,長崎,J2,J2,J2,J.League
1547,,湘南ベルマーレ,町田,湘南,町田,J1,J1,J1,J.League
1547,,FC東京,セレッソ大阪,FC東京,C大阪,J1,J1,J1,J.League
1547,,アルビレックス新潟,横浜F・マリノス,新潟,横浜FM,J1,J1,J1,J.League
1547,,ファジアーノ岡山,アビスパ福岡,岡山,福岡,J1,J1,J1,J.League
1547,,清水エスパルス,ガンバ大阪,清水,G大阪,J1,J1,J1,J.League
1547,,鹿島アントラーズ,サンフレッチェ広島,鹿島,広島,J1,J1,J1,J.League
1547,,横浜FC,川崎フロンターレ,横浜FC,川崎F,J1,J1,J1,J.League
1547,,東京ヴェルディ,柏レイソル,東京V,柏,J1,J1,J1,J.League
1547,,ヴィッセル神戸,名古屋グランパス,神戸,名古屋,J1,J1,J1,J.League
1547,,大分,ブラウブリッツ秋田,大分,秋田,J2,J2,J2,Cup/Other
1547,,北海道コンサドーレ札幌,FC今治,札幌,FC今治,J1,Other,Other,J.League
1547,,山口,いわきFC,山口,いわき,J2,J2,J2,J.League
1547,,モンテディオ山形,ベガルタ仙台,山形,仙台,J2,J2,J2,J.League
1546,,日本,ｲﾝﾄﾞﾈｼ,日本,インドネシ,Other,Other,Other,National Team
1546,,中国,ﾊﾞｰﾚｰﾝ,中国,バーレーン,Other,Other,Other,National Team
1546,,ｻｳｼﾞ,ｵｰｽﾄﾗﾘ,サウジ,オーストラリ,Other,Other,Other,Unknown
1546,,韓国,ｸｳｪｰﾄ,韓国,クウェート,Other,Other,Other,National Team
1546,,ｳｽﾞﾍﾞｷ,ｶﾀｰﾙ,ウズベキ,カタール,Other,Other,Other,Unknown
1546,,ﾖﾙﾀﾞﾝ,ｲﾗｸ,ヨルダン,イラク,Other,Other,Other,Unknown
1546,,ｷﾙｷﾞｽ,UAE,キルギス,UAE,Other,Other,Other,National Team
1546,,ﾍﾞﾙｷﾞｰ,ｳｪｰﾙｽﾞ,ベルギー,ウェールズ,Other,Other,Other,Unknown
1546,,ﾌｪﾛｰ,ｼﾞﾌﾞﾗﾙ,フェロー,ジブラル,Other,Other,Other,Unknown
1546,,ｸﾛｱﾁｱ,ﾁｪｺ,クロアチア,チェコ,Other,Other,Other,Unknown
1546,,ﾌｨﾝﾗﾝ,ﾎﾟｰﾗﾝ,フィンラン,ポーラン,Other,Other,Other,Unknown
1546,,ﾗﾄﾋﾞｱ,ｱﾙﾊﾞﾆｱ,ラトビア,アルバニア,Other,Other,Other,Unknown
1546,,ｴｽﾄﾆｱ,ﾉﾙｳｪｰ,エストニア,ノルウェー,Other,Other,Other,Unknown
1545,,FC今治,大分,FC今治,大分,Other,J2,Other,Cup/Other
1545,,ジュビロ磐田,湘南ベルマーレ,磐田,湘南,J1,J1,J1,J.League
1545,,サンフレッチェ広島,アビスパ福岡,広島,福岡,J1,J1,J1,J.League
1545,,横浜FC,セレッソ大阪,横浜FC,C大阪,J1,J1,J1,J.League
1545,,柏レイソル,東京ヴェルディ,柏,東京V,J1,J1,J1,J.League
1544,,ｵｰｽﾄﾗﾘ,日本,オーストラリ,日本,Other,Other,Other,National Team
1544,,ｲﾗｸ,韓国,イラク,韓国,Other,Other,Other,National Team
1544,,ｶﾀｰﾙ,ｲﾗﾝ,カタール,イラン,Other,Other,Other,Unknown
1544,,ｲﾝﾄﾞﾈｼ,中国,インドネシ,中国,Other,Other,Other,National Team
1544,,UAE,ｳｽﾞﾍﾞｷ,UAE,ウズベキ,Other,Other,Other,National Team
1544,,ｵﾏｰﾝ,ﾖﾙﾀﾞﾝ,オマーン,ヨルダン,Other,Other,Other,Unknown
1544,,ﾊﾞｰﾚｰﾝ,ｻｳｼﾞ,バーレーン,サウジ,Other,Other,Other,Unknown
1544,,ｸｳｪｰﾄ,ﾊﾟﾚｽﾁﾅ,クウェート,パレスチナ,Other,Other,Other,Unknown
1544,,ﾉﾙｳｪｰ,ｲﾀﾘｱ,ノルウェー,イタリア,Other,Other,Other,Unknown
1544,,ﾁｪｺ,ﾓﾝﾃﾈｸﾞ,チェコ,モンテネグ,Other,Other,Other,Unknown
1544,,ｴｽﾄﾆｱ,ｲｽﾗｴﾙ,エストニア,イスラエル,Other,Other,Other,Unknown
1544,,北マケ,ﾍﾞﾙｷﾞｰ,北マケ,ベルギー,Other,Other,Other,Unknown
1544,,ｳｪｰﾙｽﾞ,ﾘﾋﾃﾝｼｭ,ウェールズ,リヒテンシュ,Other,Other,Other,Unknown
1543,,東京ヴェルディ,0,東京V,0,J1,Other,Other,Cup/Other
1543,,セレッソ大阪,3,C大阪,3,J1,Other,Other,Cup/Other
1543,,アビスパ福岡,1,福岡,1,J1,Other,Other,Cup/Other
1542,,名古屋グランパス,アルビレックス新潟,名古屋,新潟,J1,J1,J1,J.League
1542,,町田,横浜F・マリノス,町田,横浜FM,J1,J1,J1,J.League
1542,,柏レイソル,ヴィッセル神戸,柏,神戸,J1,J1,J1,J.League
1542,,ガンバ大阪,鹿島アントラーズ,G大阪,鹿島,J1,J1,J1,J.League
1542,,京都サンガF.C.,FC東京,京都,FC東京,J1,J1,J1,J.League
1542,,アビスパ福岡,東京ヴェルディ,福岡,東京V,J1,J1,J1,J.League
1542,,サンフレッチェ広島,川崎フロンターレ,広島,川崎F,J1,J1,J1,J.League
1542,,セレッソ大阪,清水エスパルス,C大阪,清水,J1,J1,J1,J.League
1542,,浦和レッズ,横浜FC,浦和,横浜FC,J1,J1,J1,J.League
1542,,湘南ベルマーレ,ファジアーノ岡山,湘南,岡山,J1,J1,J1,J.League
1542,,ブラウブリッツ秋田,富山,秋田,富山,J2,J2,J2,J.League
1542,,FC今治,徳島ヴォルティス,FC今治,徳島,Other,J2,Other,J.League
1542,,大分,ヴァンフォーレ甲府,大分,甲府,J2,J2,J2,Cup/Other
1541,,セレッソ大阪,アビスパ福岡,C大阪,福岡,J1,J1,J1,J.League
1541,,横浜FC,柏レイソル,横浜FC,柏,J1,J1,J1,J.League
1541,,清水エスパルス,ヴィッセル神戸,清水,神戸,J1,J1,J1,J.League
1541,,横浜F・マリノス,鹿島アントラーズ,横浜FM,鹿島,J1,J1,J1,J.League
1541,,アルビレックス新潟,湘南ベルマーレ,新潟,湘南,J1,J1,J1,J.League
1541,,名古屋グランパス,浦和レッズ,名古屋,浦和,J1,J1,J1,J.League
1541,,ファジアーノ岡山,町田,岡山,町田,J1,J1,J1,J.League
1541,,FC東京,サンフレッチェ広島,FC東京,広島,J1,J1,J1,J.League
1541,,川崎フロンターレ,ガンバ大阪,川崎F,G大阪,J1,J1,J1,J.League
1541,,東京ヴェルディ,京都サンガF.C.,東京V,京都,J1,J1,J1,J.League
1541,,V・ファーレン長崎,ジェフユナイテッド千葉,長崎,千葉,J2,J2,J2,J.League
1541,,モンテディオ山形,ヴァンフォーレ甲府,山形,甲府,J2,J2,J2,J.League
1541,,山口,藤枝MYFC,山口,藤枝,J2,J2,J2,J.League
1540,,川崎フロンターレ,浦和レッズ,川崎F,浦和,J1,J1,J1,J.League
1540,,横浜F・マリノス,ヴィッセル神戸,横浜FM,神戸,J1,J1,J1,J.League
1540,,横浜FC,町田,横浜FC,町田,J1,J1,J1,J.League
1540,,アルビレックス新潟,東京ヴェルディ,新潟,東京V,J1,J1,J1,J.League
1540,,京都サンガF.C.,セレッソ大阪,京都,C大阪,J1,J1,J1,J.League
1539,,ヴィッセル神戸,ガンバ大阪,神戸,G大阪,J1,J1,J1,J.League
1539,,サンフレッチェ広島,東京ヴェルディ,広島,東京V,J1,J1,J1,J.League
1539,,町田,柏レイソル,町田,柏,J1,J1,J1,J.League
1539,,湘南ベルマーレ,横浜FC,湘南,横浜FC,J1,J1,J1,J.League
1539,,浦和レッズ,FC東京,浦和,FC東京,J1,J1,J1,J.League
1539,,アビスパ福岡,名古屋グランパス,福岡,名古屋,J1,J1,J1,J.League
1539,,鹿島アントラーズ,清水エスパルス,鹿島,清水,J1,J1,J1,J.League
1539,,川崎フロンターレ,セレッソ大阪,川崎F,C大阪,J1,J1,J1,J.League
1539,,ファジアーノ岡山,アルビレックス新潟,岡山,新潟,J1,J1,J1,J.League
1539,,横浜F・マリノス,京都サンガF.C.,横浜FM,京都,J1,J1,J1,J.League
1539,,北海道コンサドーレ札幌,富山,札幌,富山,J1,J2,Mixed Domestic,J.League
1539,,ブラウブリッツ秋田,サガン鳥栖,秋田,鳥栖,J2,J1,Mixed Domestic,J.League
1539,,ジュビロ磐田,いわきFC,磐田,いわき,J1,J2,Mixed Domestic,J.League
1538,,川崎フロンターレ,2,川崎F,2,J1,Other,Other,Cup/Other
1538,,横浜F・マリノス,0,横浜FM,0,J1,Other,Other,Cup/Other
1538,,松本,2,松本,2,J3,Other,Other,Cup/Other
1537,,横浜FC,アビスパ福岡,横浜FC,福岡,J1,J1,J1,J.League
1537,,鹿島アントラーズ,川崎フロンターレ,鹿島,川崎F,J1,J1,J1,J.League
1537,,京都サンガF.C.,名古屋グランパス,京都,名古屋,J1,J1,J1,J.League
1537,,アルビレックス新潟,浦和レッズ,新潟,浦和,J1,J1,J1,J.League
1537,,セレッソ大阪,横浜F・マリノス,C大阪,横浜FM,J1,J1,J1,J.League
1537,,FC東京,ヴィッセル神戸,FC東京,神戸,J1,J1,J1,J.League
1537,,柏レイソル,ファジアーノ岡山,柏,岡山,J1,J1,J1,J.League
1537,,清水エスパルス,町田,清水,町田,J1,J1,J1,J.League
1537,,ガンバ大阪,サンフレッチェ広島,G大阪,広島,J1,J1,J1,J.League
1537,,東京ヴェルディ,湘南ベルマーレ,東京V,湘南,J1,J1,J1,J.League
1537,,V・ファーレン長崎,モンテディオ山形,長崎,山形,J2,J2,J2,J.League
1537,,いわきFC,北海道コンサドーレ札幌,いわき,札幌,J2,J1,Mixed Domestic,J.League
1537,,FC今治,ジェフユナイテッド千葉,FC今治,千葉,Other,J2,Other,J.League
1536,,町田,1,町田,1,J1,Other,Other,Cup/Other
1536,,湘南ベルマーレ,0,湘南,0,J1,Other,Other,Cup/Other
1536,,FC大阪,1,FC大阪,1,J3,Other,Other,Cup/Other
1535,,名古屋グランパス,ファジアーノ岡山,名古屋,岡山,J1,J1,J1,J.League
1535,,アビスパ福岡,鹿島アントラーズ,福岡,鹿島,J1,J1,J1,J.League
1535,,浦和レッズ,ガンバ大阪,浦和,G大阪,J1,J1,J1,J.League
1535,,柏レイソル,清水エスパルス,柏,清水,J1,J1,J1,J.League
1535,,東京ヴェルディ,横浜FC,東京V,横浜FC,J1,J1,J1,J.League
1535,,富山,V・ファーレン長崎,富山,長崎,J2,J2,J2,J.League
1535,,ブラウブリッツ秋田,ヴァンフォーレ甲府,秋田,甲府,J2,J2,J2,J.League
1535,,熊本,FC今治,熊本,FC今治,J2,Other,Other,J.League
1535,,徳島ヴォルティス,サガン鳥栖,徳島,鳥栖,J2,J1,Mixed Domestic,J.League
1535,,ジェフユナイテッド千葉,大宮,千葉,大宮,J2,J2,J2,J.League
1535,,北海道コンサドーレ札幌,ジュビロ磐田,札幌,磐田,J1,J1,J1,J.League
1535,,山口,水戸ホーリーホック,山口,水戸,J2,J2,J2,J.League
1535,,モンテディオ山形,大分,山形,大分,J2,J2,J2,Cup/Other
1534,,サンフレッチェ広島,アビスパ福岡,広島,福岡,J1,J1,J1,J.League
1534,,アルビレックス新潟,FC東京,新潟,FC東京,J1,J1,J1,J.League
1534,,清水エスパルス,名古屋グランパス,清水,名古屋,J1,J1,J1,J.League
1534,,浦和レッズ,東京ヴェルディ,浦和,東京V,J1,J1,J1,J.League
1534,,ガンバ大阪,湘南ベルマーレ,G大阪,湘南,J1,J1,J1,J.League
1534,,鹿島アントラーズ,町田,鹿島,町田,J1,J1,J1,J.League
1534,,京都サンガF.C.,セレッソ大阪,京都,C大阪,J1,J1,J1,J.League
1534,,ベガルタ仙台,山口,仙台,山口,J2,J2,J2,J.League
1534,,V・ファーレン長崎,愛媛FC,長崎,愛媛,J2,J2,J2,J.League
1534,,FC今治,ジュビロ磐田,FC今治,磐田,Other,J1,Other,J.League
1534,,藤枝MYFC,水戸ホーリーホック,藤枝,水戸,J2,J2,J2,J.League
1534,,モンテディオ山形,北海道コンサドーレ札幌,山形,札幌,J2,J1,Mixed Domestic,J.League
1534,,大分,熊本,大分,熊本,J2,J2,J2,Cup/Other
1533,,FC東京,清水エスパルス,FC東京,清水,J1,J1,J1,J.League
1533,,サンフレッチェ広島,アルビレックス新潟,広島,新潟,J1,J1,J1,J.League
1533,,横浜FC,鹿島アントラーズ,横浜FC,鹿島,J1,J1,J1,J.League
1533,,名古屋グランパス,柏レイソル,名古屋,柏,J1,J1,J1,J.League
1533,,ガンバ大阪,京都サンガF.C.,G大阪,京都,J1,J1,J1,J.League
1533,,ファジアーノ岡山,東京ヴェルディ,岡山,東京V,J1,J1,J1,J.League
1533,,湘南ベルマーレ,アビスパ福岡,湘南,福岡,J1,J1,J1,J.League
1533,,セレッソ大阪,町田,C大阪,町田,J1,J1,J1,J.League
1533,,北海道コンサドーレ札幌,V・ファーレン長崎,札幌,長崎,J1,J2,Mixed Domestic,J.League
1533,,愛媛FC,藤枝MYFC,愛媛,藤枝,J2,J2,J2,J.League
1533,,ブラウブリッツ秋田,徳島ヴォルティス,秋田,徳島,J2,J2,J2,J.League
1533,,熊本,ジェフユナイテッド千葉,熊本,千葉,J2,J2,J2,J.League
1533,,ヴァンフォーレ甲府,ベガルタ仙台,甲府,仙台,J2,J2,J2,J.League
1532,,町田,湘南ベルマーレ,町田,湘南,J1,J1,J1,J.League
1532,,京都サンガF.C.,横浜FC,京都,横浜FC,J1,J1,J1,J.League
1532,,アビスパ福岡,ファジアーノ岡山,福岡,岡山,J1,J1,J1,J.League
1532,,鹿島アントラーズ,名古屋グランパス,鹿島,名古屋,J1,J1,J1,J.League
1532,,東京ヴェルディ,セレッソ大阪,東京V,C大阪,J1,J1,J1,J.League
1532,,浦和レッズ,サンフレッチェ広島,浦和,広島,J1,J1,J1,J.League
1532,,FC東京,ガンバ大阪,FC東京,G大阪,J1,J1,J1,J.League
1532,,柏レイソル,アルビレックス新潟,柏,新潟,J1,J1,J1,J.League
1532,,山口,FC今治,山口,FC今治,J2,Other,Other,J.League
1532,,ベガルタ仙台,愛媛FC,仙台,愛媛,J2,J2,J2,J.League
1532,,ジュビロ磐田,大分,磐田,大分,J1,J2,Mixed Domestic,Cup/Other
1532,,徳島ヴォルティス,富山,徳島,富山,J2,J2,J2,J.League
1532,,V・ファーレン長崎,いわきFC,長崎,いわき,J2,J2,J2,J.League
1531,,アルビレックス新潟,京都サンガF.C.,新潟,京都,J1,J1,J1,J.League
1531,,ヴィッセル神戸,町田,神戸,町田,J1,J1,J1,J.League
1531,,横浜FC,ガンバ大阪,横浜FC,G大阪,J1,J1,J1,J.League
1531,,ファジアーノ岡山,鹿島アントラーズ,岡山,鹿島,J1,J1,J1,J.League
1531,,浦和レッズ,横浜F・マリノス,浦和,横浜FM,J1,J1,J1,J.League
1531,,湘南ベルマーレ,柏レイソル,湘南,柏,J1,J1,J1,J.League
1531,,清水エスパルス,アビスパ福岡,清水,福岡,J1,J1,J1,J.League
1531,,名古屋グランパス,サンフレッチェ広島,名古屋,広島,J1,J1,J1,J.League
1531,,川崎フロンターレ,東京ヴェルディ,川崎F,東京V,J1,J1,J1,J.League
1531,,セレッソ大阪,FC東京,C大阪,FC東京,J1,J1,J1,J.League
1531,,サガン鳥栖,山口,鳥栖,山口,J1,J2,Mixed Domestic,J.League
1531,,北海道コンサドーレ札幌,藤枝MYFC,札幌,藤枝,J1,J2,Mixed Domestic,J.League
1531,,ブラウブリッツ秋田,ジュビロ磐田,秋田,磐田,J2,J1,Mixed Domestic,J.League
1530,,横浜F・マリノス,清水エスパルス,横浜FM,清水,J1,J1,J1,J.League
1530,,ヴィッセル神戸,川崎フロンターレ,神戸,川崎F,J1,J1,J1,J.League
1530,,浦和レッズ,京都サンガF.C.,浦和,京都,J1,J1,J1,J.League
1530,,水戸ホーリーホック,ガンバ大阪,水戸,G大阪,J2,J1,Mixed Domestic,J.League
1530,,福島,柏レイソル,福島,柏,J3,J1,Mixed Domestic,J.League
1529,,清水エスパルス,川崎フロンターレ,清水,川崎F,J1,J1,J1,J.League
1529,,サンフレッチェ広島,ファジアーノ岡山,広島,岡山,J1,J1,J1,J.League
1529,,ガンバ大阪,名古屋グランパス,G大阪,名古屋,J1,J1,J1,J.League
1529,,セレッソ大阪,鹿島アントラーズ,C大阪,鹿島,J1,J1,J1,J.League
1529,,東京ヴェルディ,ヴィッセル神戸,東京V,神戸,J1,J1,J1,J.League
1529,,アビスパ福岡,横浜F・マリノス,福岡,横浜FM,J1,J1,J1,J.League
1529,,京都サンガF.C.,湘南ベルマーレ,京都,湘南,J1,J1,J1,J.League
1529,,町田,浦和レッズ,町田,浦和,J1,J1,J1,J.League
1529,,アルビレックス新潟,横浜FC,新潟,横浜FC,J1,J1,J1,J.League
1529,,いわきFC,モンテディオ山形,いわき,山形,J2,J2,J2,J.League
1529,,V・ファーレン長崎,サガン鳥栖,長崎,鳥栖,J2,J1,Mixed Domestic,J.League
1529,,ブラウブリッツ秋田,大宮,秋田,大宮,J2,J2,J2,J.League
1529,,富山,山口,富山,山口,J2,J2,J2,J.League
1527,,川崎フロンターレ,横浜F・マリノス,川崎F,横浜FM,J1,J1,J1,J.League
1527,,山口,鹿島アントラーズ,山口,鹿島,J2,J1,Mixed Domestic,J.League
1527,,V・ファーレン長崎,湘南ベルマーレ,長崎,湘南,J2,J1,Mixed Domestic,J.League
1527,,モンテディオ山形,京都サンガF.C.,山形,京都,J2,J1,Mixed Domestic,J.League
1527,,ヴァンフォーレ甲府,町田,甲府,町田,J2,J1,Mixed Domestic,J.League
1526,,横浜F・マリノス,東京ヴェルディ,横浜FM,東京V,J1,J1,J1,J.League
1526,,アビスパ福岡,浦和レッズ,福岡,浦和,J1,J1,J1,J.League
1526,,町田,川崎フロンターレ,町田,川崎F,J1,J1,J1,J.League
1526,,ヴィッセル神戸,アルビレックス新潟,神戸,新潟,J1,J1,J1,J.League
1526,,サンフレッチェ広島,セレッソ大阪,広島,C大阪,J1,J1,J1,J.League
1526,,鹿島アントラーズ,京都サンガF.C.,鹿島,京都,J1,J1,J1,J.League
1526,,ファジアーノ岡山,FC東京,岡山,FC東京,J1,J1,J1,J.League
1526,,横浜FC,清水エスパルス,横浜FC,清水,J1,J1,J1,J.League
1526,,柏レイソル,ガンバ大阪,柏,G大阪,J1,J1,J1,J.League
1526,,湘南ベルマーレ,名古屋グランパス,湘南,名古屋,J1,J1,J1,J.League
1526,,サガン鳥栖,藤枝MYFC,鳥栖,藤枝,J1,J2,Mixed Domestic,J.League
1526,,北海道コンサドーレ札幌,徳島ヴォルティス,札幌,徳島,J1,J2,Mixed Domestic,J.League
1526,,モンテディオ山形,ジュビロ磐田,山形,磐田,J2,J1,Mixed Domestic,J.League
1525,,東京ヴェルディ,FC東京,東京V,FC東京,J1,J1,J1,J.League
1525,,ガンバ大阪,町田,G大阪,町田,J1,J1,J1,J.League
1525,,サンフレッチェ広島,鹿島アントラーズ,広島,鹿島,J1,J1,J1,J.League
1525,,横浜FC,ヴィッセル神戸,横浜FC,神戸,J1,J1,J1,J.League
1525,,アルビレックス新潟,アビスパ福岡,新潟,福岡,J1,J1,J1,J.League
1524,,ファジアーノ岡山,横浜F・マリノス,岡山,横浜FM,J1,J1,J1,J.League
1524,,柏レイソル,東京ヴェルディ,柏,東京V,J1,J1,J1,J.League
1524,,名古屋グランパス,横浜FC,名古屋,横浜FC,J1,J1,J1,J.League
1524,,鹿島アントラーズ,ヴィッセル神戸,鹿島,神戸,J1,J1,J1,J.League
1524,,アビスパ福岡,町田,福岡,町田,J1,J1,J1,J.League
1524,,清水エスパルス,湘南ベルマーレ,清水,湘南,J1,J1,J1,J.League
1524,,アルビレックス新潟,ガンバ大阪,新潟,G大阪,J1,J1,J1,J.League
1524,,京都サンガF.C.,サンフレッチェ広島,京都,広島,J1,J1,J1,J.League
1524,,FC東京,川崎フロンターレ,FC東京,川崎F,J1,J1,J1,J.League
1524,,北海道コンサドーレ札幌,ヴァンフォーレ甲府,札幌,甲府,J1,J2,Mixed Domestic,J.League
1524,,ブラウブリッツ秋田,山口,秋田,山口,J2,J2,J2,J.League
1524,,愛媛FC,大分,愛媛,大分,J2,J2,J2,Cup/Other
1524,,熊本,サガン鳥栖,熊本,鳥栖,J2,J1,Mixed Domestic,J.League
1523,,相模原,清水エスパルス,相模原,清水,J3,J1,Mixed Domestic,J.League
1523,,富山,ジェフユナイテッド千葉,富山,千葉,J2,J2,J2,J.League
1523,,大分,山口,大分,山口,J2,J2,J2,Cup/Other
1523,,大宮,いわきFC,大宮,いわき,J2,J2,J2,J.League
1523,,FC今治,徳島ヴォルティス,FC今治,徳島,Other,J2,Other,J.League
1523,,水戸ホーリーホック,熊本,水戸,熊本,J2,J2,J2,J.League
1523,,ヴァンフォーレ甲府,藤枝MYFC,甲府,藤枝,J2,J2,J2,J.League
1523,,愛媛FC,ブラウブリッツ秋田,愛媛,秋田,J2,J2,J2,J.League
1523,,福島,北海道コンサドーレ札幌,福島,札幌,J3,J1,Mixed Domestic,J.League
1523,,FC大阪,ジュビロ磐田,FC大阪,磐田,J3,J1,Mixed Domestic,J.League
1523,,群馬,V・ファーレン長崎,群馬,長崎,J2,J2,J2,J.League
1523,,松本,サガン鳥栖,松本,鳥栖,J3,J1,Mixed Domestic,J.League
1523,,鹿児島,モンテディオ山形,鹿児島,山形,Other,J2,Other,J.League
1522,,ベガルタ仙台,ジュビロ磐田,仙台,磐田,J2,J1,Mixed Domestic,J.League
1522,,大宮,水戸ホーリーホック,大宮,水戸,J2,J2,J2,J.League
1522,,V・ファーレン長崎,ブラウブリッツ秋田,長崎,秋田,J2,J2,J2,J.League
1522,,愛媛FC,北海道コンサドーレ札幌,愛媛,札幌,J2,J1,Mixed Domestic,J.League
1522,,大分,藤枝MYFC,大分,藤枝,J2,J2,J2,Cup/Other
1522,,山口,熊本,山口,熊本,J2,J2,J2,J.League
1522,,モンテディオ山形,徳島ヴォルティス,山形,徳島,J2,J2,J2,J.League
1522,,いわきFC,FC今治,いわき,FC今治,J2,Other,Other,J.League
1522,,ヴァンフォーレ甲府,ジェフユナイテッド千葉,甲府,千葉,J2,J2,J2,J.League
1522,,サガン鳥栖,富山,鳥栖,富山,J1,J2,Mixed Domestic,J.League
1522,,FC大阪,金沢,FC大阪,金沢,J3,J3,J3,J.League
1522,,讃岐,栃木シティ,讃岐,栃木シティ,J3,Other,Other,J.League
1522,,鳥取,岐阜,鳥取,岐阜,J3,J3,J3,J.League
1521,,八戸,アルビレックス新潟,八戸,新潟,J3,J1,Mixed Domestic,J.League
1521,,岐阜,横浜FC,岐阜,横浜FC,J3,J1,Mixed Domestic,J.League
1521,,鳥取,京都サンガF.C.,鳥取,京都,J3,J1,Mixed Domestic,J.League
1521,,讃岐,セレッソ大阪,讃岐,C大阪,J3,J1,Mixed Domestic,J.League
1521,,宮崎,名古屋グランパス,宮崎,名古屋,J3,J1,Mixed Domestic,J.League
1521,,栃木シティ,鹿島アントラーズ,栃木シティ,鹿島,Other,J1,Other,J.League
1521,,金沢,湘南ベルマーレ,金沢,湘南,J3,J1,Mixed Domestic,J.League
1521,,奈良,FC東京,奈良,FC東京,J3,J1,Mixed Domestic,J.League
1521,,高知,ガンバ大阪,高知,G大阪,Other,J1,Other,J.League
1521,,FC琉球,アビスパ福岡,FC琉球,福岡,Other,J1,Other,J.League
1521,,長野,東京ヴェルディ,長野,東京V,J3,J1,Mixed Domestic,J.League
1521,,沼津,柏レイソル,沼津,柏,J3,J1,Mixed Domestic,J.League
1521,,北九州,ファジアーノ岡山,北九州,岡山,J3,J1,Mixed Domestic,J.League
1520,,東京ヴェルディ,名古屋グランパス,東京V,名古屋,J1,J1,J1,J.League
1520,,町田,アルビレックス新潟,町田,新潟,J1,J1,J1,J.League
1520,,清水エスパルス,京都サンガF.C.,清水,京都,J1,J1,J1,J.League
1520,,ファジアーノ岡山,川崎フロンターレ,岡山,川崎F,J1,J1,J1,J.League
1520,,横浜F・マリノス,ガンバ大阪,横浜FM,G大阪,J1,J1,J1,J.League
1520,,アビスパ福岡,FC東京,福岡,FC東京,J1,J1,J1,J.League
1520,,鹿島アントラーズ,浦和レッズ,鹿島,浦和,J1,J1,J1,J.League
1520,,サンフレッチェ広島,柏レイソル,広島,柏,J1,J1,J1,J.League
1520,,湘南ベルマーレ,ヴィッセル神戸,湘南,神戸,J1,J1,J1,J.League
1520,,横浜FC,セレッソ大阪,横浜FC,C大阪,J1,J1,J1,J.League
1520,,FC今治,富山,FC今治,富山,Other,J2,Other,J.League
1520,,ジュビロ磐田,ヴァンフォーレ甲府,磐田,甲府,J1,J2,Mixed Domestic,J.League
1520,,熊本,モンテディオ山形,熊本,山形,J2,J2,J2,J.League
1519,,アルビレックス新潟,東京ヴェルディ,新潟,東京V,J1,J1,J1,J.League
1519,,ガンバ大阪,清水エスパルス,G大阪,清水,J1,J1,J1,J.League
1519,,柏レイソル,鹿島アントラーズ,柏,鹿島,J1,J1,J1,J.League
1519,,FC東京,湘南ベルマーレ,FC東京,湘南,J1,J1,J1,J.League
1519,,セレッソ大阪,名古屋グランパス,C大阪,名古屋,J1,J1,J1,J.League
1519,,浦和レッズ,ファジアーノ岡山,浦和,岡山,J1,J1,J1,J.League
1519,,横浜FC,町田,横浜FC,町田,J1,J1,J1,J.League
1519,,京都サンガF.C.,アビスパ福岡,京都,福岡,J1,J1,J1,J.League
1519,,モンテディオ山形,ブラウブリッツ秋田,山形,秋田,J2,J2,J2,J.League
1519,,徳島ヴォルティス,熊本,徳島,熊本,J2,J2,J2,J.League
1519,,北海道コンサドーレ札幌,ジェフユナイテッド千葉,札幌,千葉,J1,J2,Mixed Domestic,J.League
1519,,大分,水戸ホーリーホック,大分,水戸,J2,J2,J2,Cup/Other
1519,,富山,ジュビロ磐田,富山,磐田,J2,J1,Mixed Domestic,J.League
1518,,横浜F・マリノス,湘南ベルマーレ,横浜FM,湘南,J1,J1,J1,J.League
1518,,ヴィッセル神戸,アビスパ福岡,神戸,福岡,J1,J1,J1,J.League
1518,,アルビレックス新潟,セレッソ大阪,新潟,C大阪,J1,J1,J1,J.League
1518,,東京ヴェルディ,ガンバ大阪,東京V,G大阪,J1,J1,J1,J.League
1518,,サンフレッチェ広島,横浜FC,広島,横浜FC,J1,J1,J1,J.League
1518,,鹿島アントラーズ,FC東京,鹿島,FC東京,J1,J1,J1,J.League
1518,,名古屋グランパス,町田,名古屋,町田,J1,J1,J1,J.League
1518,,ファジアーノ岡山,清水エスパルス,岡山,清水,J1,J1,J1,J.League
1518,,浦和レッズ,柏レイソル,浦和,柏,J1,J1,J1,J.League
1518,,川崎フロンターレ,京都サンガF.C.,川崎F,京都,J1,J1,J1,J.League
1518,,ベガルタ仙台,大分,仙台,大分,J2,J2,J2,Cup/Other
1518,,熊本,大宮,熊本,大宮,J2,J2,J2,J.League
1518,,サガン鳥栖,FC今治,鳥栖,FC今治,J1,Other,Other,J.League
1517,,湘南ベルマーレ,浦和レッズ,湘南,浦和,J1,J1,J1,J.League
1517,,ファジアーノ岡山,ガンバ大阪,岡山,G大阪,J1,J1,J1,J.League
1517,,アビスパ福岡,川崎フロンターレ,福岡,川崎F,J1,J1,J1,J.League
1517,,鹿島アントラーズ,アルビレックス新潟,鹿島,新潟,J1,J1,J1,J.League
1517,,FC東京,名古屋グランパス,FC東京,名古屋,J1,J1,J1,J.League
1516,,名古屋グランパス,ヴィッセル神戸,名古屋,神戸,J1,J1,J1,J.League
1516,,京都サンガF.C.,浦和レッズ,京都,浦和,J1,J1,J1,J.League
1516,,FC東京,町田,FC東京,町田,J1,J1,J1,J.League
1516,,セレッソ大阪,湘南ベルマーレ,C大阪,湘南,J1,J1,J1,J.League
1516,,鹿島アントラーズ,東京ヴェルディ,鹿島,東京V,J1,J1,J1,J.League
1516,,横浜FC,ファジアーノ岡山,横浜FC,岡山,J1,J1,J1,J.League
1516,,柏レイソル,川崎フロンターレ,柏,川崎F,J1,J1,J1,J.League
1516,,清水エスパルス,アルビレックス新潟,清水,新潟,J1,J1,J1,J.League
1516,,ガンバ大阪,アビスパ福岡,G大阪,福岡,J1,J1,J1,J.League
1516,,サンフレッチェ広島,横浜F・マリノス,広島,横浜FM,J1,J1,J1,J.League
1516,,大分,いわきFC,大分,いわき,J2,J2,J2,Cup/Other
1516,,徳島ヴォルティス,ベガルタ仙台,徳島,仙台,J2,J2,J2,J.League
1516,,熊本,北海道コンサドーレ札幌,熊本,札幌,J2,J1,Mixed Domestic,J.League
1515,,ヴィッセル神戸,浦和レッズ,神戸,浦和,J1,J1,J1,J.League
1515,,アビスパ福岡,柏レイソル,福岡,柏,J1,J1,J1,J.League
1515,,横浜FC,FC東京,横浜FC,FC東京,J1,J1,J1,J.League
1515,,川崎フロンターレ,名古屋グランパス,川崎F,名古屋,J1,J1,J1,J.League
1515,,湘南ベルマーレ,鹿島アントラーズ,湘南,鹿島,J1,J1,J1,J.League
1515,,横浜F・マリノス,アルビレックス新潟,横浜FM,新潟,J1,J1,J1,J.League
1515,,ファジアーノ岡山,京都サンガF.C.,岡山,京都,J1,J1,J1,J.League
1515,,東京ヴェルディ,清水エスパルス,東京V,清水,J1,J1,J1,J.League
1515,,町田,サンフレッチェ広島,町田,広島,J1,J1,J1,J.League
1515,,愛媛FC,富山,愛媛,富山,J2,J2,J2,J.League
1515,,ジュビロ磐田,水戸ホーリーホック,磐田,水戸,J1,J2,Mixed Domestic,J.League
1515,,いわきFC,ジェフユナイテッド千葉,いわき,千葉,J2,J2,J2,J.League
1515,,V・ファーレン長崎,熊本,長崎,熊本,J2,J2,J2,J.League
1514,,ﾄﾞﾙﾄ,ｼｭﾂｯﾄ,ドルト,シュツット,Other,Other,Other,Unknown
1514,,ﾌﾗｲﾌﾞﾙ,ﾊｲﾃﾞﾝﾊ,フライブル,ハイデンハ,Other,Other,Other,Unknown
1514,,ﾏｲﾝﾂ,ｱｳｸﾞｽ,マインツ,アウグス,Other,Other,Other,Unknown
1514,,ｳﾞｫﾙﾌｽ,ﾚｳﾞｧｰ,ヴォルフス,レヴァー,Other,Other,Other,Unknown
1514,,ﾒﾝﾍﾝ,ﾌﾗﾝｸﾌﾙ,メンヘン,フランクフル,Other,Other,Other,Unknown
1513,,ｼｭﾂｯﾄ,ﾒﾝﾍﾝ,シュツット,メンヘン,Other,Other,Other,Unknown
1513,,ﾊﾞｲｴﾙﾝ,ﾎﾙｽﾀｲﾝ,バイエルン,ホルスタイン,Other,Other,Other,Unknown
1513,,ﾎﾞｰﾌﾑ,ﾌﾗｲﾌﾞﾙ,ボーフム,フライブル,Other,Other,Other,Unknown
1513,,ﾊﾟｳﾘ,ｱｳｸﾞｽ,パウリ,アウグス,Other,Other,Other,Unknown
1513,,ﾚｳﾞｧｰ,ﾎｯﾌｪﾝ,レヴァー,ホッフェン,Other,Other,Other,Unknown
1513,,ﾊｲﾃﾞﾝﾊ,ﾄﾞﾙﾄ,ハイデンハ,ドルト,Other,Other,Other,Unknown
1513,,ｳﾆｵﾝ,ﾗｲﾌﾟﾂｨ,ウニオン,ライプツィ,Other,Other,Other,Unknown
1513,,ﾌﾗﾝｸﾌﾙ,ｳﾞｫﾙﾌｽ,フランクフル,ヴォルフス,Other,Other,Other,Unknown
1513,,ﾎﾞﾝﾏｳｽ,ﾘｳﾞｧﾌﾟ,ボンマウス,リヴァプ,Other,Other,Other,Unknown
1513,,ﾉｯﾃｨﾝ,ﾌﾞﾗｲﾄﾝ,ノッティン,ブライトン,Other,Other,Other,Unknown
1513,,ｱｰｾﾅﾙ,ﾏﾝC,アーセナル,マンC,Other,Other,Other,Unknown
1513,,ﾏﾝU,ｸﾘｽﾀﾙ,マンU,クリスタル,Other,Other,Other,Unknown
1513,,ｲﾌﾟｽ,ｻｳｻﾞﾝ,イプス,サウザン,Other,Other,Other,Unknown
1511,,ﾌﾗｲﾌﾞﾙ,ﾊﾞｲｴﾙﾝ,フライブル,バイエルン,Other,Other,Other,Unknown
1511,,ﾏｲﾝﾂ,ｼｭﾂｯﾄ,マインツ,シュツット,Other,Other,Other,Unknown
1511,,ｱｳｸﾞｽ,ﾊｲﾃﾞﾝﾊ,アウグス,ハイデンハ,Other,Other,Other,Unknown
1511,,ﾒﾝﾍﾝ,ﾎﾞｰﾌﾑ,メンヘン,ボーフム,Other,Other,Other,Unknown
1511,,ﾎｯﾌｪﾝ,ﾌﾗﾝｸﾌﾙ,ホッフェン,フランクフル,Other,Other,Other,Unknown
1511,,ﾗｲﾌﾟﾂｨ,ﾚｳﾞｧｰ,ライプツィ,レヴァー,Other,Other,Other,Unknown
1511,,ﾄﾞﾙﾄ,ﾌﾞﾚｰﾒﾝ,ドルト,ブレーメン,Other,Other,Other,Unknown
1511,,ﾊﾟｳﾘ,ｳﾆｵﾝ,パウリ,ウニオン,Other,Other,Other,Unknown
1511,,ﾘｳﾞｧﾌﾟ,ｲﾌﾟｽ,リヴァプ,イプス,Other,Other,Other,Unknown
1511,,ﾌﾞﾗｲﾄﾝ,ｴｳﾞｧﾄﾝ,ブライトン,エヴァトン,Other,Other,Other,Unknown
1511,,ｳﾙｳﾞｧｰ,ｱｰｾﾅﾙ,ウルヴァー,アーセナル,Other,Other,Other,Unknown
1511,,ｸﾘｽﾀﾙ,ﾌﾞﾚﾝﾄ,クリスタル,ブレント,Other,Other,Other,Unknown
1511,,ｻｳｻﾞﾝ,ﾆｭｶｯｽﾙ,サウザン,ニュカッスル,Other,Other,Other,Unknown
1509,,ｼｭﾂｯﾄ,ﾌﾗｲﾌﾞﾙ,シュツット,フライブル,Other,Other,Other,Unknown
1509,,ﾊﾞｲｴﾙﾝ,ｳﾞｫﾙﾌｽ,バイエルン,ヴォルフス,Other,Other,Other,Unknown
1509,,ﾚｳﾞｧｰ,ﾒﾝﾍﾝ,レヴァー,メンヘン,Other,Other,Other,Unknown
1509,,ｳﾆｵﾝ,ﾏｲﾝﾂ,ウニオン,マインツ,Other,Other,Other,Unknown
1509,,ﾌﾞﾚｰﾒﾝ,ｱｳｸﾞｽ,ブレーメン,アウグス,Other,Other,Other,Unknown
1509,,ﾊｲﾃﾞﾝﾊ,ﾊﾟｳﾘ,ハイデンハ,パウリ,Other,Other,Other,Unknown
1509,,ﾎﾞｰﾌﾑ,ﾗｲﾌﾟﾂｨ,ボーフム,ライプツィ,Other,Other,Other,Unknown
1509,,ﾎﾙｽﾀｲﾝ,ﾎｯﾌｪﾝ,ホルスタイン,ホッフェン,Other,Other,Other,Unknown
1509,,ﾌﾞﾚﾝﾄ,ﾘｳﾞｧﾌﾟ,ブレント,リヴァプ,Other,Other,Other,Unknown
1509,,ｱｰｾﾅﾙ,ｱｽﾄﾝ,アーセナル,アストン,Other,Other,Other,Unknown
1509,,ﾏﾝU,ﾌﾞﾗｲﾄﾝ,マンU,ブライトン,Other,Other,Other,Unknown
1509,,ｳｪｽﾄﾊﾑ,ｸﾘｽﾀﾙ,ウェストハム,クリスタル,Other,Other,Other,Unknown
1509,,ﾉｯﾃｨﾝ,ｻｳｻﾞﾝ,ノッティン,サウザン,Other,Other,Other,Unknown
1508,,ﾌﾗﾝｸﾌﾙ,ﾌﾗｲﾌﾞﾙ,フランクフル,フライブル,Other,Other,Other,Unknown
1508,,ﾚｳﾞｧｰ,ﾏｲﾝﾂ,レヴァー,マインツ,Other,Other,Other,Unknown
1508,,ｳﾞｫﾙﾌｽ,ﾒﾝﾍﾝ,ヴォルフス,メンヘン,Other,Other,Other,Unknown
1508,,ｼｭﾂｯﾄ,ﾗｲﾌﾟﾂｨ,シュツット,ライプツィ,Other,Other,Other,Unknown
1508,,ﾊﾞｲｴﾙﾝ,ﾎｯﾌｪﾝ,バイエルン,ホッフェン,Other,Other,Other,Unknown
1508,,ﾎﾙｽﾀｲﾝ,ﾄﾞﾙﾄ,ホルスタイン,ドルト,Other,Other,Other,Unknown
1508,,ﾎﾞｰﾌﾑ,ﾊﾟｳﾘ,ボーフム,パウリ,Other,Other,Other,Unknown
1508,,ｳﾆｵﾝ,ｱｳｸﾞｽ,ウニオン,アウグス,Other,Other,Other,Unknown
1508,,ﾉｯﾃｨﾝ,ﾘｳﾞｧﾌﾟ,ノッティン,リヴァプ,Other,Other,Other,Unknown
1508,,ﾚｽﾀｰ,ｸﾘｽﾀﾙ,レスター,クリスタル,Other,Other,Other,Unknown
1508,,ｱｰｾﾅﾙ,ﾄﾃﾅﾑ,アーセナル,トテナム,Other,Other,Other,Unknown
1508,,ﾁｪﾙｼｰ,ﾎﾞﾝﾏｳｽ,チェルシー,ボンマウス,Other,Other,Other,Unknown
1508,,ﾌﾞﾚﾝﾄ,ﾏﾝC,ブレント,マンC,Other,Other,Other,Unknown
1507,,ﾌﾗｲﾌﾞﾙ,ﾎﾙｽﾀｲﾝ,フライブル,ホルスタイン,Other,Other,Other,Unknown
1507,,ﾏｲﾝﾂ,ﾎﾞｰﾌﾑ,マインツ,ボーフム,Other,Other,Other,Unknown
1507,,ﾎｯﾌｪﾝ,ｳﾞｫﾙﾌｽ,ホッフェン,ヴォルフス,Other,Other,Other,Unknown
1507,,ﾊﾟｳﾘ,ﾌﾗﾝｸﾌﾙ,パウリ,フランクフル,Other,Other,Other,Unknown
1507,,ﾒﾝﾍﾝ,ﾊﾞｲｴﾙﾝ,メンヘン,バイエルン,Other,Other,Other,Unknown
1506,,ｸﾘｽﾀﾙ,ﾁｪﾙｼｰ,クリスタル,チェルシー,Other,Other,Other,Unknown
1506,,ﾏﾝC,ｳｪｽﾄﾊﾑ,マンC,ウェストハム,Other,Other,Other,Unknown
1506,,ﾌﾞﾗｲﾄﾝ,ｱｰｾﾅﾙ,ブライトン,アーセナル,Other,Other,Other,Unknown
1506,,ﾘｳﾞｧﾌﾟ,ﾏﾝU,リヴァプ,マンU,Other,Other,Other,Unknown
1506,,ｻｳｻﾞﾝ,ﾌﾞﾚﾝﾄ,サウザン,ブレント,Other,Other,Other,Unknown
