round_no,fixture_count,jleague_in_scope_count,out_of_scope_count,matched_count,coverage_rate,no_team_match_count,date_mismatch_count,inferred_round_date
1276,6,0,6,0,0.0,0,0,2022-01-01
1277,6,0,6,0,0.0,0,0,2022-01-08
1278,5,0,5,0,0.0,0,0,2022-01-22
1279,13,0,13,0,0.0,0,0,2022-01-28
1280,5,0,5,0,0.0,0,0,2022-02-05
1281,6,0,6,0,0.0,0,0,2022-02-05
1282,5,0,5,0,0.0,0,0,2022-02-12
1284,6,4,2,0,0.0,1,3,2022-02-16
1286,6,5,1,0,0.0,1,4,2022-02-23
1290,13,0,13,0,0.0,0,0,2022-03-25
1291,13,9,4,5,0.5555555555555556,2,2,2022-03-26
1295,6,4,2,0,0.0,0,4,2022-04-06
1297,13,11,2,7,0.6363636363636364,2,2,2022-04-23
1302,6,4,2,0,0.0,0,4,2022-05-11
1306,13,13,0,0,0.0,0,13,2022-06-01
1310,13,8,5,0,0.0,8,0,2022-06-22
1315,6,0,6,0,0.0,0,0,2022-07-06
1319,5,0,5,0,0.0,0,0,2022-07-27
1321,5,0,5,0,0.0,0,0,2022-08-03
1335,13,0,13,0,0.0,0,0,2022-11-12
1336,13,0,13,0,0.0,0,0,2022-11-22
1337,13,0,13,0,0.0,0,0,2022-11-25
1338,13,0,13,0,0.0,0,0,2022-11-30
1341,6,0,6,0,0.0,0,0,2022-12-16
1343,5,0,5,0,0.0,0,0,2022-12-29
1344,6,0,6,0,0.0,0,0,2023-01-01
1345,6,0,6,0,0.0,0,0,2023-01-04
1346,13,0,13,0,0.0,0,0,2023-01-21
1347,6,0,6,0,0.0,0,0,2023-01-21
1348,13,0,13,0,0.0,0,0,2023-02-04
1349,13,0,13,0,0.0,0,0,2023-02-11
1354,6,5,1,0,0.0,0,5,2023-03-01
1357,13,13,0,4,0.3076923076923077,0,9,2023-03-25
1359,6,5,1,0,0.0,0,5,2023-03-29
1362,6,5,1,0,0.0,0,5,2023-04-12
1369,6,5,1,0,0.0,0,5,2023-05-17
1372,13,13,0,0,0.0,5,8,2023-06-07
1374,13,13,0,3,0.23076923076923078,0,10,2023-06-18
1377,6,0,6,0,0.0,0,0,2023-06-21
1381,12,12,0,0,0.0,8,4,2023-07-12
1385,6,5,1,0,0.0,2,3,2023-07-26
1391,5,0,5,0,0.0,0,0,2023-08-23
1393,6,0,6,0,0.0,0,0,2023-08-30
1398,5,0,5,0,0.0,0,0,2023-09-22
1403,6,0,6,0,0.0,0,0,2023-10-13
1408,13,0,13,0,0.0,0,0,2023-11-16
1410,13,0,13,0,0.0,0,0,2023-11-21
1414,6,0,6,0,0.0,0,0,2023-11-28
1415,13,0,13,0,0.0,0,0,2023-12-09
1416,13,0,13,0,0.0,0,0,2023-12-16
1417,6,0,6,0,0.0,0,0,2023-12-12
1418,6,0,6,0,0.0,0,0,2023-12-16
1419,6,0,6,0,0.0,0,0,2023-12-21
1420,6,0,6,0,0.0,0,0,2023-12-26
1423,6,0,6,0,0.0,0,0,2024-01-05
1424,6,0,6,0,0.0,0,0,2024-01-13
1425,6,0,6,0,0.0,0,0,2024-01-20
1426,6,0,6,0,0.0,0,0,2024-01-23
1427,13,0,13,0,0.0,0,0,2024-02-03
1428,13,0,13,0,0.0,0,0,2024-02-10
1429,13,0,13,0,0.0,0,0,2024-02-17
1434,6,5,1,0,0.0,4,1,2024-02-28
1436,6,5,1,0,0.0,3,2,2024-03-06
1440,13,0,13,0,0.0,0,0,2024-03-26
1446,6,5,1,0,0.0,5,0,2024-04-10
1448,6,5,1,0,0.0,4,1,2024-04-17
1455,6,5,1,0,0.0,2,3,2024-05-15
1458,6,5,1,0,0.0,0,5,2024-06-01
1459,13,0,13,0,0.0,0,0,2024-06-06
1461,13,0,13,0,0.0,0,0,2024-06-11
1467,13,13,0,0,0.0,8,5,2024-07-10
1474,6,5,1,0,0.0,2,3,2024-08-14
1477,5,0,5,0,0.0,0,0,2024-08-28
1482,4,0,4,0,0.0,0,0,2024-09-18
1493,13,0,13,0,0.0,0,0,2024-11-15
1495,13,0,13,0,0.0,0,0,2024-11-23
1498,13,0,13,0,0.0,0,0,2024-11-30
1500,12,0,12,0,0.0,0,0,2024-12-07
1502,13,0,13,0,0.0,0,0,2024-12-14
1503,13,0,13,0,0.0,0,0,2024-12-21
1504,6,0,6,0,0.0,0,0,2024-12-21
1505,6,0,6,0,0.0,0,0,2024-12-26
1506,6,0,6,0,0.0,0,0,2024-12-29
1507,6,0,6,0,0.0,0,0,2025-01-04
1508,13,0,13,0,0.0,0,0,2025-01-15
1509,13,0,13,0,0.0,0,0,2025-01-18
1511,13,0,13,0,0.0,0,0,2025-01-25
1513,13,0,13,0,0.0,0,0,2025-02-01
1514,6,0,6,0,0.0,0,0,2025-02-01
1521,13,13,0,0,0.0,13,0,2025-03-20
1523,13,13,0,0,0.0,5,8,2025-03-26
1527,6,5,1,1,0.2,3,1,2025-04-04
1530,6,5,1,0,0.0,4,1,2025-04-09
1536,6,0,6,0,0.0,0,0,2025-04-30
1538,6,0,6,0,0.0,0,0,2025-05-07
1540,6,5,1,0,0.0,2,3,2025-05-14
1543,5,0,5,0,0.0,0,0,2025-05-31
1544,13,0,13,0,0.0,0,0,2025-06-06
1546,13,0,13,0,0.0,0,0,2025-06-10
1549,2,0,2,0,0.0,0,0,0001-06-25
1553,13,13,0,0,0.0,13,0,2025-07-16
1555,6,0,6,0,0.0,0,0,2025-07-14
1557,6,5,1,0,0.0,1,4,2025-07-30
1559,2,0,2,0,0.0,0,0,0001-08-11
1561,2,0,2,0,0.0,0,0,0001-08-20
1563,5,0,5,0,0.0,0,0,2025-08-20
1565,6,0,6,0,0.0,0,0,2025-08-27
1567,13,0,13,0,0.0,0,0,2025-09-09
1575,2,0,2,0,0.0,0,0,0001-10-08
1576,13,0,13,0,0.0,0,0,2025-10-10
1578,13,0,13,0,0.0,0,0,2025-10-13
1579,2,0,2,0,0.0,0,0,0001-10-17
1586,13,0,13,0,0.0,0,0,2025-11-14
1588,13,0,13,0,0.0,0,0,2025-11-18
1593,13,0,13,0,0.0,0,0,2025-12-06
1595,13,0,13,0,0.0,0,0,2025-12-13
1596,13,0,13,0,0.0,0,0,2025-12-20
1597,6,0,6,0,0.0,0,0,2025-12-20
1598,6,0,6,0,0.0,0,0,2025-12-26
1599,6,0,6,0,0.0,0,0,2025-12-29
1600,5,0,5,0,0.0,0,0,0001-01-04
1601,6,0,6,0,0.0,0,0,2025-12-30
