round_no,match_no,home_team,away_team,reason,kickoff_at,date_distance_days,closest_prediction_date
1276,1,レヴァー,ウニオン,out_of_v6_jleague_scope,2022-01-08,,
1276,2,フライブル,ビーレフェ,out_of_v6_jleague_scope,2022-01-08,,
1276,3,フュルト,シュツット,out_of_v6_jleague_scope,2022-01-08,,
1276,4,フランクフル,ドルト,out_of_v6_jleague_scope,2022-01-09,,
1276,5,ボーフム,ヴォルフス,out_of_v6_jleague_scope,2022-01-10,,
1276,6,ヴォルフス,0,out_of_v6_jleague_scope,2022-01-01,,
1277,1,ヴォルフス,ヘルタ,out_of_v6_jleague_scope,2022-01-15,,
1277,2,シュツット,ライプツィ,out_of_v6_jleague_scope,2022-01-15,,
1277,3,ケルン,バイエルン,out_of_v6_jleague_scope,2022-01-15,,
1277,4,メンヘン,レヴァー,out_of_v6_jleague_scope,2022-01-16,,
1277,5,ビーレフェ,フュルト,out_of_v6_jleague_scope,2022-01-17,,
1277,6,フランクフル,1,out_of_v6_jleague_scope,2022-01-08,,
1278,1,レヴァー,アウグス,out_of_v6_jleague_scope,2022-01-22,,
1278,2,フライブル,シュツット,out_of_v6_jleague_scope,2022-01-22,,
1278,3,ホッフェン,ドルト,out_of_v6_jleague_scope,2022-01-22,,
1278,4,フュルト,マインツ,out_of_v6_jleague_scope,2022-01-22,,
1278,5,ライプツィ,ヴォルフス,out_of_v6_jleague_scope,2022-01-23,,
1279,1,エクアドル,ブラジル,out_of_v6_jleague_scope,2022-01-28,,
1279,2,アルゼンチ,コロンビア,out_of_v6_jleague_scope,2022-02-02,,
1279,3,ブラジル,パラグア,out_of_v6_jleague_scope,2022-02-02,,
1279,4,チリ,アルゼンチ,out_of_v6_jleague_scope,2022-01-28,,
1279,5,コロンビア,ペルー,out_of_v6_jleague_scope,2022-01-29,,
1279,6,レバノン,イラク,out_of_v6_jleague_scope,2022-02-01,,
1279,7,エクアドル,ブラジル,out_of_v6_jleague_scope,2022-01-28,,
1279,8,アルゼンチ,コロンビア,out_of_v6_jleague_scope,2022-02-02,,
1279,9,ブラジル,パラグア,out_of_v6_jleague_scope,2022-02-02,,
1279,10,チリ,アルゼンチ,out_of_v6_jleague_scope,2022-01-28,,
1279,11,コロンビア,ペルー,out_of_v6_jleague_scope,2022-01-29,,
1279,12,ウルグアイ,ベネズエ,out_of_v6_jleague_scope,2022-02-02,,
1279,13,ボリビア,チリ,out_of_v6_jleague_scope,2022-02-02,,
1280,1,マインツ,ホッフェン,out_of_v6_jleague_scope,2022-02-05,,
1280,2,ビーレフェ,メンヘン,out_of_v6_jleague_scope,2022-02-05,,
1280,3,ケルン,フライブル,out_of_v6_jleague_scope,2022-02-05,,
1280,4,バイエルン,ライプツィ,out_of_v6_jleague_scope,2022-02-06,,
1280,5,ヴォルフス,フュルト,out_of_v6_jleague_scope,2022-02-07,,
1281,1,ニュカッスル,エヴァトン,out_of_v6_jleague_scope,2022-02-09,,
1281,2,マンC,ブレント,out_of_v6_jleague_scope,2022-02-10,,
1281,3,ノーウィッチ,クリスタル,out_of_v6_jleague_scope,2022-02-10,,
1281,4,トテナム,サウザン,out_of_v6_jleague_scope,2022-02-10,,
1281,5,アストン,リーズ,out_of_v6_jleague_scope,2022-02-10,,
1281,6,マンU,1,out_of_v6_jleague_scope,2022-02-05,,
1282,1,メンヘン,アウグス,out_of_v6_jleague_scope,2022-02-12,,
1282,2,フライブル,マインツ,out_of_v6_jleague_scope,2022-02-12,,
1282,3,フュルト,ヘルタ,out_of_v6_jleague_scope,2022-02-12,,
1282,4,レヴァー,シュツット,out_of_v6_jleague_scope,2022-02-13,,
1282,5,ホッフェン,ビーレフェ,out_of_v6_jleague_scope,2022-02-14,,
1284,1,横浜M,川崎,out_of_v6_jleague_scope,2022-02-23,,
1284,2,徳島,広島,no_exact_pair_match,2022-02-23,,
1284,3,京都,柏,date_distance_gt_window,2022-02-23,164.0,2022-08-06
1284,4,名古屋,清水,date_distance_gt_window,2022-02-23,137.0,2022-07-10
1284,5,湘南,福岡,date_distance_gt_window,2022-02-23,143.0,2022-07-16
1284,6,札幌,2,out_of_v6_jleague_scope,2022-02-16,,
1285,4,柏,横浜M,out_of_v6_jleague_scope,2022-02-27,,
1285,9,柏,横浜M,out_of_v6_jleague_scope,2022-02-27,,
1286,1,鹿島,C大阪,date_distance_gt_window,2022-03-02,126.0,2022-07-06
1286,2,大分,G大阪,no_exact_pair_match,2022-03-02,,
1286,3,広島,名古屋,date_distance_gt_window,2022-03-02,87.0,2022-05-28
1286,4,柏,札幌,date_distance_gt_window,2022-03-02,136.0,2022-07-16
1286,5,磐田,湘南,date_distance_gt_window,2022-03-02,150.0,2022-07-30
1286,6,F東京,0,out_of_v6_jleague_scope,2022-02-23,,
1287,1,横浜M,清水,out_of_v6_jleague_scope,2022-03-06,,
1287,6,横浜M,清水,out_of_v6_jleague_scope,2022-03-06,,
1288,2,川崎,名古屋,out_of_v6_jleague_scope,2022-03-12,,
1288,7,川崎,名古屋,out_of_v6_jleague_scope,2022-03-12,,
1290,1,ウルグアイ,ペルー,out_of_v6_jleague_scope,2022-03-25,,
1290,2,コロンビア,ボリビア,out_of_v6_jleague_scope,2022-03-25,,
1290,3,ブラジル,チリ,out_of_v6_jleague_scope,2022-03-25,,
1290,4,パラグア,エクアドル,out_of_v6_jleague_scope,2022-03-25,,
1290,5,イタリア,北マケ,out_of_v6_jleague_scope,2022-03-25,,
1290,6,中国,サウジ,out_of_v6_jleague_scope,2022-03-25,,
1290,7,ウルグアイ,ペルー,out_of_v6_jleague_scope,2022-03-25,,
1290,8,コロンビア,ボリビア,out_of_v6_jleague_scope,2022-03-25,,
1290,9,ブラジル,チリ,out_of_v6_jleague_scope,2022-03-25,,
1290,10,パラグア,エクアドル,out_of_v6_jleague_scope,2022-03-25,,
1290,11,イタリア,北マケ,out_of_v6_jleague_scope,2022-03-25,,
1290,12,ポルトガ,トルコ,out_of_v6_jleague_scope,2022-03-25,,
1290,13,スウェデン,チェコ,out_of_v6_jleague_scope,2022-03-25,,
1291,1,名古屋,徳島,no_exact_pair_match,2022-03-26,,
1291,2,広島,清水,date_distance_gt_window,2022-03-26,161.0,2022-09-03
1291,3,F東京,湘南,out_of_v6_jleague_scope,2022-03-26,,
1291,5,甲府,横浜C,out_of_v6_jleague_scope,2022-03-26,,
1291,6,名古屋,徳島,no_exact_pair_match,2022-03-26,,
1291,7,広島,清水,date_distance_gt_window,2022-03-26,161.0,2022-09-03
1291,8,F東京,湘南,out_of_v6_jleague_scope,2022-03-26,,
1291,10,甲府,横浜C,out_of_v6_jleague_scope,2022-03-26,,
1292,3,横浜M,F東京,out_of_v6_jleague_scope,2022-04-02,,
1292,8,横浜M,F東京,out_of_v6_jleague_scope,2022-04-02,,
1293,2,磐田,川崎,out_of_v6_jleague_scope,2022-04-06,,
1293,3,広島,横浜M,out_of_v6_jleague_scope,2022-04-06,,
1293,4,F東京,神戸,out_of_v6_jleague_scope,2022-04-06,,
1293,6,横浜M,0,out_of_v6_jleague_scope,2022-03-30,,
1294,1,川崎,柏,out_of_v6_jleague_scope,2022-04-09,,
1294,2,鹿島,横浜M,out_of_v6_jleague_scope,2022-04-10,,
1294,6,川崎,柏,out_of_v6_jleague_scope,2022-04-09,,
1294,7,鹿島,横浜M,out_of_v6_jleague_scope,2022-04-10,,
1295,1,京都,札幌,date_distance_gt_window,2022-04-13,80.0,2022-07-02
1295,2,鳥栖,柏,date_distance_gt_window,2022-04-13,88.0,2022-07-10
1295,3,湘南,F東京,out_of_v6_jleague_scope,2022-04-13,,
1295,4,徳島,清水,date_distance_gt_window,2022-04-13,385.0,2023-05-03
1295,5,福岡,磐田,date_distance_gt_window,2022-04-13,53.0,2022-02-19
1295,6,F東京,1,out_of_v6_jleague_scope,2022-04-06,,
1296,13,横浜C,仙台,out_of_v6_jleague_scope,2022-04-17,,
1297,1,広島,徳島,no_exact_pair_match,2022-04-23,,
1297,2,鳥栖,京都,date_distance_gt_window,2022-04-23,161.0,2022-10-01
1297,3,磐田,F東京,out_of_v6_jleague_scope,2022-04-23,,
1297,6,広島,徳島,no_exact_pair_match,2022-04-23,,
1297,7,鳥栖,京都,date_distance_gt_window,2022-04-23,161.0,2022-10-01
1297,8,磐田,F東京,out_of_v6_jleague_scope,2022-04-23,,
1299,5,横浜C,熊本,out_of_v6_jleague_scope,2022-05-04,,
1299,10,横浜C,熊本,out_of_v6_jleague_scope,2022-05-04,,
1300,3,F東京,鳥栖,out_of_v6_jleague_scope,2022-05-08,,
1300,8,F東京,鳥栖,out_of_v6_jleague_scope,2022-05-08,,
1301,2,川崎,福岡,out_of_v6_jleague_scope,2022-05-14,,
1301,7,川崎,福岡,out_of_v6_jleague_scope,2022-05-14,,
1301,13,横浜C,徳島,out_of_v6_jleague_scope,2022-05-15,,
1302,1,G大阪,鹿島,date_distance_gt_window,2022-05-18,88.0,2022-02-19
1302,2,清水,広島,date_distance_gt_window,2022-05-18,19.0,2022-04-29
1302,3,札幌,鳥栖,date_distance_gt_window,2022-05-18,94.0,2022-08-20
1302,4,柏,京都,date_distance_gt_window,2022-05-18,31.0,2022-04-17
1302,5,F東京,福岡,out_of_v6_jleague_scope,2022-05-18,,
1302,6,名古屋,2,out_of_v6_jleague_scope,2022-05-11,,
1303,3,福岡,横浜M,out_of_v6_jleague_scope,2022-05-21,,
1303,8,福岡,横浜M,out_of_v6_jleague_scope,2022-05-21,,
1304,2,横浜M,京都,out_of_v6_jleague_scope,2022-05-25,,
1304,7,横浜M,京都,out_of_v6_jleague_scope,2022-05-25,,
1305,3,京都,川崎,out_of_v6_jleague_scope,2022-05-29,,
1305,4,F東京,鹿島,out_of_v6_jleague_scope,2022-05-29,,
1305,8,京都,川崎,out_of_v6_jleague_scope,2022-05-29,,
1305,9,F東京,鹿島,out_of_v6_jleague_scope,2022-05-29,,
1306,1,町田,岩手,date_distance_gt_window,2022-06-01,94.0,2022-02-27
1306,2,琉球,大宮,date_distance_gt_window,2022-06-01,46.0,2022-07-17
1306,3,岡山,栃木,date_distance_gt_window,2022-06-01,46.0,2022-07-17
1306,4,水戸,山口,date_distance_gt_window,2022-06-01,39.0,2022-04-23
1306,5,山形,群馬,date_distance_gt_window,2022-06-01,52.0,2022-07-23
1306,6,町田,岩手,date_distance_gt_window,2022-06-01,94.0,2022-02-27
1306,7,琉球,大宮,date_distance_gt_window,2022-06-01,46.0,2022-07-17
1306,8,岡山,栃木,date_distance_gt_window,2022-06-01,46.0,2022-07-17
1306,9,水戸,山口,date_distance_gt_window,2022-06-01,39.0,2022-04-23
1306,10,山形,群馬,date_distance_gt_window,2022-06-01,52.0,2022-07-23
1306,11,東京V,秋田,date_distance_gt_window,2022-06-01,105.0,2022-09-14
1306,12,千葉,金沢,date_distance_gt_window,2022-06-01,101.0,2022-09-10
1306,13,長崎,鹿児島,date_distance_gt_window,2022-06-01,879.0,2024-10-27
1307,11,横浜C,東京V,out_of_v6_jleague_scope,2022-06-05,,
1309,1,湘南,F東京,out_of_v6_jleague_scope,2022-06-18,,
1309,6,湘南,F東京,out_of_v6_jleague_scope,2022-06-18,,
1310,1,福岡,岩手,no_exact_pair_match,2022-06-22,,
1310,2,F東京,長崎,out_of_v6_jleague_scope,2022-06-22,,
1310,3,神戸,山口,no_exact_pair_match,2022-06-22,,
1310,4,浦和,群馬,no_exact_pair_match,2022-06-22,,
1310,5,川崎,東京V,out_of_v6_jleague_scope,2022-06-22,,
1310,6,福岡,岩手,no_exact_pair_match,2022-06-22,,
1310,7,F東京,長崎,out_of_v6_jleague_scope,2022-06-22,,
1310,8,神戸,山口,no_exact_pair_match,2022-06-22,,
1310,9,浦和,群馬,no_exact_pair_match,2022-06-22,,
1310,10,川崎,東京V,out_of_v6_jleague_scope,2022-06-22,,
1310,11,柏,徳島,no_exact_pair_match,2022-06-22,,
1310,12,広島,横浜C,out_of_v6_jleague_scope,2022-06-22,,
1310,13,鹿島,大宮,no_exact_pair_match,2022-06-22,,
1311,1,川崎,磐田,out_of_v6_jleague_scope,2022-06-25,,
1311,4,鳥栖,F東京,out_of_v6_jleague_scope,2022-06-26,,
1311,6,川崎,磐田,out_of_v6_jleague_scope,2022-06-25,,
1311,9,鳥栖,F東京,out_of_v6_jleague_scope,2022-06-26,,
1313,3,F東京,札幌,out_of_v6_jleague_scope,2022-07-06,,
1314,3,浦和,F東京,out_of_v6_jleague_scope,2022-07-10,,
1314,8,浦和,F東京,out_of_v6_jleague_scope,2022-07-10,,
1314,11,徳島,横浜C,out_of_v6_jleague_scope,2022-07-10,,
1315,1,名古屋,1,out_of_v6_jleague_scope,2022-07-13,,
1315,2,C大阪,2,out_of_v6_jleague_scope,2022-07-06,,
1315,3,鹿島,2,out_of_v6_jleague_scope,2022-07-13,,
1315,4,G大阪,0,out_of_v6_jleague_scope,2022-07-06,,
1315,5,神戸,2,out_of_v6_jleague_scope,2022-07-13,,
1315,6,柏,1,out_of_v6_jleague_scope,2022-07-06,,
1316,3,F東京,磐田,out_of_v6_jleague_scope,2022-07-17,,
1316,8,F東京,磐田,out_of_v6_jleague_scope,2022-07-17,,
1317,4,東京V,横浜C,out_of_v6_jleague_scope,2022-07-24,,
1317,6,群馬,1,out_of_v6_jleague_scope,2022-07-16,,
1317,10,東京V,横浜C,out_of_v6_jleague_scope,2022-07-24,,
1317,13,Y横浜,富山,out_of_v6_jleague_scope,2022-07-24,,
1318,1,横浜M,鹿島,out_of_v6_jleague_scope,2022-07-30,,
1318,6,横浜M,鹿島,out_of_v6_jleague_scope,2022-07-30,,
1319,1,C大阪,1,out_of_v6_jleague_scope,2022-08-03,,
1319,2,川崎,1,out_of_v6_jleague_scope,2022-07-27,,
1319,4,横浜M,1,out_of_v6_jleague_scope,2022-07-27,,
1319,5,名古屋,1,out_of_v6_jleague_scope,2022-08-03,,
1319,6,浦和,1,out_of_v6_jleague_scope,2022-07-27,,
1320,1,F東京,清水,out_of_v6_jleague_scope,2022-08-07,,
1320,2,川崎,横浜M,out_of_v6_jleague_scope,2022-08-07,,
1320,6,F東京,清水,out_of_v6_jleague_scope,2022-08-07,,
1320,7,川崎,横浜M,out_of_v6_jleague_scope,2022-08-07,,
1321,1,川崎,2,out_of_v6_jleague_scope,2022-08-10,,
1321,2,C大阪,2,out_of_v6_jleague_scope,2022-08-03,,
1321,3,福岡,1,out_of_v6_jleague_scope,2022-08-10,,
1321,4,神戸,0,out_of_v6_jleague_scope,2022-08-03,,
1321,6,名古屋,0,out_of_v6_jleague_scope,2022-08-03,,
1323,5,福岡,川崎,out_of_v6_jleague_scope,2022-08-20,,
1324,4,町田,横浜C,out_of_v6_jleague_scope,2022-08-27,,
1324,5,川崎,鹿島,out_of_v6_jleague_scope,2022-08-27,,
1324,9,町田,横浜C,out_of_v6_jleague_scope,2022-08-27,,
1325,2,F東京,横浜M,out_of_v6_jleague_scope,2022-09-03,,
1325,4,山口,横浜C,out_of_v6_jleague_scope,2022-09-03,,
1325,7,F東京,横浜M,out_of_v6_jleague_scope,2022-09-03,,
1325,9,山口,横浜C,out_of_v6_jleague_scope,2022-09-03,,
1326,1,川崎,広島,out_of_v6_jleague_scope,2022-09-10,,
1326,6,川崎,広島,out_of_v6_jleague_scope,2022-09-10,,
1335,1,マンC,ブレント,out_of_v6_jleague_scope,2022-11-12,,
1335,2,トテナム,リーズ,out_of_v6_jleague_scope,2022-11-13,,
1335,3,ウルヴァー,アーセナル,out_of_v6_jleague_scope,2022-11-13,,
1335,4,リヴァプ,サウザン,out_of_v6_jleague_scope,2022-11-13,,
1335,5,ニュカッスル,チェルシー,out_of_v6_jleague_scope,2022-11-13,,
1335,6,ブレーメン,ライプツィ,out_of_v6_jleague_scope,2022-11-12,,
1335,7,マンC,ブレント,out_of_v6_jleague_scope,2022-11-12,,
1335,8,トテナム,リーズ,out_of_v6_jleague_scope,2022-11-13,,
1335,9,ウルヴァー,アーセナル,out_of_v6_jleague_scope,2022-11-13,,
1335,10,リヴァプ,サウザン,out_of_v6_jleague_scope,2022-11-13,,
1335,11,ニュカッスル,チェルシー,out_of_v6_jleague_scope,2022-11-13,,
1335,12,ボンマウス,エヴァトン,out_of_v6_jleague_scope,2022-11-13,,
1335,13,ウェストハム,レスター,out_of_v6_jleague_scope,2022-11-13,,
1336,1,セネガル,オランダ,out_of_v6_jleague_scope,2022-11-22,,
1336,2,アメリカ,ウェールズ,out_of_v6_jleague_scope,2022-11-22,,
1336,3,メキシコ,ポーラン,out_of_v6_jleague_scope,2022-11-23,,
1336,4,ウルグアイ,韓国,out_of_v6_jleague_scope,2022-11-24,,
1336,5,スイス,カメルーン,out_of_v6_jleague_scope,2022-11-24,,
1336,6,セネガル,オランダ,out_of_v6_jleague_scope,2022-11-22,,
1336,7,アメリカ,ウェールズ,out_of_v6_jleague_scope,2022-11-22,,
1336,8,メキシコ,ポーラン,out_of_v6_jleague_scope,2022-11-23,,
1336,9,ウルグアイ,韓国,out_of_v6_jleague_scope,2022-11-24,,
1336,10,スイス,カメルーン,out_of_v6_jleague_scope,2022-11-24,,
1336,11,ベルギー,カナダ,out_of_v6_jleague_scope,2022-11-24,,
1336,12,フランス,オーストラリ,out_of_v6_jleague_scope,2022-11-23,,
1336,13,スペイン,コスタリカ,out_of_v6_jleague_scope,2022-11-24,,
1337,1,カタール,セネガル,out_of_v6_jleague_scope,2022-11-25,,
1337,2,オランダ,エクアドル,out_of_v6_jleague_scope,2022-11-26,,
1337,3,チュニジア,オーストラリ,out_of_v6_jleague_scope,2022-11-26,,
1337,4,クロアチア,カナダ,out_of_v6_jleague_scope,2022-11-28,,
1337,5,韓国,ガーナ,out_of_v6_jleague_scope,2022-11-28,,
1337,6,カタール,セネガル,out_of_v6_jleague_scope,2022-11-25,,
1337,7,オランダ,エクアドル,out_of_v6_jleague_scope,2022-11-26,,
1337,8,チュニジア,オーストラリ,out_of_v6_jleague_scope,2022-11-26,,
1337,9,クロアチア,カナダ,out_of_v6_jleague_scope,2022-11-28,,
1337,10,韓国,ガーナ,out_of_v6_jleague_scope,2022-11-28,,
1337,11,イングラン,アメリカ,out_of_v6_jleague_scope,2022-11-26,,
1337,12,アルゼンチ,メキシコ,out_of_v6_jleague_scope,2022-11-27,,
1337,13,ブラジル,スイス,out_of_v6_jleague_scope,2022-11-29,,
1338,1,ウェールズ,イングラン,out_of_v6_jleague_scope,2022-11-30,,
1338,2,イラン,アメリカ,out_of_v6_jleague_scope,2022-11-30,,
1338,3,オーストラリ,デンマーク,out_of_v6_jleague_scope,2022-12-01,,
1338,4,サウジ,メキシコ,out_of_v6_jleague_scope,2022-12-01,,
1338,5,セルビア,スイス,out_of_v6_jleague_scope,2022-12-03,,
1338,6,ウェールズ,イングラン,out_of_v6_jleague_scope,2022-11-30,,
1338,7,イラン,アメリカ,out_of_v6_jleague_scope,2022-11-30,,
1338,8,オーストラリ,デンマーク,out_of_v6_jleague_scope,2022-12-01,,
1338,9,サウジ,メキシコ,out_of_v6_jleague_scope,2022-12-01,,
1338,10,セルビア,スイス,out_of_v6_jleague_scope,2022-12-03,,
1338,11,オランダ,カタール,out_of_v6_jleague_scope,2022-11-30,,
1338,12,韓国,ポルトガ,out_of_v6_jleague_scope,2022-12-03,,
1338,13,コスタリカ,ドイツ,out_of_v6_jleague_scope,2022-12-02,,
1341,1,ブレント,トテナム,out_of_v6_jleague_scope,2022-12-26,,
1341,2,レスター,ニュカッスル,out_of_v6_jleague_scope,2022-12-27,,
1341,3,サウザン,ブライトン,out_of_v6_jleague_scope,2022-12-27,,
1341,4,アストン,リヴァプ,out_of_v6_jleague_scope,2022-12-27,,
1341,5,アーセナル,ウェストハム,out_of_v6_jleague_scope,2022-12-27,,
1341,6,ウェストハム,1,out_of_v6_jleague_scope,2022-12-16,,
1343,1,トテナム,0,out_of_v6_jleague_scope,2023-01-01,,
1343,2,アストン,2,out_of_v6_jleague_scope,2022-12-29,,
1343,3,ノッティン,1,out_of_v6_jleague_scope,2023-01-02,,
1343,4,チェルシー,1,out_of_v6_jleague_scope,2022-12-29,,
1343,6,リヴァプ,1,out_of_v6_jleague_scope,2022-12-29,,
1344,1,サウザン,ノッティン,out_of_v6_jleague_scope,2023-01-05,,
1344,2,リーズ,ウェストハム,out_of_v6_jleague_scope,2023-01-05,,
1344,3,アストン,ウルヴァー,out_of_v6_jleague_scope,2023-01-05,,
1344,4,クリスタル,トテナム,out_of_v6_jleague_scope,2023-01-05,,
1344,5,チェルシー,マンC,out_of_v6_jleague_scope,2023-01-06,,
1344,6,マンC,1,out_of_v6_jleague_scope,2023-01-01,,
1345,1,ニュカッスル,フラム,out_of_v6_jleague_scope,2023-01-15,,
1345,2,エヴァトン,サウザン,out_of_v6_jleague_scope,2023-01-15,,
1345,3,ノッティン,レスター,out_of_v6_jleague_scope,2023-01-15,,
1345,4,ウルヴァー,ウェストハム,out_of_v6_jleague_scope,2023-01-15,,
1345,5,ブレント,ボンマウス,out_of_v6_jleague_scope,2023-01-15,,
1345,6,アーセナル,2,out_of_v6_jleague_scope,2023-01-04,,
1346,1,アーセナル,マンU,out_of_v6_jleague_scope,2023-01-23,,
1346,2,レスター,ブライトン,out_of_v6_jleague_scope,2023-01-22,,
1346,3,マンC,ウルヴァー,out_of_v6_jleague_scope,2023-01-22,,
1346,4,クリスタル,ニュカッスル,out_of_v6_jleague_scope,2023-01-22,,
1346,5,リヴァプ,チェルシー,out_of_v6_jleague_scope,2023-01-21,,
1346,6,ボーフム,ヘルタ,out_of_v6_jleague_scope,2023-01-21,,
1346,7,ケルン,ブレーメン,out_of_v6_jleague_scope,2023-01-22,,
1346,8,ドルト,アウグス,out_of_v6_jleague_scope,2023-01-22,,
1346,9,アーセナル,マンU,out_of_v6_jleague_scope,2023-01-23,,
1346,10,レスター,ブライトン,out_of_v6_jleague_scope,2023-01-22,,
1346,11,マンC,ウルヴァー,out_of_v6_jleague_scope,2023-01-22,,
1346,12,クリスタル,ニュカッスル,out_of_v6_jleague_scope,2023-01-22,,
1346,13,リヴァプ,チェルシー,out_of_v6_jleague_scope,2023-01-21,,
1347,1,フライブル,アウグス,out_of_v6_jleague_scope,2023-01-28,,
1347,2,ホッフェン,メンヘン,out_of_v6_jleague_scope,2023-01-28,,
1347,3,ヘルタ,ウニオン,out_of_v6_jleague_scope,2023-01-28,,
1347,4,バイエルン,フランクフル,out_of_v6_jleague_scope,2023-01-29,,
1347,5,シャルケ,ケルン,out_of_v6_jleague_scope,2023-01-29,,
1347,6,ケルン,0,out_of_v6_jleague_scope,2023-01-21,,
1348,1,エヴァトン,アーセナル,out_of_v6_jleague_scope,2023-02-04,,
1348,2,ブライトン,ボンマウス,out_of_v6_jleague_scope,2023-02-05,,
1348,3,ニュカッスル,ウェストハム,out_of_v6_jleague_scope,2023-02-05,,
1348,4,マンU,クリスタル,out_of_v6_jleague_scope,2023-02-05,,
1348,5,ウルヴァー,リヴァプ,out_of_v6_jleague_scope,2023-02-05,,
1348,6,ケルン,ライプツィ,out_of_v6_jleague_scope,2023-02-04,,
1348,7,エヴァトン,アーセナル,out_of_v6_jleague_scope,2023-02-04,,
1348,8,ブライトン,ボンマウス,out_of_v6_jleague_scope,2023-02-05,,
1348,9,ニュカッスル,ウェストハム,out_of_v6_jleague_scope,2023-02-05,,
1348,10,マンU,クリスタル,out_of_v6_jleague_scope,2023-02-05,,
1348,11,ウルヴァー,リヴァプ,out_of_v6_jleague_scope,2023-02-05,,
1348,12,ブレント,サウザン,out_of_v6_jleague_scope,2023-02-05,,
1348,13,アストン,レスター,out_of_v6_jleague_scope,2023-02-05,,
1349,1,アーセナル,ブレント,out_of_v6_jleague_scope,2023-02-12,,
1349,2,クリスタル,ブライトン,out_of_v6_jleague_scope,2023-02-12,,
1349,3,レスター,トテナム,out_of_v6_jleague_scope,2023-02-12,,
1349,4,ボンマウス,ニュカッスル,out_of_v6_jleague_scope,2023-02-12,,
1349,5,フラム,ノッティン,out_of_v6_jleague_scope,2023-02-12,,
1349,6,マインツ,アウグス,out_of_v6_jleague_scope,2023-02-11,,
1349,7,ホッフェン,レヴァー,out_of_v6_jleague_scope,2023-02-11,,
1349,8,アーセナル,ブレント,out_of_v6_jleague_scope,2023-02-12,,
1349,9,クリスタル,ブライトン,out_of_v6_jleague_scope,2023-02-12,,
1349,10,レスター,トテナム,out_of_v6_jleague_scope,2023-02-12,,
1349,11,ボンマウス,ニュカッスル,out_of_v6_jleague_scope,2023-02-12,,
1349,12,フラム,ノッティン,out_of_v6_jleague_scope,2023-02-12,,
1349,13,ウェストハム,チェルシー,out_of_v6_jleague_scope,2023-02-11,,
1354,1,鳥栖,札幌,date_distance_gt_window,2023-03-08,94.0,2023-06-10
1354,2,湘南,浦和,date_distance_gt_window,2023-03-08,170.0,2023-08-25
1354,3,神戸,名古屋,date_distance_gt_window,2023-03-08,179.0,2022-09-10
1354,4,柏,鹿島,date_distance_gt_window,2023-03-08,32.0,2023-04-09
1354,5,京都,G大阪,date_distance_gt_window,2023-03-08,38.0,2023-04-15
1354,6,FC東京,0,out_of_v6_jleague_scope,2023-03-01,,
1357,1,横浜FC,神戸,date_distance_gt_window,2023-03-26,133.0,2023-08-06
1357,2,鳥栖,横浜FM,date_distance_gt_window,2023-03-26,38.0,2023-05-03
1357,3,浦和,清水,date_distance_gt_window,2023-03-26,354.0,2022-04-06
1357,4,G大阪,C大阪,date_distance_gt_window,2023-03-26,38.0,2023-05-03
1357,6,FC東京,京都,date_distance_gt_window,2023-03-26,139.0,2023-08-12
1357,7,横浜FC,神戸,date_distance_gt_window,2023-03-26,133.0,2023-08-06
1357,8,鳥栖,横浜FM,date_distance_gt_window,2023-03-26,38.0,2023-05-03
1357,9,浦和,清水,date_distance_gt_window,2023-03-26,354.0,2022-04-06
1357,10,G大阪,C大阪,date_distance_gt_window,2023-03-26,38.0,2023-05-03
1359,1,湘南,清水,date_distance_gt_window,2023-04-05,337.0,2022-05-03
1359,2,鹿島,福岡,date_distance_gt_window,2023-04-05,24.0,2023-03-12
1359,3,京都,C大阪,date_distance_gt_window,2023-04-05,39.0,2023-05-14
1359,4,G大阪,FC東京,date_distance_gt_window,2023-04-05,67.0,2023-06-11
1359,5,名古屋,横浜FC,date_distance_gt_window,2023-04-05,150.0,2023-09-02
1359,6,柏,0,out_of_v6_jleague_scope,2023-03-29,,
1362,1,磐田,横浜FM,date_distance_gt_window,2023-04-19,325.0,2022-05-29
1362,2,川崎F,清水,date_distance_gt_window,2023-04-19,193.0,2022-10-08
1362,3,広島,神戸,date_distance_gt_window,2023-04-19,150.0,2023-09-16
1362,4,柏,新潟,date_distance_gt_window,2023-04-19,66.0,2023-06-24
1362,5,FC東京,G大阪,date_distance_gt_window,2023-04-19,165.0,2023-10-01
1362,6,湘南,1,out_of_v6_jleague_scope,2023-04-12,,
1369,1,札幌,横浜FM,date_distance_gt_window,2023-05-24,73.0,2023-03-12
1369,2,鳥栖,磐田,date_distance_gt_window,2023-05-24,290.0,2022-08-07
1369,3,横浜FC,広島,date_distance_gt_window,2023-05-24,39.0,2023-04-15
1369,4,新潟,福岡,date_distance_gt_window,2023-05-24,39.0,2023-04-15
1369,5,浦和,川崎F,date_distance_gt_window,2023-05-24,31.0,2023-06-24
1369,6,神戸,1,out_of_v6_jleague_scope,2023-05-17,,
1372,1,千葉,大宮,date_distance_gt_window,2023-06-07,39.0,2023-04-29
1372,2,徳島,いわき,date_distance_gt_window,2023-06-07,95.0,2023-09-10
1372,3,札幌,相模原,no_exact_pair_match,2023-06-07,,
1372,4,鳥栖,宮崎,no_exact_pair_match,2023-06-07,,
1372,5,水戸,山口,date_distance_gt_window,2023-06-07,10.0,2023-05-28
1372,6,千葉,大宮,date_distance_gt_window,2023-06-07,39.0,2023-04-29
1372,7,徳島,いわき,date_distance_gt_window,2023-06-07,95.0,2023-09-10
1372,8,札幌,相模原,no_exact_pair_match,2023-06-07,,
1372,9,鳥栖,宮崎,no_exact_pair_match,2023-06-07,,
1372,10,水戸,山口,date_distance_gt_window,2023-06-07,10.0,2023-05-28
1372,11,秋田,栃木,date_distance_gt_window,2023-06-07,31.0,2023-05-07
1372,12,長崎,甲府,date_distance_gt_window,2023-06-07,56.0,2023-04-12
1372,13,岡山,北九州,no_exact_pair_match,2023-06-07,,
1374,1,札幌,磐田,date_distance_gt_window,2023-06-18,280.0,2022-09-11
1374,2,清水,浦和,date_distance_gt_window,2023-06-18,337.0,2022-07-16
1374,3,鹿島,新潟,date_distance_gt_window,2023-06-18,69.0,2023-08-26
1374,4,横浜FM,鳥栖,date_distance_gt_window,2023-06-18,89.0,2023-09-15
1374,5,神戸,横浜FC,date_distance_gt_window,2023-06-18,42.0,2023-05-07
1374,6,札幌,磐田,date_distance_gt_window,2023-06-18,280.0,2022-09-11
1374,7,清水,浦和,date_distance_gt_window,2023-06-18,337.0,2022-07-16
1374,8,鹿島,新潟,date_distance_gt_window,2023-06-18,69.0,2023-08-26
1374,9,横浜FM,鳥栖,date_distance_gt_window,2023-06-18,89.0,2023-09-15
1374,10,神戸,横浜FC,date_distance_gt_window,2023-06-18,42.0,2023-05-07
1377,1,浦和,3,out_of_v6_jleague_scope,2023-06-28,,
1377,2,湘南,1,out_of_v6_jleague_scope,2023-06-21,,
1377,3,清水,0,out_of_v6_jleague_scope,2023-06-28,,
1377,4,秋田,1,out_of_v6_jleague_scope,2023-06-21,,
1377,5,磐田,1,out_of_v6_jleague_scope,2023-06-28,,
1377,6,甲府,1,out_of_v6_jleague_scope,2023-06-21,,
1381,1,名古屋,仙台,no_exact_pair_match,2023-07-12,,
1381,2,鹿島,甲府,no_exact_pair_match,2023-07-12,,
1381,3,C大阪,大宮,no_exact_pair_match,2023-07-12,,
1381,4,湘南,岡山,date_distance_gt_window,2023-07-12,690.0,2025-06-01
1381,5,川崎F,水戸,no_exact_pair_match,2023-07-12,,
1381,6,名古屋,仙台,no_exact_pair_match,2023-07-12,,
1381,7,鹿島,甲府,no_exact_pair_match,2023-07-12,,
1381,8,C大阪,大宮,no_exact_pair_match,2023-07-12,,
1381,9,湘南,岡山,date_distance_gt_window,2023-07-12,690.0,2025-06-01
1381,10,川崎F,水戸,no_exact_pair_match,2023-07-12,,
1381,11,FC東京,東京V,date_distance_gt_window,2023-07-12,402.0,2024-08-17
1381,12,鳥栖,熊本,date_distance_gt_window,2023-07-12,801.0,2025-09-20
1385,1,名古屋,浦和,date_distance_gt_window,2023-08-02,115.0,2023-04-09
1385,2,C大阪,湘南,date_distance_gt_window,2023-08-02,59.0,2023-09-30
1385,3,柏,札幌,date_distance_gt_window,2023-08-02,60.0,2023-06-03
1385,4,甲府,神戸,no_exact_pair_match,2023-08-02,,
1385,5,栃木,福岡,no_exact_pair_match,2023-08-02,,
1385,6,札幌,0,out_of_v6_jleague_scope,2023-07-26,,
1391,1,新潟,1,out_of_v6_jleague_scope,2023-08-30,,
1391,2,川崎F,1,out_of_v6_jleague_scope,2023-08-23,,
1391,4,湘南,1,out_of_v6_jleague_scope,2023-08-23,,
1391,5,柏,2,out_of_v6_jleague_scope,2023-08-30,,
1391,6,名古屋,0,out_of_v6_jleague_scope,2023-08-23,,
1393,1,FC東京,1,out_of_v6_jleague_scope,2023-09-06,,
1393,2,福岡,0,out_of_v6_jleague_scope,2023-08-30,,
1393,3,G大阪,0,out_of_v6_jleague_scope,2023-09-06,,
1393,4,浦和,1,out_of_v6_jleague_scope,2023-08-30,,
1393,5,名古屋,1,out_of_v6_jleague_scope,2023-09-06,,
1393,6,鹿島,1,out_of_v6_jleague_scope,2023-08-30,,
1398,1,横浜FM,0,out_of_v6_jleague_scope,2023-09-29,,
1398,2,神戸,2,out_of_v6_jleague_scope,2023-09-22,,
1398,3,川崎F,2,out_of_v6_jleague_scope,2023-09-29,,
1398,5,浦和,1,out_of_v6_jleague_scope,2023-09-29,,
1398,6,横浜FC,1,out_of_v6_jleague_scope,2023-09-22,,
1403,1,川崎F,3,out_of_v6_jleague_scope,2023-10-20,,
1403,2,福岡,2,out_of_v6_jleague_scope,2023-10-13,,
1403,3,浦和,2,out_of_v6_jleague_scope,2023-10-20,,
1403,4,柏,0,out_of_v6_jleague_scope,2023-10-13,,
1403,5,甲府,1,out_of_v6_jleague_scope,2023-10-20,,
1403,6,長崎,1,out_of_v6_jleague_scope,2023-10-13,,
1408,1,オーストラリ,バングラ,out_of_v6_jleague_scope,2023-11-16,,
1408,2,フィリピン,ベトナム,out_of_v6_jleague_scope,2023-11-16,,
1408,3,韓国,シンガポ,out_of_v6_jleague_scope,2023-11-16,,
1408,4,マレーシア,キルギス,out_of_v6_jleague_scope,2023-11-16,,
1408,5,トルクメニス,ウズベキ,out_of_v6_jleague_scope,2023-11-16,,
1408,6,オーストラリ,バングラ,out_of_v6_jleague_scope,2023-11-16,,
1408,7,フィリピン,ベトナム,out_of_v6_jleague_scope,2023-11-16,,
1408,8,韓国,シンガポ,out_of_v6_jleague_scope,2023-11-16,,
1408,9,マレーシア,キルギス,out_of_v6_jleague_scope,2023-11-16,,
1408,10,トルクメニス,ウズベキ,out_of_v6_jleague_scope,2023-11-16,,
1408,11,UAE,ネパール,out_of_v6_jleague_scope,2023-11-17,,
1408,12,イラン,香港,out_of_v6_jleague_scope,2023-11-16,,
1408,13,サウジ,パキスタン,out_of_v6_jleague_scope,2023-11-17,,
1409,6,讃岐,2,out_of_v6_jleague_scope,2023-11-11,,
1410,1,シンガポ,タイ,out_of_v6_jleague_scope,2023-11-21,,
1410,2,香港,トルクメニス,out_of_v6_jleague_scope,2023-11-21,,
1410,3,ベトナム,イラク,out_of_v6_jleague_scope,2023-11-21,,
1410,4,インド,カタール,out_of_v6_jleague_scope,2023-11-21,,
1410,5,キルギス,オマーン,out_of_v6_jleague_scope,2023-11-21,,
1410,6,シンガポ,タイ,out_of_v6_jleague_scope,2023-11-21,,
1410,7,香港,トルクメニス,out_of_v6_jleague_scope,2023-11-21,,
1410,8,ベトナム,イラク,out_of_v6_jleague_scope,2023-11-21,,
1410,9,インド,カタール,out_of_v6_jleague_scope,2023-11-21,,
1410,10,キルギス,オマーン,out_of_v6_jleague_scope,2023-11-21,,
1410,11,台湾,マレーシア,out_of_v6_jleague_scope,2023-11-21,,
1410,12,バングラ,レバノン,out_of_v6_jleague_scope,2023-11-21,,
1410,13,ネパール,イエメン,out_of_v6_jleague_scope,2023-11-21,,
1414,1,ウルヴァー,バーンリー,out_of_v6_jleague_scope,2023-12-06,,
1414,2,クリスタル,ボンマウス,out_of_v6_jleague_scope,2023-12-07,,
1414,3,フラム,ノッティン,out_of_v6_jleague_scope,2023-12-07,,
1414,4,マンU,チェルシー,out_of_v6_jleague_scope,2023-12-07,,
1414,5,エヴァトン,ニュカッスル,out_of_v6_jleague_scope,2023-12-08,,
1414,6,ウェストハム,2,out_of_v6_jleague_scope,2023-11-28,,
1415,1,クリスタル,リヴァプ,out_of_v6_jleague_scope,2023-12-09,,
1415,2,ブライトン,バーンリー,out_of_v6_jleague_scope,2023-12-10,,
1415,3,アストン,アーセナル,out_of_v6_jleague_scope,2023-12-10,,
1415,4,ルートン,マンC,out_of_v6_jleague_scope,2023-12-10,,
1415,5,トテナム,ニュカッスル,out_of_v6_jleague_scope,2023-12-11,,
1415,6,ハイデンハ,ダルムシュ,out_of_v6_jleague_scope,2023-12-09,,
1415,7,ドルト,ライプツィ,out_of_v6_jleague_scope,2023-12-10,,
1415,8,ケルン,マインツ,out_of_v6_jleague_scope,2023-12-11,,
1415,9,クリスタル,リヴァプ,out_of_v6_jleague_scope,2023-12-09,,
1415,10,ブライトン,バーンリー,out_of_v6_jleague_scope,2023-12-10,,
1415,11,アストン,アーセナル,out_of_v6_jleague_scope,2023-12-10,,
1415,12,ルートン,マンC,out_of_v6_jleague_scope,2023-12-10,,
1415,13,トテナム,ニュカッスル,out_of_v6_jleague_scope,2023-12-11,,
1416,1,アーセナル,ブライトン,out_of_v6_jleague_scope,2023-12-17,,
1416,2,マンC,クリスタル,out_of_v6_jleague_scope,2023-12-17,,
1416,3,リヴァプ,マンU,out_of_v6_jleague_scope,2023-12-18,,
1416,4,ブレント,アストン,out_of_v6_jleague_scope,2023-12-17,,
1416,5,ニュカッスル,フラム,out_of_v6_jleague_scope,2023-12-17,,
1416,6,マインツ,ハイデンハ,out_of_v6_jleague_scope,2023-12-16,,
1416,7,ダルムシュ,ヴォルフス,out_of_v6_jleague_scope,2023-12-16,,
1416,8,ライプツィ,ホッフェン,out_of_v6_jleague_scope,2023-12-17,,
1416,9,アーセナル,ブライトン,out_of_v6_jleague_scope,2023-12-17,,
1416,10,マンC,クリスタル,out_of_v6_jleague_scope,2023-12-17,,
1416,11,リヴァプ,マンU,out_of_v6_jleague_scope,2023-12-18,,
1416,12,ブレント,アストン,out_of_v6_jleague_scope,2023-12-17,,
1416,13,ニュカッスル,フラム,out_of_v6_jleague_scope,2023-12-17,,
1417,1,ヴォルフス,バイエルン,out_of_v6_jleague_scope,2023-12-21,,
1417,2,ドルト,マインツ,out_of_v6_jleague_scope,2023-12-20,,
1417,3,ホッフェン,ダルムシュ,out_of_v6_jleague_scope,2023-12-20,,
1417,4,ウニオン,ケルン,out_of_v6_jleague_scope,2023-12-21,,
1417,5,レヴァー,ボーフム,out_of_v6_jleague_scope,2023-12-21,,
1417,6,アウグス,0,out_of_v6_jleague_scope,2023-12-12,,
1418,1,クリスタル,ブライトン,out_of_v6_jleague_scope,2023-12-22,,
1418,2,アストン,シェフィU,out_of_v6_jleague_scope,2023-12-23,,
1418,3,ウェストハム,マンU,out_of_v6_jleague_scope,2023-12-23,,
1418,4,トテナム,エヴァトン,out_of_v6_jleague_scope,2023-12-24,,
1418,5,リヴァプ,アーセナル,out_of_v6_jleague_scope,2023-12-24,,
1418,6,アーセナル,1,out_of_v6_jleague_scope,2023-12-16,,
1419,1,ニュカッスル,ノッティン,out_of_v6_jleague_scope,2023-12-26,,
1419,2,ボンマウス,フラム,out_of_v6_jleague_scope,2023-12-27,,
1419,3,シェフィU,ルートン,out_of_v6_jleague_scope,2023-12-27,,
1419,4,バーンリー,リヴァプ,out_of_v6_jleague_scope,2023-12-27,,
1419,5,マンU,アストン,out_of_v6_jleague_scope,2023-12-27,,
1419,6,アストン,2,out_of_v6_jleague_scope,2023-12-21,,
1420,1,ルートン,チェルシー,out_of_v6_jleague_scope,2023-12-30,,
1420,2,アストン,バーンリー,out_of_v6_jleague_scope,2023-12-31,,
1420,3,マンC,シェフィU,out_of_v6_jleague_scope,2023-12-31,,
1420,4,クリスタル,ブレント,out_of_v6_jleague_scope,2023-12-31,,
1420,5,ノッティン,マンU,out_of_v6_jleague_scope,2023-12-31,,
1420,6,マンU,1,out_of_v6_jleague_scope,2023-12-26,,
1423,1,ライプツィ,フランクフル,out_of_v6_jleague_scope,2024-01-13,,
1423,2,フライブル,ウニオン,out_of_v6_jleague_scope,2024-01-13,,
1423,3,マインツ,ヴォルフス,out_of_v6_jleague_scope,2024-01-13,,
1423,4,アウグス,レヴァー,out_of_v6_jleague_scope,2024-01-13,,
1423,5,ダルムシュ,ドルト,out_of_v6_jleague_scope,2024-01-14,,
1423,6,レヴァー,1,out_of_v6_jleague_scope,2024-01-05,,
1424,1,フライブル,ホッフェン,out_of_v6_jleague_scope,2024-01-20,,
1424,2,ケルン,ドルト,out_of_v6_jleague_scope,2024-01-20,,
1424,3,ボーフム,シュツット,out_of_v6_jleague_scope,2024-01-20,,
1424,4,ダルムシュ,フランクフル,out_of_v6_jleague_scope,2024-01-20,,
1424,5,ライプツィ,レヴァー,out_of_v6_jleague_scope,2024-01-21,,
1424,6,フランクフル,2,out_of_v6_jleague_scope,2024-01-13,,
1425,1,アウグス,バイエルン,out_of_v6_jleague_scope,2024-01-27,,
1425,2,シュツット,ライプツィ,out_of_v6_jleague_scope,2024-01-27,,
1425,3,ブレーメン,フライブル,out_of_v6_jleague_scope,2024-01-27,,
1425,4,レヴァー,メンヘン,out_of_v6_jleague_scope,2024-01-28,,
1425,5,ドルト,ボーフム,out_of_v6_jleague_scope,2024-01-29,,
1425,6,ボーフム,1,out_of_v6_jleague_scope,2024-01-20,,
1426,1,フラム,エヴァトン,out_of_v6_jleague_scope,2024-01-31,,
1426,2,クリスタル,シェフィU,out_of_v6_jleague_scope,2024-01-31,,
1426,3,マンC,バーンリー,out_of_v6_jleague_scope,2024-02-01,,
1426,4,トテナム,ブレント,out_of_v6_jleague_scope,2024-02-01,,
1426,5,ウルヴァー,マンU,out_of_v6_jleague_scope,2024-02-02,,
1426,6,ボンマウス,1,out_of_v6_jleague_scope,2024-01-23,,
1427,1,アーセナル,リヴァプ,out_of_v6_jleague_scope,2024-02-05,,
1427,2,ブライトン,クリスタル,out_of_v6_jleague_scope,2024-02-04,,
1427,3,シェフィU,アストン,out_of_v6_jleague_scope,2024-02-04,,
1427,4,エヴァトン,トテナム,out_of_v6_jleague_scope,2024-02-03,,
1427,5,マンU,ウェストハム,out_of_v6_jleague_scope,2024-02-04,,
1427,6,マインツ,ブレーメン,out_of_v6_jleague_scope,2024-02-03,,
1427,7,ダルムシュ,レヴァー,out_of_v6_jleague_scope,2024-02-03,,
1427,8,ヴォルフス,ホッフェン,out_of_v6_jleague_scope,2024-02-04,,
1427,9,アーセナル,リヴァプ,out_of_v6_jleague_scope,2024-02-05,,
1427,10,ブライトン,クリスタル,out_of_v6_jleague_scope,2024-02-04,,
1427,11,シェフィU,アストン,out_of_v6_jleague_scope,2024-02-04,,
1427,12,エヴァトン,トテナム,out_of_v6_jleague_scope,2024-02-03,,
1427,13,マンU,ウェストハム,out_of_v6_jleague_scope,2024-02-04,,
1428,1,リヴァプ,バーンリー,out_of_v6_jleague_scope,2024-02-11,,
1428,2,トテナム,ブライトン,out_of_v6_jleague_scope,2024-02-11,,
1428,3,ウェストハム,アーセナル,out_of_v6_jleague_scope,2024-02-11,,
1428,4,アストン,マンU,out_of_v6_jleague_scope,2024-02-12,,
1428,5,マンC,エヴァトン,out_of_v6_jleague_scope,2024-02-10,,
1428,6,ウニオン,ヴォルフス,out_of_v6_jleague_scope,2024-02-10,,
1428,7,ブレーメン,ハイデンハ,out_of_v6_jleague_scope,2024-02-10,,
1428,8,ホッフェン,ケルン,out_of_v6_jleague_scope,2024-02-12,,
1428,9,リヴァプ,バーンリー,out_of_v6_jleague_scope,2024-02-11,,
1428,10,トテナム,ブライトン,out_of_v6_jleague_scope,2024-02-11,,
1428,11,ウェストハム,アーセナル,out_of_v6_jleague_scope,2024-02-11,,
1428,12,アストン,マンU,out_of_v6_jleague_scope,2024-02-12,,
1428,13,マンC,エヴァトン,out_of_v6_jleague_scope,2024-02-10,,
1429,1,ブレント,リヴァプ,out_of_v6_jleague_scope,2024-02-17,,
1429,2,バーンリー,アーセナル,out_of_v6_jleague_scope,2024-02-18,,
1429,3,シェフィU,ブライトン,out_of_v6_jleague_scope,2024-02-18,,
1429,4,フラム,アストン,out_of_v6_jleague_scope,2024-02-18,,
1429,5,マンC,チェルシー,out_of_v6_jleague_scope,2024-02-18,,
1429,6,ヴォルフス,ドルト,out_of_v6_jleague_scope,2024-02-17,,
1429,7,ホッフェン,ウニオン,out_of_v6_jleague_scope,2024-02-17,,
1429,8,ハイデンハ,レヴァー,out_of_v6_jleague_scope,2024-02-17,,
1429,9,ブレント,リヴァプ,out_of_v6_jleague_scope,2024-02-17,,
1429,10,バーンリー,アーセナル,out_of_v6_jleague_scope,2024-02-18,,
1429,11,シェフィU,ブライトン,out_of_v6_jleague_scope,2024-02-18,,
1429,12,フラム,アストン,out_of_v6_jleague_scope,2024-02-18,,
1429,13,マンC,チェルシー,out_of_v6_jleague_scope,2024-02-18,,
1434,1,讃岐,秋田,no_exact_pair_match,2024-03-06,,
1434,2,群馬,相模原,date_distance_gt_window,2024-03-06,570.0,2025-09-27
1434,3,沼津,仙台,no_exact_pair_match,2024-03-06,,
1434,4,北九州,大分,no_exact_pair_match,2024-03-06,,
1434,5,宮崎,岡山,no_exact_pair_match,2024-03-06,,
1434,6,千葉,0,out_of_v6_jleague_scope,2024-02-28,,
1436,1,岩手,栃木,date_distance_gt_window,2024-03-13,724.0,2022-03-20
1436,2,富山,山形,date_distance_gt_window,2024-03-13,412.0,2025-04-29
1436,3,FC大阪,いわき,no_exact_pair_match,2024-03-13,,
1436,4,福島,熊本,no_exact_pair_match,2024-03-13,,
1436,5,松本,山口,no_exact_pair_match,2024-03-13,,
1436,6,いわき,2,out_of_v6_jleague_scope,2024-03-06,,
1440,1,ベトナム,インドネシ,out_of_v6_jleague_scope,2024-03-26,,
1440,2,キルギス,台湾,out_of_v6_jleague_scope,2024-03-26,,
1440,3,ウズベキ,香港,out_of_v6_jleague_scope,2024-03-26,,
1440,4,バーレーン,ネパール,out_of_v6_jleague_scope,2024-03-27,,
1440,5,クウェート,カタール,out_of_v6_jleague_scope,2024-03-27,,
1440,6,ベトナム,インドネシ,out_of_v6_jleague_scope,2024-03-26,,
1440,7,キルギス,台湾,out_of_v6_jleague_scope,2024-03-26,,
1440,8,ウズベキ,香港,out_of_v6_jleague_scope,2024-03-26,,
1440,9,バーレーン,ネパール,out_of_v6_jleague_scope,2024-03-27,,
1440,10,クウェート,カタール,out_of_v6_jleague_scope,2024-03-27,,
1440,11,トルクメニス,イラン,out_of_v6_jleague_scope,2024-03-27,,
1440,12,ヨルダン,パキスタン,out_of_v6_jleague_scope,2024-03-27,,
1440,13,フィリピン,イラク,out_of_v6_jleague_scope,2024-03-26,,
1444,6,琉球,0,out_of_v6_jleague_scope,2024-04-03,,
1446,1,岩手,C大阪,no_exact_pair_match,2024-04-17,,
1446,2,今治,神戸,no_exact_pair_match,2024-04-17,,
1446,3,鹿児島,東京V,no_exact_pair_match,2024-04-17,,
1446,4,大宮,名古屋,no_exact_pair_match,2024-04-17,,
1446,5,沼津,札幌,no_exact_pair_match,2024-04-17,,
1446,6,新潟,2,out_of_v6_jleague_scope,2024-04-10,,
1448,1,岡山,横浜FC,date_distance_gt_window,2024-04-24,21.0,2024-04-03
1448,2,富山,清水,no_exact_pair_match,2024-04-24,,
1448,3,琉球,G大阪,no_exact_pair_match,2024-04-24,,
1448,4,群馬,柏,no_exact_pair_match,2024-04-24,,
1448,5,鳥取,浦和,no_exact_pair_match,2024-04-24,,
1448,6,京都,2,out_of_v6_jleague_scope,2024-04-17,,
1453,6,川崎F,2,out_of_v6_jleague_scope,2024-05-08,,
1455,1,長崎,浦和,no_exact_pair_match,2024-05-22,,
1455,2,町田,鹿島,date_distance_gt_window,2024-05-22,74.0,2024-03-09
1455,3,横浜FC,名古屋,date_distance_gt_window,2024-05-22,459.0,2023-02-18
1455,4,秋田,新潟,date_distance_gt_window,2024-05-22,801.0,2022-03-13
1455,5,長野,札幌,no_exact_pair_match,2024-05-22,,
1455,6,FC東京,1,out_of_v6_jleague_scope,2024-05-15,,
1458,1,FC東京,広島,date_distance_gt_window,2024-06-05,95.0,2024-03-02
1458,2,C大阪,町田,date_distance_gt_window,2024-06-05,63.0,2024-08-07
1458,3,柏,名古屋,date_distance_gt_window,2024-06-05,81.0,2024-03-16
1458,4,新潟,長崎,date_distance_gt_window,2024-06-05,774.0,2022-04-23
1458,5,札幌,富山,date_distance_gt_window,2024-06-05,346.0,2025-05-17
1458,6,名古屋,1,out_of_v6_jleague_scope,2024-06-01,,
1459,1,インドネシ,イラク,out_of_v6_jleague_scope,2024-06-06,,
1459,2,シンガポ,韓国,out_of_v6_jleague_scope,2024-06-06,,
1459,3,ベトナム,フィリピン,out_of_v6_jleague_scope,2024-06-06,,
1459,4,キルギス,マレーシア,out_of_v6_jleague_scope,2024-06-07,,
1459,5,バーレーン,イエメン,out_of_v6_jleague_scope,2024-06-07,,
1459,6,インドネシ,イラク,out_of_v6_jleague_scope,2024-06-06,,
1459,7,シンガポ,韓国,out_of_v6_jleague_scope,2024-06-06,,
1459,8,ベトナム,フィリピン,out_of_v6_jleague_scope,2024-06-06,,
1459,9,キルギス,マレーシア,out_of_v6_jleague_scope,2024-06-07,,
1459,10,バーレーン,イエメン,out_of_v6_jleague_scope,2024-06-07,,
1459,11,台湾,オマーン,out_of_v6_jleague_scope,2024-06-06,,
1459,12,バングラ,オーストラリ,out_of_v6_jleague_scope,2024-06-06,,
1459,13,香港,イラン,out_of_v6_jleague_scope,2024-06-06,,
1460,1,長崎,新潟,date_distance_gt_window,2024-06-09,680.0,2022-07-30
1460,6,長崎,新潟,date_distance_gt_window,2024-06-09,680.0,2022-07-30
1461,1,オーストラリ,パレスチナ,out_of_v6_jleague_scope,2024-06-11,,
1461,2,インドネシ,フィリピン,out_of_v6_jleague_scope,2024-06-11,,
1461,3,カタール,インド,out_of_v6_jleague_scope,2024-06-12,,
1461,4,イラン,ウズベキ,out_of_v6_jleague_scope,2024-06-12,,
1461,5,イラク,ベトナム,out_of_v6_jleague_scope,2024-06-12,,
1461,6,オーストラリ,パレスチナ,out_of_v6_jleague_scope,2024-06-11,,
1461,7,インドネシ,フィリピン,out_of_v6_jleague_scope,2024-06-11,,
1461,8,カタール,インド,out_of_v6_jleague_scope,2024-06-12,,
1461,9,イラン,ウズベキ,out_of_v6_jleague_scope,2024-06-12,,
1461,10,イラク,ベトナム,out_of_v6_jleague_scope,2024-06-12,,
1461,11,タイ,シンガポ,out_of_v6_jleague_scope,2024-06-11,,
1461,12,マレーシア,台湾,out_of_v6_jleague_scope,2024-06-11,,
1461,13,トルクメニス,香港,out_of_v6_jleague_scope,2024-06-12,,
1464,6,町田,0,out_of_v6_jleague_scope,2024-06-19,,
1467,1,C大阪,甲府,no_exact_pair_match,2024-07-10,,
1467,2,鹿島,藤枝,no_exact_pair_match,2024-07-10,,
1467,3,福岡,愛媛,no_exact_pair_match,2024-07-10,,
1467,4,札幌,山形,date_distance_gt_window,2024-07-10,451.0,2025-10-04
1467,5,鳥栖,横浜FC,date_distance_gt_window,2024-07-10,242.0,2023-11-11
1467,6,C大阪,甲府,no_exact_pair_match,2024-07-10,,
1467,7,鹿島,藤枝,no_exact_pair_match,2024-07-10,,
1467,8,福岡,愛媛,no_exact_pair_match,2024-07-10,,
1467,9,札幌,山形,date_distance_gt_window,2024-07-10,451.0,2025-10-04
1467,10,鳥栖,横浜FC,date_distance_gt_window,2024-07-10,242.0,2023-11-11
1467,11,FC東京,千葉,no_exact_pair_match,2024-07-10,,
1467,12,川崎F,大分,no_exact_pair_match,2024-07-10,,
1467,13,新潟,長崎,date_distance_gt_window,2024-07-10,809.0,2022-04-23
1470,6,岩手,1,out_of_v6_jleague_scope,2024-07-20,,
1474,1,広島,愛媛,no_exact_pair_match,2024-08-21,,
1474,2,G大阪,湘南,date_distance_gt_window,2024-08-21,32.0,2024-07-20
1474,3,柏,神戸,date_distance_gt_window,2024-08-21,101.0,2024-11-30
1474,4,甲府,鹿島,no_exact_pair_match,2024-08-21,,
1474,5,千葉,札幌,date_distance_gt_window,2024-08-21,438.0,2025-11-02
1474,6,神戸,1,out_of_v6_jleague_scope,2024-08-14,,
1475,6,町田,0,out_of_v6_jleague_scope,2024-08-17,,
1477,1,横浜FM,3,out_of_v6_jleague_scope,2024-09-04,,
1477,2,札幌,1,out_of_v6_jleague_scope,2024-08-28,,
1477,4,町田,0,out_of_v6_jleague_scope,2024-08-28,,
1477,5,名古屋,0,out_of_v6_jleague_scope,2024-09-04,,
1477,6,広島,1,out_of_v6_jleague_scope,2024-08-28,,
1482,1,横浜FM,3,out_of_v6_jleague_scope,2024-09-25,,
1482,2,山口,1,out_of_v6_jleague_scope,2024-09-18,,
1482,3,鹿島,0,out_of_v6_jleague_scope,2024-09-25,,
1482,5,甲府,2,out_of_v6_jleague_scope,2024-09-25,,
1486,1,横浜FM,名古屋,date_distance_gt_window,2024-10-09,60.0,2024-12-08
1486,6,横浜FM,名古屋,date_distance_gt_window,2024-10-09,60.0,2024-12-08
1493,1,パラグア,アルゼンチ,out_of_v6_jleague_scope,2024-11-15,,
1493,2,エクアドル,ボリビア,out_of_v6_jleague_scope,2024-11-15,,
1493,3,ウルグアイ,コロンビア,out_of_v6_jleague_scope,2024-11-16,,
1493,4,ペルー,チリ,out_of_v6_jleague_scope,2024-11-16,,
1493,5,ベネズエ,ブラジル,out_of_v6_jleague_scope,2024-11-15,,
1493,6,パラグア,アルゼンチ,out_of_v6_jleague_scope,2024-11-15,,
1493,7,エクアドル,ボリビア,out_of_v6_jleague_scope,2024-11-15,,
1493,8,ウルグアイ,コロンビア,out_of_v6_jleague_scope,2024-11-16,,
1493,9,ペルー,チリ,out_of_v6_jleague_scope,2024-11-16,,
1493,10,ベネズエ,ブラジル,out_of_v6_jleague_scope,2024-11-15,,
1493,11,UAE,キルギス,out_of_v6_jleague_scope,2024-11-15,,
1493,12,オマーン,パレスチナ,out_of_v6_jleague_scope,2024-11-15,,
1493,13,イラク,ヨルダン,out_of_v6_jleague_scope,2024-11-15,,
1494,6,YS横浜,2,out_of_v6_jleague_scope,2024-11-09,,
1495,1,アーセナル,ノッティン,out_of_v6_jleague_scope,2024-11-24,,
1495,2,アストン,クリスタル,out_of_v6_jleague_scope,2024-11-24,,
1495,3,ボンマウス,ブライトン,out_of_v6_jleague_scope,2024-11-24,,
1495,4,レスター,チェルシー,out_of_v6_jleague_scope,2024-11-23,,
1495,5,マンC,トテナム,out_of_v6_jleague_scope,2024-11-24,,
1495,6,ヴォルフス,ウニオン,out_of_v6_jleague_scope,2024-11-23,,
1495,7,アーセナル,ノッティン,out_of_v6_jleague_scope,2024-11-24,,
1495,8,アストン,クリスタル,out_of_v6_jleague_scope,2024-11-24,,
1495,9,ボンマウス,ブライトン,out_of_v6_jleague_scope,2024-11-24,,
1495,10,レスター,チェルシー,out_of_v6_jleague_scope,2024-11-23,,
1495,11,マンC,トテナム,out_of_v6_jleague_scope,2024-11-24,,
1495,12,フラム,ウルヴァー,out_of_v6_jleague_scope,2024-11-24,,
1495,13,エヴァトン,ブレント,out_of_v6_jleague_scope,2024-11-24,,
1497,6,浦和,0,out_of_v6_jleague_scope,2024-11-23,,
1498,1,リヴァプ,マンC,out_of_v6_jleague_scope,2024-12-02,,
1498,2,クリスタル,ニュカッスル,out_of_v6_jleague_scope,2024-12-01,,
1498,3,ウェストハム,アーセナル,out_of_v6_jleague_scope,2024-12-01,,
1498,4,チェルシー,アストン,out_of_v6_jleague_scope,2024-12-01,,
1498,5,ノッティン,イプス,out_of_v6_jleague_scope,2024-12-01,,
1498,6,ライプツィ,ヴォルフス,out_of_v6_jleague_scope,2024-11-30,,
1498,7,ウニオン,レヴァー,out_of_v6_jleague_scope,2024-11-30,,
1498,8,ハイデンハ,フランクフル,out_of_v6_jleague_scope,2024-12-02,,
1498,9,リヴァプ,マンC,out_of_v6_jleague_scope,2024-12-02,,
1498,10,クリスタル,ニュカッスル,out_of_v6_jleague_scope,2024-12-01,,
1498,11,ウェストハム,アーセナル,out_of_v6_jleague_scope,2024-12-01,,
1498,12,チェルシー,アストン,out_of_v6_jleague_scope,2024-12-01,,
1498,13,ノッティン,イプス,out_of_v6_jleague_scope,2024-12-01,,
1499,6,磐田,0,out_of_v6_jleague_scope,2024-12-01,,
1500,1,バイエルン,ハイデンハ,out_of_v6_jleague_scope,2024-12-07,,
1500,2,フラム,アーセナル,out_of_v6_jleague_scope,2024-12-08,,
1500,3,レスター,ブライトン,out_of_v6_jleague_scope,2024-12-08,,
1500,4,クリスタル,マンC,out_of_v6_jleague_scope,2024-12-08,,
1500,5,アストン,サウザン,out_of_v6_jleague_scope,2024-12-08,,
1500,6,レヴァー,パウリ,out_of_v6_jleague_scope,2024-12-07,,
1500,7,ボーフム,ブレーメン,out_of_v6_jleague_scope,2024-12-07,,
1500,8,ホルスタイン,ライプツィ,out_of_v6_jleague_scope,2024-12-07,,
1500,10,フラム,アーセナル,out_of_v6_jleague_scope,2024-12-08,,
1500,11,レスター,ブライトン,out_of_v6_jleague_scope,2024-12-08,,
1500,12,クリスタル,マンC,out_of_v6_jleague_scope,2024-12-08,,
1500,13,アストン,サウザン,out_of_v6_jleague_scope,2024-12-08,,
1502,1,ブライトン,クリスタル,out_of_v6_jleague_scope,2024-12-15,,
1502,2,アーセナル,エヴァトン,out_of_v6_jleague_scope,2024-12-15,,
1502,3,リヴァプ,フラム,out_of_v6_jleague_scope,2024-12-15,,
1502,4,サウザン,トテナム,out_of_v6_jleague_scope,2024-12-16,,
1502,5,マンC,マンU,out_of_v6_jleague_scope,2024-12-16,,
1502,6,ウニオン,ボーフム,out_of_v6_jleague_scope,2024-12-14,,
1502,7,パウリ,ブレーメン,out_of_v6_jleague_scope,2024-12-15,,
1502,8,ドルト,ホッフェン,out_of_v6_jleague_scope,2024-12-16,,
1502,9,ブライトン,クリスタル,out_of_v6_jleague_scope,2024-12-15,,
1502,10,アーセナル,エヴァトン,out_of_v6_jleague_scope,2024-12-15,,
1502,11,リヴァプ,フラム,out_of_v6_jleague_scope,2024-12-15,,
1502,12,サウザン,トテナム,out_of_v6_jleague_scope,2024-12-16,,
1502,13,マンC,マンU,out_of_v6_jleague_scope,2024-12-16,,
1503,1,クリスタル,アーセナル,out_of_v6_jleague_scope,2024-12-22,,
1503,2,ウェストハム,ブライトン,out_of_v6_jleague_scope,2024-12-22,,
1503,3,トテナム,リヴァプ,out_of_v6_jleague_scope,2024-12-23,,
1503,4,フラム,サウザン,out_of_v6_jleague_scope,2024-12-22,,
1503,5,アストン,マンC,out_of_v6_jleague_scope,2024-12-21,,
1503,6,シュツット,パウリ,out_of_v6_jleague_scope,2024-12-21,,
1503,7,ブレーメン,ウニオン,out_of_v6_jleague_scope,2024-12-21,,
1503,8,ヴォルフス,ドルト,out_of_v6_jleague_scope,2024-12-23,,
1503,9,クリスタル,アーセナル,out_of_v6_jleague_scope,2024-12-22,,
1503,10,ウェストハム,ブライトン,out_of_v6_jleague_scope,2024-12-22,,
1503,11,トテナム,リヴァプ,out_of_v6_jleague_scope,2024-12-23,,
1503,12,フラム,サウザン,out_of_v6_jleague_scope,2024-12-22,,
1503,13,アストン,マンC,out_of_v6_jleague_scope,2024-12-21,,
1504,1,チェルシー,フラム,out_of_v6_jleague_scope,2024-12-27,,
1504,2,ニュカッスル,アストン,out_of_v6_jleague_scope,2024-12-27,,
1504,3,ノッティン,トテナム,out_of_v6_jleague_scope,2024-12-27,,
1504,4,ブライトン,ブレント,out_of_v6_jleague_scope,2024-12-28,,
1504,5,ウルヴァー,マンU,out_of_v6_jleague_scope,2024-12-27,,
1504,6,イプス,0,out_of_v6_jleague_scope,2024-12-21,,
1505,1,レスター,マンC,out_of_v6_jleague_scope,2024-12-29,,
1505,2,エヴァトン,ノッティン,out_of_v6_jleague_scope,2024-12-30,,
1505,3,フラム,ボンマウス,out_of_v6_jleague_scope,2024-12-30,,
1505,4,トテナム,ウルヴァー,out_of_v6_jleague_scope,2024-12-30,,
1505,5,マンU,ニュカッスル,out_of_v6_jleague_scope,2024-12-31,,
1505,6,ブライトン,2,out_of_v6_jleague_scope,2024-12-26,,
1506,1,サウザン,ブレント,out_of_v6_jleague_scope,2025-01-05,,
1506,2,トテナム,ニュカッスル,out_of_v6_jleague_scope,2025-01-04,,
1506,3,アストン,レスター,out_of_v6_jleague_scope,2025-01-05,,
1506,4,ボンマウス,エヴァトン,out_of_v6_jleague_scope,2025-01-05,,
1506,5,フラム,イプス,out_of_v6_jleague_scope,2025-01-05,,
1506,6,マンU,2,out_of_v6_jleague_scope,2024-12-29,,
1507,1,フライブル,ホルスタイン,out_of_v6_jleague_scope,2025-01-11,,
1507,2,マインツ,ボーフム,out_of_v6_jleague_scope,2025-01-11,,
1507,3,ホッフェン,ヴォルフス,out_of_v6_jleague_scope,2025-01-11,,
1507,4,パウリ,フランクフル,out_of_v6_jleague_scope,2025-01-11,,
1507,5,メンヘン,バイエルン,out_of_v6_jleague_scope,2025-01-12,,
1507,6,バイエルン,1,out_of_v6_jleague_scope,2025-01-04,,
1508,1,ノッティン,リヴァプ,out_of_v6_jleague_scope,2025-01-15,,
1508,2,レスター,クリスタル,out_of_v6_jleague_scope,2025-01-16,,
1508,3,アーセナル,トテナム,out_of_v6_jleague_scope,2025-01-16,,
1508,4,チェルシー,ボンマウス,out_of_v6_jleague_scope,2025-01-15,,
1508,5,ブレント,マンC,out_of_v6_jleague_scope,2025-01-15,,
1508,6,ホルスタイン,ドルト,out_of_v6_jleague_scope,2025-01-15,,
1508,7,ボーフム,パウリ,out_of_v6_jleague_scope,2025-01-16,,
1508,8,ウニオン,アウグス,out_of_v6_jleague_scope,2025-01-16,,
1508,9,ノッティン,リヴァプ,out_of_v6_jleague_scope,2025-01-15,,
1508,10,レスター,クリスタル,out_of_v6_jleague_scope,2025-01-16,,
1508,11,アーセナル,トテナム,out_of_v6_jleague_scope,2025-01-16,,
1508,12,チェルシー,ボンマウス,out_of_v6_jleague_scope,2025-01-15,,
1508,13,ブレント,マンC,out_of_v6_jleague_scope,2025-01-15,,
1509,1,ブレント,リヴァプ,out_of_v6_jleague_scope,2025-01-19,,
1509,2,アーセナル,アストン,out_of_v6_jleague_scope,2025-01-19,,
1509,3,マンU,ブライトン,out_of_v6_jleague_scope,2025-01-19,,
1509,4,ウェストハム,クリスタル,out_of_v6_jleague_scope,2025-01-19,,
1509,5,ノッティン,サウザン,out_of_v6_jleague_scope,2025-01-19,,
1509,6,ハイデンハ,パウリ,out_of_v6_jleague_scope,2025-01-18,,
1509,7,ボーフム,ライプツィ,out_of_v6_jleague_scope,2025-01-18,,
1509,8,ホルスタイン,ホッフェン,out_of_v6_jleague_scope,2025-01-18,,
1509,9,ブレント,リヴァプ,out_of_v6_jleague_scope,2025-01-19,,
1509,10,アーセナル,アストン,out_of_v6_jleague_scope,2025-01-19,,
1509,11,マンU,ブライトン,out_of_v6_jleague_scope,2025-01-19,,
1509,12,ウェストハム,クリスタル,out_of_v6_jleague_scope,2025-01-19,,
1509,13,ノッティン,サウザン,out_of_v6_jleague_scope,2025-01-19,,
1511,1,リヴァプ,イプス,out_of_v6_jleague_scope,2025-01-26,,
1511,2,ブライトン,エヴァトン,out_of_v6_jleague_scope,2025-01-26,,
1511,3,ウルヴァー,アーセナル,out_of_v6_jleague_scope,2025-01-26,,
1511,4,クリスタル,ブレント,out_of_v6_jleague_scope,2025-01-26,,
1511,5,サウザン,ニュカッスル,out_of_v6_jleague_scope,2025-01-26,,
1511,6,ライプツィ,レヴァー,out_of_v6_jleague_scope,2025-01-25,,
1511,7,ドルト,ブレーメン,out_of_v6_jleague_scope,2025-01-25,,
1511,8,パウリ,ウニオン,out_of_v6_jleague_scope,2025-01-27,,
1511,9,リヴァプ,イプス,out_of_v6_jleague_scope,2025-01-26,,
1511,10,ブライトン,エヴァトン,out_of_v6_jleague_scope,2025-01-26,,
1511,11,ウルヴァー,アーセナル,out_of_v6_jleague_scope,2025-01-26,,
1511,12,クリスタル,ブレント,out_of_v6_jleague_scope,2025-01-26,,
1511,13,サウザン,ニュカッスル,out_of_v6_jleague_scope,2025-01-26,,
1513,1,ボンマウス,リヴァプ,out_of_v6_jleague_scope,2025-02-02,,
1513,2,ノッティン,ブライトン,out_of_v6_jleague_scope,2025-02-01,,
1513,3,アーセナル,マンC,out_of_v6_jleague_scope,2025-02-03,,
1513,4,マンU,クリスタル,out_of_v6_jleague_scope,2025-02-02,,
1513,5,イプス,サウザン,out_of_v6_jleague_scope,2025-02-02,,
1513,6,ハイデンハ,ドルト,out_of_v6_jleague_scope,2025-02-01,,
1513,7,ウニオン,ライプツィ,out_of_v6_jleague_scope,2025-02-02,,
1513,8,フランクフル,ヴォルフス,out_of_v6_jleague_scope,2025-02-02,,
1513,9,ボンマウス,リヴァプ,out_of_v6_jleague_scope,2025-02-02,,
1513,10,ノッティン,ブライトン,out_of_v6_jleague_scope,2025-02-01,,
1513,11,アーセナル,マンC,out_of_v6_jleague_scope,2025-02-03,,
1513,12,マンU,クリスタル,out_of_v6_jleague_scope,2025-02-02,,
1513,13,イプス,サウザン,out_of_v6_jleague_scope,2025-02-02,,
1514,1,ドルト,シュツット,out_of_v6_jleague_scope,2025-02-08,,
1514,2,フライブル,ハイデンハ,out_of_v6_jleague_scope,2025-02-08,,
1514,3,マインツ,アウグス,out_of_v6_jleague_scope,2025-02-08,,
1514,4,ヴォルフス,レヴァー,out_of_v6_jleague_scope,2025-02-08,,
1514,5,メンヘン,フランクフル,out_of_v6_jleague_scope,2025-02-09,,
1514,6,アウグス,0,out_of_v6_jleague_scope,2025-02-01,,
1517,6,川崎F,2,out_of_v6_jleague_scope,2025-02-19,,
1521,1,栃木C,鹿島,no_exact_pair_match,2025-03-20,,
1521,2,金沢,湘南,no_exact_pair_match,2025-03-20,,
1521,3,奈良,FC東京,no_exact_pair_match,2025-03-20,,
1521,4,高知,G大阪,no_exact_pair_match,2025-03-20,,
1521,5,琉球,福岡,no_exact_pair_match,2025-03-20,,
1521,6,栃木C,鹿島,no_exact_pair_match,2025-03-20,,
1521,7,金沢,湘南,no_exact_pair_match,2025-03-20,,
1521,8,奈良,FC東京,no_exact_pair_match,2025-03-20,,
1521,9,高知,G大阪,no_exact_pair_match,2025-03-20,,
1521,10,琉球,福岡,no_exact_pair_match,2025-03-20,,
1521,11,長野,東京V,no_exact_pair_match,2025-03-20,,
1521,12,沼津,柏,no_exact_pair_match,2025-03-20,,
1521,13,北九州,岡山,no_exact_pair_match,2025-03-20,,
1523,1,水戸,熊本,date_distance_gt_window,2025-03-26,52.0,2025-05-17
1523,2,甲府,藤枝,date_distance_gt_window,2025-03-26,17.0,2025-03-09
1523,3,愛媛,秋田,date_distance_gt_window,2025-03-26,31.0,2025-02-23
1523,4,福島,札幌,no_exact_pair_match,2025-03-26,,
1523,5,FC大阪,磐田,no_exact_pair_match,2025-03-26,,
1523,6,水戸,熊本,date_distance_gt_window,2025-03-26,52.0,2025-05-17
1523,7,甲府,藤枝,date_distance_gt_window,2025-03-26,17.0,2025-03-09
1523,8,愛媛,秋田,date_distance_gt_window,2025-03-26,31.0,2025-02-23
1523,9,福島,札幌,no_exact_pair_match,2025-03-26,,
1523,10,FC大阪,磐田,no_exact_pair_match,2025-03-26,,
1523,11,群馬,長崎,date_distance_gt_window,2025-03-26,333.0,2024-04-27
1523,12,松本,鳥栖,no_exact_pair_match,2025-03-26,,
1523,13,鹿児島,山形,date_distance_gt_window,2025-03-26,284.0,2024-06-15
1525,6,鹿島,0,out_of_v6_jleague_scope,2025-03-26,,
1527,2,山口,鹿島,no_exact_pair_match,2025-04-09,,
1527,3,長崎,湘南,no_exact_pair_match,2025-04-09,,
1527,4,山形,京都,no_exact_pair_match,2025-04-09,,
1527,5,甲府,町田,date_distance_gt_window,2025-04-09,718.0,2023-04-22
1527,6,湘南,1,out_of_v6_jleague_scope,2025-04-04,,
1530,1,秋田,東京V,date_distance_gt_window,2025-04-16,612.0,2023-08-13
1530,2,大宮,FC東京,no_exact_pair_match,2025-04-16,,
1530,3,富山,名古屋,no_exact_pair_match,2025-04-16,,
1530,4,栃木SC,福岡,no_exact_pair_match,2025-04-16,,
1530,5,北九州,横浜FC,no_exact_pair_match,2025-04-16,,
1530,6,京都,1,out_of_v6_jleague_scope,2025-04-09,,
1536,1,町田,1,out_of_v6_jleague_scope,2025-05-07,,
1536,2,京都,2,out_of_v6_jleague_scope,2025-04-30,,
1536,3,湘南,0,out_of_v6_jleague_scope,2025-05-07,,
1536,4,広島,1,out_of_v6_jleague_scope,2025-04-30,,
1536,5,FC大阪,1,out_of_v6_jleague_scope,2025-05-07,,
1536,6,松本,0,out_of_v6_jleague_scope,2025-04-30,,
1538,1,川崎F,2,out_of_v6_jleague_scope,2025-05-14,,
1538,2,横浜FC,1,out_of_v6_jleague_scope,2025-05-07,,
1538,3,横浜FM,0,out_of_v6_jleague_scope,2025-05-14,,
1538,4,柏,2,out_of_v6_jleague_scope,2025-05-07,,
1538,5,松本,2,out_of_v6_jleague_scope,2025-05-14,,
1538,6,長野,2,out_of_v6_jleague_scope,2025-05-07,,
1540,1,京都,C大阪,date_distance_gt_window,2025-05-21,18.0,2025-05-03
1540,2,湘南,FC東京,date_distance_gt_window,2025-05-21,87.0,2025-08-16
1540,3,富山,福岡,no_exact_pair_match,2025-05-21,,
1540,4,磐田,G大阪,date_distance_gt_window,2025-05-21,193.0,2024-11-09
1540,5,山口,柏,no_exact_pair_match,2025-05-21,,
1540,6,町田,1,out_of_v6_jleague_scope,2025-05-14,,
1543,1,東京V,0,out_of_v6_jleague_scope,2025-06-04,,
1543,2,柏,3,out_of_v6_jleague_scope,2025-05-31,,
1543,4,横浜FC,1,out_of_v6_jleague_scope,2025-05-31,,
1543,5,福岡,1,out_of_v6_jleague_scope,2025-06-04,,
1543,6,広島,0,out_of_v6_jleague_scope,2025-05-31,,
1544,1,ノルウェー,イタリア,out_of_v6_jleague_scope,2025-06-07,,
1544,2,チェコ,モンテネグ,out_of_v6_jleague_scope,2025-06-07,,
1544,3,エストニア,イスラエル,out_of_v6_jleague_scope,2025-06-07,,
1544,4,北マケ,ベルギー,out_of_v6_jleague_scope,2025-06-07,,
1544,5,ウェールズ,リヒテンシュ,out_of_v6_jleague_scope,2025-06-07,,
1544,6,オマーン,ヨルダン,out_of_v6_jleague_scope,2025-06-06,,
1544,7,バーレーン,サウジ,out_of_v6_jleague_scope,2025-06-06,,
1544,8,クウェート,パレスチナ,out_of_v6_jleague_scope,2025-06-06,,
1544,9,ノルウェー,イタリア,out_of_v6_jleague_scope,2025-06-07,,
1544,10,チェコ,モンテネグ,out_of_v6_jleague_scope,2025-06-07,,
1544,11,エストニア,イスラエル,out_of_v6_jleague_scope,2025-06-07,,
1544,12,北マケ,ベルギー,out_of_v6_jleague_scope,2025-06-07,,
1544,13,ウェールズ,リヒテンシュ,out_of_v6_jleague_scope,2025-06-07,,
1545,6,東京V,1,out_of_v6_jleague_scope,2025-06-01,,
1546,1,ベルギー,ウェールズ,out_of_v6_jleague_scope,2025-06-10,,
1546,2,フェロー,ジブラル,out_of_v6_jleague_scope,2025-06-10,,
1546,3,クロアチア,チェコ,out_of_v6_jleague_scope,2025-06-10,,
1546,4,フィンラン,ポーラン,out_of_v6_jleague_scope,2025-06-11,,
1546,5,ラトビア,アルバニア,out_of_v6_jleague_scope,2025-06-11,,
1546,6,ヨルダン,イラク,out_of_v6_jleague_scope,2025-06-11,,
1546,7,キルギス,UAE,out_of_v6_jleague_scope,2025-06-10,,
1546,8,ベルギー,ウェールズ,out_of_v6_jleague_scope,2025-06-10,,
1546,9,フェロー,ジブラル,out_of_v6_jleague_scope,2025-06-10,,
1546,10,クロアチア,チェコ,out_of_v6_jleague_scope,2025-06-10,,
1546,11,フィンラン,ポーラン,out_of_v6_jleague_scope,2025-06-11,,
1546,12,ラトビア,アルバニア,out_of_v6_jleague_scope,2025-06-11,,
1546,13,エストニア,ノルウェー,out_of_v6_jleague_scope,2025-06-10,,
1549,1,川崎Ｆ,3,out_of_v6_jleague_scope,0001-06-25,,
1549,3,横浜FM,0,out_of_v6_jleague_scope,0001-06-25,,
1553,1,G大阪,山形,no_exact_pair_match,2025-07-16,,
1553,2,鹿島,長崎,no_exact_pair_match,2025-07-16,,
1553,3,広島,藤枝,no_exact_pair_match,2025-07-16,,
1553,4,FC東京,大分,no_exact_pair_match,2025-07-16,,
1553,5,町田,富山,no_exact_pair_match,2025-07-16,,
1553,6,G大阪,山形,no_exact_pair_match,2025-07-16,,
1553,7,鹿島,長崎,no_exact_pair_match,2025-07-16,,
1553,8,広島,藤枝,no_exact_pair_match,2025-07-16,,
1553,9,FC東京,大分,no_exact_pair_match,2025-07-16,,
1553,10,町田,富山,no_exact_pair_match,2025-07-16,,
1553,11,川崎F,相模原,no_exact_pair_match,2025-07-16,,
1553,12,福岡,北九州,no_exact_pair_match,2025-07-16,,
1553,13,名古屋,熊本,no_exact_pair_match,2025-07-16,,
1555,1,福岡,2,out_of_v6_jleague_scope,2025-07-21,,
1555,2,京都,2,out_of_v6_jleague_scope,2025-07-14,,
1555,3,岐阜,1,out_of_v6_jleague_scope,2025-07-21,,
1555,4,奈良,1,out_of_v6_jleague_scope,2025-07-14,,
1555,5,鹿児島,2,out_of_v6_jleague_scope,2025-07-21,,
1555,6,FC大阪,1,out_of_v6_jleague_scope,2025-07-14,,
1557,1,広島,清水,date_distance_gt_window,2025-08-06,4.0,2025-08-10
1557,2,町田,京都,date_distance_gt_window,2025-08-06,91.0,2025-05-07
1557,3,FC東京,C大阪,date_distance_gt_window,2025-08-06,53.0,2025-06-14
1557,4,鹿島,福岡,date_distance_gt_window,2025-08-06,10.0,2025-08-16
1557,5,山形,浦和,no_exact_pair_match,2025-08-06,,
1557,6,福岡,2,out_of_v6_jleague_scope,2025-07-30,,
1559,1,Ｃ大阪,3,out_of_v6_jleague_scope,0001-08-11,,
1559,3,山口,0,out_of_v6_jleague_scope,0001-08-11,,
1561,1,町田,3,out_of_v6_jleague_scope,0001-08-20,,
1561,3,広島,0,out_of_v6_jleague_scope,0001-08-20,,
1563,1,町田,3,out_of_v6_jleague_scope,2025-08-27,,
1563,2,鹿島,0,out_of_v6_jleague_scope,2025-08-20,,
1563,3,名古屋,2,out_of_v6_jleague_scope,2025-08-27,,
1563,5,FC東京,2,out_of_v6_jleague_scope,2025-08-27,,
1563,6,浦和,1,out_of_v6_jleague_scope,2025-08-20,,
1565,1,横浜FM,1,out_of_v6_jleague_scope,2025-09-03,,
1565,2,柏,3,out_of_v6_jleague_scope,2025-08-27,,
1565,3,横浜FC,2,out_of_v6_jleague_scope,2025-09-03,,
1565,4,神戸,0,out_of_v6_jleague_scope,2025-08-27,,
1565,5,浦和,1,out_of_v6_jleague_scope,2025-09-03,,
1565,6,川崎F,1,out_of_v6_jleague_scope,2025-08-27,,
1567,1,エクアドル,アルゼンチ,out_of_v6_jleague_scope,2025-09-10,,
1567,2,ペルー,パラグア,out_of_v6_jleague_scope,2025-09-10,,
1567,3,ボリビア,ブラジル,out_of_v6_jleague_scope,2025-09-10,,
1567,4,チリ,ウルグアイ,out_of_v6_jleague_scope,2025-09-10,,
1567,5,ベネズエ,コロンビア,out_of_v6_jleague_scope,2025-09-10,,
1567,6,エクアドル,アルゼンチ,out_of_v6_jleague_scope,2025-09-10,,
1567,7,ペルー,パラグア,out_of_v6_jleague_scope,2025-09-10,,
1567,8,ボリビア,ブラジル,out_of_v6_jleague_scope,2025-09-10,,
1567,9,チリ,ウルグアイ,out_of_v6_jleague_scope,2025-09-10,,
1567,10,ベネズエ,コロンビア,out_of_v6_jleague_scope,2025-09-10,,
1567,11,クロアチア,モンテネグ,out_of_v6_jleague_scope,2025-09-09,,
1567,12,フランス,アイスラン,out_of_v6_jleague_scope,2025-09-10,,
1567,13,コソボ,スウェデン,out_of_v6_jleague_scope,2025-09-09,,
1571,6,横浜FM,1,out_of_v6_jleague_scope,2025-09-16,,
1575,1,川崎Ｆ,3,out_of_v6_jleague_scope,0001-10-08,,
1575,3,横浜FC,0,out_of_v6_jleague_scope,0001-10-08,,
1576,1,フィンラン,リトアニア,out_of_v6_jleague_scope,2025-10-10,,
1576,2,ドイツ,ルクセンブ,out_of_v6_jleague_scope,2025-10-11,,
1576,3,北アイ,スロバキア,out_of_v6_jleague_scope,2025-10-11,,
1576,4,ベルギー,北マケ,out_of_v6_jleague_scope,2025-10-11,,
1576,5,フェロー,モンテネグ,out_of_v6_jleague_scope,2025-10-10,,
1576,6,フィンラン,リトアニア,out_of_v6_jleague_scope,2025-10-10,,
1576,7,ドイツ,ルクセンブ,out_of_v6_jleague_scope,2025-10-11,,
1576,8,北アイ,スロバキア,out_of_v6_jleague_scope,2025-10-11,,
1576,9,ベルギー,北マケ,out_of_v6_jleague_scope,2025-10-11,,
1576,10,フェロー,モンテネグ,out_of_v6_jleague_scope,2025-10-10,,
1576,11,マルタ,オランダ,out_of_v6_jleague_scope,2025-10-10,,
1576,12,オーストリア,サンマリノ,out_of_v6_jleague_scope,2025-10-10,,
1576,13,コソボ,スロベニア,out_of_v6_jleague_scope,2025-10-11,,
1577,6,鹿児島,1,out_of_v6_jleague_scope,2025-10-05,,
1578,1,アイスラン,フランス,out_of_v6_jleague_scope,2025-10-14,,
1578,2,スウェデン,コソボ,out_of_v6_jleague_scope,2025-10-14,,
1578,3,北アイ,ドイツ,out_of_v6_jleague_scope,2025-10-14,,
1578,4,スロバキア,ルクセンブ,out_of_v6_jleague_scope,2025-10-14,,
1578,5,フェロー,チェコ,out_of_v6_jleague_scope,2025-10-13,,
1578,6,アイスラン,フランス,out_of_v6_jleague_scope,2025-10-14,,
1578,7,スウェデン,コソボ,out_of_v6_jleague_scope,2025-10-14,,
1578,8,北アイ,ドイツ,out_of_v6_jleague_scope,2025-10-14,,
1578,9,スロバキア,ルクセンブ,out_of_v6_jleague_scope,2025-10-14,,
1578,10,フェロー,チェコ,out_of_v6_jleague_scope,2025-10-13,,
1578,11,リトアニア,ポーラン,out_of_v6_jleague_scope,2025-10-13,,
1578,12,北マケ,カザフ,out_of_v6_jleague_scope,2025-10-14,,
1578,13,クロアチア,ジブラル,out_of_v6_jleague_scope,2025-10-13,,
1579,1,神戸,0,out_of_v6_jleague_scope,0001-10-17,,
1579,3,広島,0,out_of_v6_jleague_scope,0001-10-17,,
1586,1,アゼルバ,アイスラン,out_of_v6_jleague_scope,2025-11-14,,
1586,2,ノルウェー,エストニア,out_of_v6_jleague_scope,2025-11-14,,
1586,3,アルメニア,ハンガリー,out_of_v6_jleague_scope,2025-11-14,,
1586,4,スロバキア,北アイ,out_of_v6_jleague_scope,2025-11-15,,
1586,5,フィンラン,マルタ,out_of_v6_jleague_scope,2025-11-15,,
1586,6,アゼルバ,アイスラン,out_of_v6_jleague_scope,2025-11-14,,
1586,7,ノルウェー,エストニア,out_of_v6_jleague_scope,2025-11-14,,
1586,8,アルメニア,ハンガリー,out_of_v6_jleague_scope,2025-11-14,,
1586,9,スロバキア,北アイ,out_of_v6_jleague_scope,2025-11-15,,
1586,10,フィンラン,マルタ,out_of_v6_jleague_scope,2025-11-15,,
1586,11,アンドラ,アルバニア,out_of_v6_jleague_scope,2025-11-14,,
1586,12,ジブラル,モンテネグ,out_of_v6_jleague_scope,2025-11-15,,
1586,13,モルドバ,イタリア,out_of_v6_jleague_scope,2025-11-14,,
1587,6,八戸,0,out_of_v6_jleague_scope,2025-11-08,,
1588,1,オランダ,リトアニア,out_of_v6_jleague_scope,2025-11-18,,
1588,2,モンテネグ,クロアチア,out_of_v6_jleague_scope,2025-11-18,,
1588,3,オーストリア,ボスニア,out_of_v6_jleague_scope,2025-11-19,,
1588,4,スウェデン,スロベニア,out_of_v6_jleague_scope,2025-11-19,,
1588,5,ブルガリ,ジョジア,out_of_v6_jleague_scope,2025-11-19,,
1588,6,オランダ,リトアニア,out_of_v6_jleague_scope,2025-11-18,,
1588,7,モンテネグ,クロアチア,out_of_v6_jleague_scope,2025-11-18,,
1588,8,オーストリア,ボスニア,out_of_v6_jleague_scope,2025-11-19,,
1588,9,スウェデン,スロベニア,out_of_v6_jleague_scope,2025-11-19,,
1588,10,ブルガリ,ジョジア,out_of_v6_jleague_scope,2025-11-19,,
1588,11,北アイ,ルクセンブ,out_of_v6_jleague_scope,2025-11-18,,
1588,12,マルタ,ポーラン,out_of_v6_jleague_scope,2025-11-18,,
1588,13,ルーマニア,サンマリノ,out_of_v6_jleague_scope,2025-11-19,,
1592,6,東京V,1,out_of_v6_jleague_scope,2025-11-29,,
1593,1,アストン,アーセナル,out_of_v6_jleague_scope,2025-12-06,,
1593,2,トテナム,ブレント,out_of_v6_jleague_scope,2025-12-07,,
1593,3,リーズ,リヴァプ,out_of_v6_jleague_scope,2025-12-07,,
1593,4,ボンマウス,チェルシー,out_of_v6_jleague_scope,2025-12-07,,
1593,5,マンC,サンダー,out_of_v6_jleague_scope,2025-12-07,,
1593,6,ヴォルフス,ウニオン,out_of_v6_jleague_scope,2025-12-06,,
1593,7,アストン,アーセナル,out_of_v6_jleague_scope,2025-12-06,,
1593,8,トテナム,ブレント,out_of_v6_jleague_scope,2025-12-07,,
1593,9,リーズ,リヴァプ,out_of_v6_jleague_scope,2025-12-07,,
1593,10,ボンマウス,チェルシー,out_of_v6_jleague_scope,2025-12-07,,
1593,11,マンC,サンダー,out_of_v6_jleague_scope,2025-12-07,,
1593,12,ニュカッスル,バーンリー,out_of_v6_jleague_scope,2025-12-07,,
1593,13,エヴァトン,ノッティン,out_of_v6_jleague_scope,2025-12-07,,
1595,1,リヴァプ,ブライトン,out_of_v6_jleague_scope,2025-12-14,,
1595,2,クリスタル,マンC,out_of_v6_jleague_scope,2025-12-14,,
1595,3,ノッティン,トテナム,out_of_v6_jleague_scope,2025-12-14,,
1595,4,ブレント,リーズ,out_of_v6_jleague_scope,2025-12-15,,
1595,5,アーセナル,ウルヴァー,out_of_v6_jleague_scope,2025-12-14,,
1595,6,メンヘン,ヴォルフス,out_of_v6_jleague_scope,2025-12-13,,
1595,7,パウリ,ハイデンハ,out_of_v6_jleague_scope,2025-12-13,,
1595,8,レヴァー,ケルン,out_of_v6_jleague_scope,2025-12-14,,
1595,9,リヴァプ,ブライトン,out_of_v6_jleague_scope,2025-12-14,,
1595,10,クリスタル,マンC,out_of_v6_jleague_scope,2025-12-14,,
1595,11,ノッティン,トテナム,out_of_v6_jleague_scope,2025-12-14,,
1595,12,ブレント,リーズ,out_of_v6_jleague_scope,2025-12-15,,
1595,13,アーセナル,ウルヴァー,out_of_v6_jleague_scope,2025-12-14,,
1596,1,ブライトン,サンダー,out_of_v6_jleague_scope,2025-12-21,,
1596,2,トテナム,リヴァプ,out_of_v6_jleague_scope,2025-12-21,,
1596,3,リーズ,クリスタル,out_of_v6_jleague_scope,2025-12-21,,
1596,4,ボンマウス,バーンリー,out_of_v6_jleague_scope,2025-12-21,,
1596,5,エヴァトン,アーセナル,out_of_v6_jleague_scope,2025-12-21,,
1596,6,ケルン,ウニオン,out_of_v6_jleague_scope,2025-12-20,,
1596,7,ブライトン,サンダー,out_of_v6_jleague_scope,2025-12-21,,
1596,8,トテナム,リヴァプ,out_of_v6_jleague_scope,2025-12-21,,
1596,9,リーズ,クリスタル,out_of_v6_jleague_scope,2025-12-21,,
1596,10,ボンマウス,バーンリー,out_of_v6_jleague_scope,2025-12-21,,
1596,11,エヴァトン,アーセナル,out_of_v6_jleague_scope,2025-12-21,,
1596,12,マンC,ウェストハム,out_of_v6_jleague_scope,2025-12-21,,
1596,13,ニュカッスル,チェルシー,out_of_v6_jleague_scope,2025-12-20,,
1597,1,マンU,ニュカッスル,out_of_v6_jleague_scope,2025-12-27,,
1597,2,ノッティン,マンC,out_of_v6_jleague_scope,2025-12-27,,
1597,3,アーセナル,ブライトン,out_of_v6_jleague_scope,2025-12-28,,
1597,4,リヴァプ,ウルヴァー,out_of_v6_jleague_scope,2025-12-28,,
1597,5,ブレント,ボンマウス,out_of_v6_jleague_scope,2025-12-28,,
1597,6,ウルヴァー,1,out_of_v6_jleague_scope,2025-12-20,,
1598,1,チェルシー,ボンマウス,out_of_v6_jleague_scope,2025-12-31,,
1598,2,ウェストハム,ブライトン,out_of_v6_jleague_scope,2025-12-31,,
1598,3,バーンリー,ニュカッスル,out_of_v6_jleague_scope,2025-12-31,,
1598,4,アーセナル,アストン,out_of_v6_jleague_scope,2025-12-31,,
1598,5,マンU,ウルヴァー,out_of_v6_jleague_scope,2025-12-31,,
1598,6,アストン,1,out_of_v6_jleague_scope,2025-12-26,,
1599,1,クリスタル,1,out_of_v6_jleague_scope,2026-01-02,,
1599,2,フラム,1,out_of_v6_jleague_scope,2025-12-29,,
1599,3,リヴァプ,0,out_of_v6_jleague_scope,2026-01-02,,
1599,4,リーズ,0,out_of_v6_jleague_scope,2025-12-29,,
1599,5,ブレント,0,out_of_v6_jleague_scope,2026-01-02,,
1599,6,トテナム,0,out_of_v6_jleague_scope,2025-12-29,,
1600,1,ﾘｰｽﾞ,ﾏﾝU,out_of_v6_jleague_scope,0001-01-04,,
1600,2,ﾌﾗﾑ,ﾘｳﾞｧﾌﾟ,out_of_v6_jleague_scope,0001-01-05,,
1600,3,ﾆｭｶｯｽﾙ,ｸﾘｽﾀﾙ,out_of_v6_jleague_scope,0001-01-05,,
1600,4,ﾄﾃﾅﾑ,ｻﾝﾀﾞｰ,out_of_v6_jleague_scope,0001-01-05,,
1600,5,ﾏﾝC,ﾁｪﾙｼｰ,out_of_v6_jleague_scope,0001-01-05,,
1601,1,ニュカッスル,リーズ,out_of_v6_jleague_scope,2026-01-08,,
1601,2,ウェストハム,ノッティン,out_of_v6_jleague_scope,2026-01-07,,
1601,3,ブレント,サンダー,out_of_v6_jleague_scope,2026-01-08,,
1601,4,エヴァトン,ウルヴァー,out_of_v6_jleague_scope,2026-01-08,,
1601,5,バーンリー,マンU,out_of_v6_jleague_scope,2026-01-08,,
1601,6,ブライトン,1,out_of_v6_jleague_scope,2025-12-30,,
