model,round,actual,prediction,probA,probD,probH
RandomForest v2,1548,H,H,0.2652340375229246,0.17189085476565355,0.5628751077114218
RandomForest v2,1548,A,D,0.22792973820322365,0.43381006886240864,0.33826019293436776
RandomForest v2,1548,H,H,0.35891987877152426,0.20387179346122394,0.4372083277672518
RandomForest v2,1548,D,H,0.28412551375016293,0.16104454684719147,0.5548299394026457
RandomForest v2,1548,A,A,0.4017571503058669,0.20534374446244588,0.39289910523168714
RandomForest v2,1548,D,A,0.45144884775242233,0.2544264119558227,0.294124740291755
RandomForest v2,1548,A,H,0.2892656006629243,0.2049713199737595,0.5057630793633162
RandomForest v2,1548,A,H,0.21105450550991423,0.2404377453325997,0.5485077491574861
RandomForest v2,1548,H,H,0.3021813160825727,0.32144364783515555,0.3763750360822717
RandomForest v2,1547,H,A,0.38750997799460923,0.3013569198054519,0.31113310219993895
RandomForest v2,1547,A,H,0.2687515552025822,0.28051618259912475,0.45073226219829293
RandomForest v2,1547,H,H,0.3087904458924817,0.2938589981190677,0.3973505559884506
RandomForest v2,1547,A,H,0.33335658964662174,0.13818751923039985,0.5284558911229785
RandomForest v2,1547,D,H,0.30815778014144485,0.1339594948822185,0.5578827249763367
RandomForest v2,1547,D,A,0.5292243248221205,0.14726944218852478,0.3235062329893547
RandomForest v2,1547,A,H,0.319452318482737,0.32283636805361704,0.35771131346364604
RandomForest v2,1547,A,H,0.41013121581255363,0.1245836033427403,0.465285180844706
RandomForest v2,1547,H,H,0.38869437551397634,0.20434788887966532,0.4069577356063583
RandomForest v2,1545,H,H,0.35423913208791524,0.16008109940563012,0.4856797685064546
RandomForest v2,1545,H,H,0.23605359932012424,0.3270605292045128,0.436885871475363
RandomForest v2,1545,H,H,0.26777588229557064,0.2594139161356317,0.4728102015687977
RandomForest v2,1542,H,H,0.4066831002858004,0.11577525834197977,0.4775416413722198
RandomForest v2,1542,A,A,0.45101138360098303,0.28160440994750263,0.2673842064515143
RandomForest v2,1542,A,H,0.27188708829130076,0.1841048284984232,0.544008083210276
RandomForest v2,1542,A,H,0.25916667881914085,0.171254250756092,0.5695790704247671
RandomForest v2,1542,H,H,0.2203839521629624,0.3069909652735786,0.4726250825634591
RandomForest v2,1542,D,H,0.3824509984176754,0.1891780819332614,0.4283709196490632
RandomForest v2,1542,A,H,0.42073730723003927,0.1330417371409524,0.4462209556290084
RandomForest v2,1542,H,H,0.21426891706491846,0.2368705921618194,0.5488604907732622
RandomForest v2,1542,H,H,0.3584293807899062,0.17241709507742212,0.4691535241326716
RandomForest v2,1542,D,H,0.35661367444231457,0.14390299235820805,0.4994833331994774
RandomForest v2,1541,H,H,0.27638397566414535,0.28078051249839137,0.4428355118374633
RandomForest v2,1541,A,H,0.26019944518146204,0.299065972995365,0.440734581823173
RandomForest v2,1541,H,H,0.2628196759124064,0.16898484094561247,0.5681954831419811
RandomForest v2,1541,H,H,0.35514961687544677,0.15100778351972,0.4938425996048332
RandomForest v2,1541,H,D,0.3199390957811494,0.3788596036927036,0.3012013005261471
RandomForest v2,1541,H,H,0.33950942342061163,0.16898357460977198,0.49150700196961633
RandomForest v2,1541,D,A,0.37685318457782063,0.3177649333239092,0.30538188209827016
RandomForest v2,1541,A,H,0.3146813120605007,0.10418707342324095,0.5811316145162583
RandomForest v2,1541,D,H,0.36437557253408526,0.18024980876864566,0.4553746186972691
RandomForest v2,1541,H,A,0.4532218395594754,0.17428719548735516,0.3724909649531694
RandomForest v3,1548,H,H,0.2600643397174335,0.15686448420327093,0.5830711760792957
RandomForest v3,1548,A,H,0.22371695712042391,0.33506184767573755,0.44122119520383846
RandomForest v3,1548,H,H,0.3764834990272057,0.16697684535225102,0.45653965562054327
RandomForest v3,1548,D,H,0.3443467089766667,0.14793619980216896,0.5077170912211644
RandomForest v3,1548,A,H,0.35594167955457395,0.21358459328019833,0.4304737271652277
RandomForest v3,1548,D,A,0.41550589377397773,0.23426135941575663,0.35023274681026556
RandomForest v3,1548,A,H,0.28731764248631203,0.2513070352009959,0.461375322312692
RandomForest v3,1548,A,H,0.24590840634627342,0.2901940337668951,0.4638975598868315
RandomForest v3,1548,H,H,0.28084918122206115,0.29226022925220385,0.42689058952573494
RandomForest v3,1547,H,A,0.4270761234134758,0.18031235153287553,0.3926115250536487
RandomForest v3,1547,A,H,0.2450951753962537,0.2607851020347766,0.4941197225689696
RandomForest v3,1547,H,H,0.3133610901627785,0.31336443574745243,0.37327447408976894
RandomForest v3,1547,A,H,0.39954387346333814,0.1702317434812446,0.43022438305541727
RandomForest v3,1547,D,H,0.3402947083793731,0.16911424680735926,0.4905910448132676
RandomForest v3,1547,D,A,0.5191294532468583,0.19613448774563877,0.28473605900750293
RandomForest v3,1547,A,A,0.39276792181663306,0.23125018896516408,0.3759818892182029
RandomForest v3,1547,A,H,0.39098253910092223,0.10889757133588196,0.5001198895631959
RandomForest v3,1547,H,H,0.3668364606290676,0.18464092880445318,0.44852261056647924
RandomForest v3,1545,H,H,0.2624472392646273,0.15691375436191668,0.580639006373456
RandomForest v3,1545,H,H,0.23241329277047423,0.3298678912418173,0.43771881598770823
RandomForest v3,1545,H,H,0.2945595086837018,0.22635613732511253,0.4790843539911856
RandomForest v3,1542,H,H,0.38044357816451796,0.10628103210957364,0.5132753897259084
RandomForest v3,1542,A,A,0.44572499067175914,0.28189057063287715,0.2723844386953636
RandomForest v3,1542,A,H,0.264782362392593,0.21154971857029464,0.5236679190371124
RandomForest v3,1542,A,H,0.3175227602343597,0.19491720979785948,0.4875600299677808
RandomForest v3,1542,H,H,0.26035919505149385,0.27308331529489027,0.4665574896536158
RandomForest v3,1542,D,H,0.36249393937225327,0.1998319998360453,0.43767406079170135
RandomForest v3,1542,A,H,0.3547809957212004,0.17762847475609023,0.4675905295227093
RandomForest v3,1542,H,H,0.2173239349793264,0.2193118364877771,0.5633642285328965
RandomForest v3,1542,H,H,0.2965088494215512,0.15954137215535716,0.5439497784230916
RandomForest v3,1542,D,H,0.38735442266125125,0.15518659026139997,0.45745898707734883
RandomForest v3,1541,H,H,0.27549588681665327,0.2800888270552618,0.44441528612808484
RandomForest v3,1541,A,H,0.26160234585055536,0.2727436945157614,0.46565395963368333
RandomForest v3,1541,H,H,0.2544672535630106,0.17588746539194855,0.5696452810450409
RandomForest v3,1541,H,H,0.39563266071687603,0.13877963776369368,0.4655877015194303
RandomForest v3,1541,H,H,0.3204377960771908,0.32024118101504173,0.35932102290776746
RandomForest v3,1541,H,H,0.3448831728830976,0.1691102103647651,0.48600661675213724
RandomForest v3,1541,D,H,0.3416674441320082,0.29877273771010615,0.3595598181578856
RandomForest v3,1541,A,H,0.31311034973117347,0.09516983760689213,0.5917198126619345
RandomForest v3,1541,D,H,0.3617661539731924,0.19911513309410597,0.4391187129327017
RandomForest v3,1541,H,A,0.4504006953669736,0.18603087021804665,0.3635684344149799
RandomForest v2,1557,H,A,0.4282912226932246,0.2720152911420686,0.29969348616470676
RandomForest v2,1557,A,A,0.5049389598478734,0.38545402162253695,0.10960701852958958
RandomForest v2,1557,H,H,0.36467576409209285,0.19978383417577303,0.4355404017321341
RandomForest v2,1557,D,A,0.480757829623421,0.3764708066533547,0.14277136372322424
RandomForest v2,1554,H,H,0.37039857071946153,0.2317130142031001,0.3978884150774383
RandomForest v2,1554,A,H,0.3109180127039995,0.22974090941199538,0.4593410778840051
RandomForest v2,1554,H,H,0.3746683455526809,0.13368001198159749,0.49165164246572163
RandomForest v2,1554,A,H,0.3113060112284735,0.3234542808046408,0.36523970796688565
RandomForest v2,1554,A,H,0.3180492683457916,0.26421732965731015,0.41773340199689823
RandomForest v2,1554,A,A,0.46540034618271564,0.14982636483343564,0.3847732889838487
RandomForest v2,1554,H,H,0.40974148186221854,0.1731409176085674,0.41711760052921404
RandomForest v2,1554,H,A,0.38518405375127696,0.31115029002865385,0.30366565622006925
RandomForest v2,1554,H,A,0.4406114764647721,0.3194122498212953,0.23997627371393257
RandomForest v2,1553,A,H,0.33008554220137826,0.28163865774956665,0.38827580004905504
RandomForest v2,1553,D,A,0.49358411108027156,0.2140526089237734,0.29236327999595524
RandomForest v2,1551,H,A,0.47729875351395623,0.2717358050184986,0.2509654414675453
RandomForest v2,1551,A,H,0.3394013630118293,0.1610336982741632,0.4995649387140075
RandomForest v2,1551,A,H,0.352022382328979,0.23869950410724447,0.4092781135637765
RandomForest v2,1551,H,H,0.3722655281682519,0.12290105802291763,0.5048334138088304
RandomForest v2,1551,H,A,0.38250526971915677,0.25197699081696123,0.36551773946388205
RandomForest v2,1551,A,H,0.2717338275458743,0.2844623751233389,0.44380379733078695
RandomForest v2,1551,D,H,0.34908906046795407,0.17847320524438115,0.4724377342876647
RandomForest v2,1551,H,H,0.3474360763231525,0.10858038398467255,0.5439835396921749
RandomForest v2,1550,H,A,0.4000993269336771,0.2702247648725986,0.32967590819372417
RandomForest v2,1550,A,H,0.32176594026240324,0.2889846487955908,0.3892494109420059
RandomForest v2,1550,H,H,0.33768628193320377,0.238342410616619,0.42397130745017725
RandomForest v2,1550,A,H,0.3274873627718168,0.164214342432679,0.5082982947955043
RandomForest v2,1550,H,H,0.2848757406063592,0.21266262345946096,0.5024616359341799
RandomForest v2,1550,D,D,0.36221890465107914,0.3928372429314795,0.24494385241744132
RandomForest v2,1550,D,H,0.26208523058170013,0.22990926292215663,0.5080055064961433
RandomForest v2,1550,H,A,0.4333848208752336,0.27029030694576944,0.296324872178997
RandomForest v2,1550,A,H,0.35084707350818356,0.2502587023077599,0.3988942241840566
RandomForest v3,1557,H,A,0.4227036479411512,0.26608050365711916,0.3112158484017297
RandomForest v3,1557,A,A,0.4759285831291629,0.27849056620338963,0.2455808506674475
RandomForest v3,1557,H,H,0.3617913939747143,0.1800481554404163,0.45816045058486926
RandomForest v3,1557,D,A,0.4703848044412907,0.3511568617012805,0.17845833385742882
RandomForest v3,1554,H,H,0.3683940164943315,0.24052005745868626,0.3910859260469822
RandomForest v3,1554,A,H,0.2928390604687687,0.24738938568206678,0.4597715538491645
RandomForest v3,1554,H,H,0.36598800289226646,0.13113325121907943,0.5028787458886542
RandomForest v3,1554,A,D,0.3346498793413933,0.35447504992065804,0.3108750707379488
RandomForest v3,1554,A,A,0.36531422369363714,0.2848436516525976,0.34984212465376524
RandomForest v3,1554,A,H,0.4119663441333536,0.15688789423194682,0.4311457616346996
RandomForest v3,1554,H,H,0.3093200939416796,0.14531336913894713,0.5453665369193732
RandomForest v3,1554,H,A,0.3830714209935533,0.2849743086063108,0.33195427040013603
RandomForest v3,1554,H,A,0.41271132317222614,0.29022194540886637,0.2970667314189075
RandomForest v3,1553,A,A,0.3656156295070476,0.28738797331609417,0.34699639717685826
RandomForest v3,1553,D,A,0.5371683753363896,0.20689164252440492,0.2559399821392054
RandomForest v3,1551,H,A,0.42468805788163405,0.22716196103476866,0.34814998108359735
RandomForest v3,1551,A,H,0.38307146290315286,0.193259381993975,0.4236691551028722
RandomForest v3,1551,A,H,0.3301483950395241,0.19708130813815314,0.4727702968223227
RandomForest v3,1551,H,H,0.32535788146068906,0.11945920762087194,0.5551829109184391
RandomForest v3,1551,H,H,0.38161502344595366,0.16477431386136474,0.4536106626926816
RandomForest v3,1551,A,H,0.2404271251046273,0.29993123393719817,0.4596416409581745
RandomForest v3,1551,D,H,0.3331139257374199,0.15225969965876326,0.5146263746038168
RandomForest v3,1551,H,H,0.3303757532680096,0.10401264438694412,0.5656116023450463
RandomForest v3,1550,H,A,0.3758819924004328,0.2797864593493568,0.34433154825021045
RandomForest v3,1550,A,A,0.3798837245627643,0.297046890582818,0.32306938485441766
RandomForest v3,1550,H,H,0.28277809017311,0.17751477453325892,0.5397071352936311
RandomForest v3,1550,A,H,0.29070080130250087,0.12071908725933952,0.5885801114381596
RandomForest v3,1550,H,H,0.3528376450231451,0.24277243239286794,0.4043899225839868
RandomForest v3,1550,D,A,0.37974118209252733,0.29728381206209636,0.3229750058453763
RandomForest v3,1550,D,H,0.2677219606009889,0.18217737219705105,0.55010066720196
RandomForest v3,1550,H,A,0.40264715056725947,0.25185212523261774,0.34550072420012284
RandomForest v3,1550,A,H,0.35001758363841173,0.2539748489219367,0.39600756743965154
RandomForest v2,1566,H,D,0.3528194184345043,0.46081050474696644,0.1863700768185293
RandomForest v2,1566,A,D,0.33917038172233027,0.5156766291004459,0.14515298917722386
RandomForest v2,1566,H,A,0.3819341532465004,0.25345649553508454,0.3646093512184151
RandomForest v2,1566,D,H,0.4251659262519563,0.13308013075918187,0.44175394298886184
RandomForest v2,1564,H,H,0.333089372967852,0.1916132126146865,0.47529741441746143
RandomForest v2,1564,A,A,0.35376425216021296,0.2943597584573465,0.3518759893824405
RandomForest v2,1564,D,H,0.2311305094135215,0.15040647384000494,0.6184630167464735
RandomForest v2,1564,H,D,0.3028916947056407,0.4295455563734228,0.26756274892093646
RandomForest v2,1564,H,H,0.4191067510180665,0.08551835445105913,0.4953748945308744
RandomForest v2,1564,H,A,0.4429438230417072,0.2735087529363714,0.2835474240219213
RandomForest v2,1564,H,H,0.3844326423985665,0.13882558905346545,0.47674176854796796
RandomForest v2,1564,D,H,0.31563941774647947,0.1750828968046181,0.5092776854489025
RandomForest v2,1564,H,A,0.5219385696050717,0.32989110975151853,0.1481703206434098
RandomForest v2,1564,A,D,0.32411817164970513,0.4062957226465541,0.26958610570374064
RandomForest v2,1562,H,A,0.35294597885163953,0.35016367188532255,0.29689034926303803
RandomForest v2,1562,A,H,0.36960601193775605,0.24881296229224958,0.38158102576999436
RandomForest v2,1562,H,H,0.36861051725934063,0.21504545790707638,0.41634402483358296
RandomForest v2,1562,D,H,0.4352389080103504,0.11064241825638109,0.4541186737332686
RandomForest v2,1562,D,H,0.3534520272170758,0.15953053398507666,0.48701743879784753
RandomForest v2,1562,A,H,0.33631301420693094,0.08658269689124046,0.5771042889018285
RandomForest v2,1562,A,H,0.2846513299096114,0.21927771892027267,0.4960709511701159
RandomForest v2,1562,H,A,0.4903889134564599,0.16395884404393715,0.34565224249960297
RandomForest v2,1562,A,H,0.3877823635279874,0.1975694013126287,0.414648235159384
RandomForest v2,1560,H,A,0.47850598060246713,0.35097369331199013,0.17052032608554288
RandomForest v2,1560,A,D,0.3149808002541154,0.38108942081362246,0.30392977893226225
RandomForest v2,1560,H,H,0.32949747499281756,0.1973620541359957,0.4731404708711868
RandomForest v2,1560,D,A,0.35320146996732044,0.30690131642338053,0.33989721360929903
RandomForest v2,1560,H,A,0.4741988544738618,0.18477755831161372,0.34102358721452436
RandomForest v2,1560,H,A,0.5112434606716496,0.3224539460240403,0.16630259330431002
RandomForest v2,1560,A,A,0.34869283987958966,0.33835262246517495,0.31295453765523534
RandomForest v2,1560,H,H,0.31862779936506885,0.26702529721329005,0.41434690342164116
RandomForest v2,1560,A,A,0.37330504398765363,0.28361550131472835,0.343079454697618
RandomForest v2,1560,H,H,0.2773250295845946,0.1512722701267687,0.5714027002886368
RandomForest v2,1558,H,H,0.2987612640648767,0.33028885603199654,0.37094987990312683
RandomForest v2,1558,A,A,0.4166301771902329,0.34833684758854594,0.23503297522122124
RandomForest v2,1558,A,A,0.42011628324048234,0.19305979802949155,0.38682391873002614
RandomForest v2,1558,A,D,0.30431156685788546,0.4681034050295134,0.22758502811260123
RandomForest v2,1558,H,A,0.42666540558203925,0.4200990521554265,0.15323554226253427
RandomForest v2,1558,H,A,0.3562077844932953,0.28998101154586914,0.3538112039608354
RandomForest v2,1558,D,D,0.3377329843933129,0.3974184116775666,0.2648486039291206
RandomForest v2,1558,A,H,0.2946830701282208,0.11935469516441065,0.5859622347073685
RandomForest v2,1558,H,H,0.4375922641295313,0.11850111848618279,0.443906617384286
RandomForest v3,1566,H,D,0.3654790777960291,0.418209464363686,0.21631145784028474
RandomForest v3,1566,A,D,0.371211785937233,0.46603722760916005,0.16275098645360697
RandomForest v3,1566,H,H,0.34447552938508297,0.15114902370308797,0.504375446911829
RandomForest v3,1566,D,H,0.38805779349129305,0.13653687611185988,0.47540533039684707
RandomForest v3,1564,H,H,0.3154775174126933,0.19286555845057382,0.49165692413673284
RandomForest v3,1564,A,A,0.413678313393807,0.3056890434399624,0.2806326431662306
RandomForest v3,1564,D,H,0.31365068576308053,0.15752502664142698,0.5288242875954926
RandomForest v3,1564,H,D,0.2776834570565764,0.4331254314954821,0.2891911114479415
RandomForest v3,1564,H,H,0.37619462311608143,0.08394818772940649,0.5398571891545121
RandomForest v3,1564,H,A,0.44543560863650217,0.3382429126650718,0.2163214786984261
RandomForest v3,1564,H,A,0.4375840440014655,0.22487642888778245,0.33753952711075214
RandomForest v3,1564,D,A,0.4550384462512443,0.17215681591604093,0.3728047378327148
RandomForest v3,1564,H,A,0.44244875838654474,0.31944933097487527,0.23810191063857994
RandomForest v3,1564,A,A,0.3893219387575302,0.3387197914948967,0.27195826974757314
RandomForest v3,1562,H,H,0.34518842336327044,0.28825009407500907,0.36656148256172055
RandomForest v3,1562,A,H,0.3188202128290435,0.19961602976721354,0.481563757403743
RandomForest v3,1562,H,H,0.308188931850905,0.17729478233308027,0.5145162858160147
RandomForest v3,1562,D,A,0.44837142338252267,0.12524929797441905,0.4263792786430584
RandomForest v3,1562,D,H,0.3558298648389191,0.1798047889030328,0.4643653462580481
RandomForest v3,1562,A,A,0.43424677133463396,0.13411040240055913,0.43164282626480693
RandomForest v3,1562,A,H,0.2581328829743357,0.22076448557350367,0.5211026314521606
RandomForest v3,1562,H,A,0.5059110215744677,0.21681154884855497,0.2772774295769773
RandomForest v3,1562,A,A,0.47741738525710953,0.1785486060969861,0.34403400864590433
RandomForest v3,1560,H,D,0.41647324029511634,0.4238251876547312,0.15970157205015245
RandomForest v3,1560,A,H,0.2855051755973222,0.34144387433599743,0.37305095006668054
RandomForest v3,1560,H,H,0.3440141613044817,0.21422618763178788,0.44175965106373044
RandomForest v3,1560,D,H,0.32930677361629596,0.31795447376265007,0.35273875262105403
RandomForest v3,1560,H,A,0.4545238874114056,0.25161366804622026,0.29386244454237415
RandomForest v3,1560,H,A,0.4939924319802076,0.33753433165736046,0.16847323636243203
RandomForest v3,1560,A,H,0.3330596485517028,0.23672882863330685,0.43021152281499037
RandomForest v3,1560,H,H,0.3379162104315271,0.2469012269468739,0.415182562621599
RandomForest v3,1560,A,H,0.304025843012691,0.2055484850459997,0.4904256719413095
RandomForest v3,1560,H,H,0.24694132499539773,0.1755689148775658,0.5774897601270365
RandomForest v3,1558,H,D,0.3258328398286495,0.3657415889124782,0.30842557125887216
RandomForest v3,1558,A,A,0.4097665681282678,0.3928210855724802,0.1974123462992522
RandomForest v3,1558,A,A,0.4185388763873803,0.20855379141733618,0.3729073321952835
RandomForest v3,1558,A,D,0.3318981085429146,0.3855745519441796,0.28252733951290565
RandomForest v3,1558,H,A,0.4144242813402751,0.40781990334802976,0.17775581531169515
RandomForest v3,1558,H,A,0.39137950274191297,0.3054300130388009,0.303190484219286
RandomForest v3,1558,D,H,0.317154054112236,0.32871837538379506,0.3541275705039689
RandomForest v3,1558,A,H,0.3746268539977704,0.15274731066560024,0.47262583533662944
RandomForest v3,1558,H,A,0.46004725220083365,0.14497894822126217,0.3949737995779042
RandomForest v2,1574,H,H,0.38719936305050084,0.21204464605750242,0.40075599089199676
RandomForest v2,1574,A,H,0.2991678304924028,0.2663707215250273,0.43446144798256997
RandomForest v2,1574,H,H,0.3938650951427546,0.1520764579558017,0.45405844690144365
RandomForest v2,1574,H,A,0.4036929080234912,0.26069134995555654,0.3356157420209523
RandomForest v2,1574,D,H,0.2906219669671956,0.1823228933277403,0.527055139705064
RandomForest v2,1574,H,H,0.3963226836166175,0.18128922500662997,0.4223880913767526
RandomForest v2,1574,H,H,0.3738797762953521,0.2019839002366893,0.4241363234679586
RandomForest v2,1574,H,H,0.31106067020760014,0.25891537706212453,0.4300239527302753
RandomForest v2,1574,D,H,0.33778974926698996,0.3206132227553156,0.3415970279776945
RandomForest v2,1572,H,A,0.44080967740691995,0.21397573654999547,0.3452145860430845
RandomForest v2,1572,A,A,0.41857649092842386,0.3308221499477748,0.2506013591238012
RandomForest v2,1572,D,H,0.3058651956523623,0.18927675558193816,0.5048580487656995
RandomForest v2,1572,A,A,0.3826749759654959,0.293998791570003,0.32332623246450115
RandomForest v2,1572,H,H,0.278805914310346,0.1450342525888647,0.5761598331007893
RandomForest v2,1572,H,H,0.33302884956139656,0.3095822477927479,0.3573889026458556
RandomForest v2,1572,H,H,0.35099362400969747,0.20367811764670815,0.4453282583435944
RandomForest v2,1572,A,H,0.30966712254152623,0.19587916354409657,0.49445371391437726
RandomForest v2,1572,D,H,0.2965765400114404,0.15178770716775056,0.5516357528208091
RandomForest v2,1572,A,A,0.3406603496924959,0.31924025023961417,0.3400994000678899
RandomForest v2,1571,H,H,0.3308659404204738,0.24155827245404457,0.42757578712548167
RandomForest v2,1571,A,H,0.30441550782147225,0.11472050055584081,0.580863991622687
RandomForest v2,1571,H,H,0.2546209508253196,0.27562652415094524,0.4697525250237352
RandomForest v2,1571,D,H,0.36537829298367114,0.12185684628801269,0.5127648607283163
RandomForest v2,1571,D,H,0.36022746476223344,0.16016795231625727,0.47960458292150926
RandomForest v2,1570,H,A,0.4003724206915958,0.20185133039087855,0.39777624891752567
RandomForest v2,1570,A,H,0.2809980476631052,0.16326894337560613,0.5557330089612887
RandomForest v2,1570,D,H,0.28938880942583345,0.3046835909766835,0.4059275995974831
RandomForest v2,1570,A,A,0.4017833913397929,0.2710020638085526,0.3272145448516546
RandomForest v2,1570,A,A,0.3891053040692096,0.24183752391257,0.36905717201822036
RandomForest v2,1570,H,H,0.36232602927789126,0.15003167127371198,0.48764229944839677
RandomForest v2,1570,H,H,0.4220191557087989,0.11089990254798608,0.46708094174321496
RandomForest v2,1570,A,H,0.2855917206875158,0.2831596827386923,0.43124859657379194
RandomForest v2,1568,H,H,0.31047296327716317,0.30656119353533456,0.38296584318750226
RandomForest v2,1568,A,H,0.3194444036772278,0.19052221172120715,0.49003338460156504
RandomForest v2,1568,H,D,0.2857178393287342,0.4421309702649543,0.27215119040631164
RandomForest v2,1568,H,H,0.37704435267046416,0.15730520395791325,0.46565044337162265
RandomForest v2,1568,A,A,0.383831135971289,0.2443566392071418,0.37181222482156917
RandomForest v2,1568,A,A,0.4398900201592468,0.3580238410498244,0.20208613879092885
RandomForest v3,1574,H,H,0.3539530396714395,0.16670483686006735,0.47934212346849325
RandomForest v3,1574,A,H,0.29874903200481595,0.2647204439400408,0.43653052405514325
RandomForest v3,1574,H,H,0.41337815066497613,0.14829638073687537,0.4383254685981485
RandomForest v3,1574,H,A,0.44014260026324303,0.22657940492078693,0.33327799481597004
RandomForest v3,1574,D,H,0.32075490667864587,0.16129943819375933,0.5179456551275948
RandomForest v3,1574,H,H,0.3169702274567389,0.18720480297198483,0.49582496957127614
RandomForest v3,1574,H,H,0.33082190960258595,0.19710390261219543,0.4720741877852186
RandomForest v3,1574,H,H,0.34065246897775076,0.2640997163907452,0.39524781463150405
RandomForest v3,1574,D,A,0.3695728588865022,0.2733928364110769,0.3570343047024209
RandomForest v3,1572,H,A,0.4983705459063871,0.22278516979503957,0.27884428429857344
RandomForest v3,1572,A,A,0.3742428736679522,0.26836482240536685,0.35739230392668103
RandomForest v3,1572,D,H,0.3433490799783622,0.19475710707746963,0.4618938129441682
RandomForest v3,1572,A,A,0.4097321243548377,0.2615740552705103,0.3286938203746521
RandomForest v3,1572,H,H,0.3178134949439753,0.15275791229747332,0.5294285927585514
RandomForest v3,1572,H,D,0.30122017511004906,0.35356631274359823,0.3452135121463527
RandomForest v3,1572,H,H,0.3194182489749836,0.24287599148944225,0.4377057595355741
RandomForest v3,1572,A,H,0.27733192386138095,0.14476964092526134,0.5778984352133577
RandomForest v3,1572,D,H,0.31205332396741187,0.15896213046173543,0.5289845455708527
RandomForest v3,1572,A,H,0.2613723778212596,0.307302769379688,0.4313248527990524
RandomForest v3,1571,H,H,0.28351185164142906,0.22811246168974608,0.4883756866688248
RandomForest v3,1571,A,H,0.27317647444006293,0.07725579847387873,0.6495677270860584
RandomForest v3,1571,H,H,0.3256137027460476,0.2579516758032386,0.4164346214507139
RandomForest v3,1571,D,H,0.4109087173664153,0.14371671508736072,0.4453745675462239
RandomForest v3,1571,D,H,0.35975744961482464,0.14163183146888736,0.4986107189162881
RandomForest v3,1570,H,H,0.3693485688261913,0.23395321771312322,0.3966982134606854
RandomForest v3,1570,A,H,0.2344782304547997,0.1814207823233832,0.584100987221817
RandomForest v3,1570,D,H,0.27607778251364407,0.29168182637978396,0.432240391106572
RandomForest v3,1570,A,A,0.3992659401261441,0.25281389310572144,0.3479201667681344
RandomForest v3,1570,A,H,0.3610121187360324,0.20436615266402525,0.43462172859994247
RandomForest v3,1570,H,H,0.32048573842087863,0.16444972529699922,0.5150645362821222
RandomForest v3,1570,H,A,0.4371509763147758,0.15411118905442628,0.408737834630798
RandomForest v3,1570,A,H,0.26704608240464495,0.34984614477448317,0.3831077728208719
RandomForest v3,1568,H,A,0.3877780803132282,0.310353604620524,0.3018683150662479
RandomForest v3,1568,A,H,0.3511033303397608,0.2596510137833376,0.3892456558769017
RandomForest v3,1568,H,D,0.3153290451583013,0.3836788100686809,0.3009921447730177
RandomForest v3,1568,H,H,0.33933140619016594,0.13917589113081333,0.5214927026790207
RandomForest v3,1568,A,H,0.3417922442477578,0.19567228269782735,0.46253547305441484
RandomForest v3,1568,A,A,0.4367471398465967,0.3225394898708276,0.24071337028257575
RandomForest v2,1585,H,H,0.3141328992194055,0.338928090816523,0.34693900996407157
RandomForest v2,1585,A,H,0.3622620458744291,0.24903779448062785,0.38870015964494303
RandomForest v2,1585,H,H,0.28290327857554315,0.2695988987615326,0.44749782266292426
RandomForest v2,1585,A,H,0.2966546833077284,0.1660442450196375,0.5373010716726342
RandomForest v2,1585,D,H,0.3187333511218367,0.30373061197971557,0.3775360368984477
RandomForest v2,1585,D,H,0.2703424878214292,0.1589999567198201,0.5706575554587507
RandomForest v2,1585,D,A,0.43484949327234357,0.16511013787129245,0.40004036885636396
RandomForest v2,1585,A,H,0.27162584592869804,0.22978797035039833,0.4985861837209037
RandomForest v2,1585,A,H,0.35622387248485476,0.23868299394202588,0.40509313357311943
RandomForest v2,1585,H,D,0.33090122454397763,0.35551524483767966,0.31358353061834277
RandomForest v2,1583,H,D,0.28294040951401733,0.3803313372251742,0.3367282532608085
RandomForest v2,1582,H,A,0.3801242288646433,0.2896155953004825,0.33026017583487416
RandomForest v2,1582,A,H,0.3965520034836528,0.19121222919145098,0.41223576732489625
RandomForest v2,1582,H,A,0.42953505732230735,0.15775394969840992,0.41271099297928276
RandomForest v2,1582,A,A,0.4080029663037975,0.2379122845586628,0.35408474913753973
RandomForest v2,1582,H,D,0.4126562800894703,0.41414933706850715,0.1731943828420225
RandomForest v2,1582,H,H,0.39293461101379185,0.08876889485563184,0.5182964941305764
RandomForest v2,1582,H,A,0.4702604548607489,0.3347323160351887,0.1950072291040624
RandomForest v2,1582,D,D,0.25750705756171793,0.4219474645153642,0.32054547792291793
RandomForest v2,1582,D,D,0.30938267376486117,0.40897675733138295,0.28164056890375594
RandomForest v2,1582,H,A,0.42815234833977306,0.2479855434635071,0.3238621081967198
RandomForest v2,1580,H,H,0.3216779044879992,0.14613086255352867,0.5321912329584723
RandomForest v2,1580,A,A,0.37268505077227765,0.3168967984945319,0.31041815073319046
RandomForest v2,1580,A,H,0.29653041589680795,0.1925226716169679,0.5109469124862241
RandomForest v2,1580,H,A,0.4340026060135497,0.1543966756704592,0.4116007183159911
RandomForest v2,1580,D,H,0.41303775858854486,0.1305935903092442,0.4563686511022109
RandomForest v2,1580,D,A,0.39011990482148645,0.22402186284121994,0.3858582323372935
RandomForest v2,1580,H,H,0.345520060205403,0.20699171291253082,0.44748822688206613
RandomForest v2,1580,D,A,0.3528924980233328,0.31275796585362187,0.3343495361230454
RandomForest v2,1577,H,H,0.3237525519585689,0.3221206414437884,0.3541268065976427
RandomForest v2,1577,A,D,0.24857186059429823,0.43245146026544645,0.31897667914025535
RandomForest v3,1585,H,H,0.32246114207603727,0.3333601984470926,0.34417865947687026
RandomForest v3,1585,A,H,0.33776713987772883,0.24376061566394386,0.41847224445832726
RandomForest v3,1585,H,H,0.2731061014056619,0.2576728841450302,0.4692210144493078
RandomForest v3,1585,A,H,0.29232108910826715,0.23937310593249114,0.46830580495924184
RandomForest v3,1585,D,A,0.40272570353072884,0.22990394128984795,0.3673703551794231
RandomForest v3,1585,D,H,0.32249882163595817,0.17574244516655366,0.5017587331974882
RandomForest v3,1585,D,A,0.4355013699653633,0.19885279615698837,0.36564583387764826
RandomForest v3,1585,A,H,0.2958913182203168,0.2286271256717209,0.4754815561079623
RandomForest v3,1585,A,H,0.31221277508360806,0.22988291172954417,0.45790431318684777
RandomForest v3,1585,H,D,0.32091597269598426,0.33987685693930453,0.3392071703647112
RandomForest v3,1583,H,D,0.3170150600373732,0.37560208886585916,0.30738285109676766
RandomForest v3,1582,H,A,0.36636368602150454,0.3237675496948877,0.3098687642836079
RandomForest v3,1582,A,H,0.3639799508771754,0.2036254851767663,0.43239456394605846
RandomForest v3,1582,H,H,0.37880644278610237,0.16750927949690678,0.45368427771699077
RandomForest v3,1582,A,A,0.4350362794370759,0.19292536270331437,0.37203835785960987
RandomForest v3,1582,H,A,0.3943094509771206,0.33684445155844545,0.2688460974644341
RandomForest v3,1582,H,H,0.3941152082189758,0.10692162397054332,0.49896316781048095
RandomForest v3,1582,H,A,0.49594549016008366,0.2991233287811168,0.20493118105879948
RandomForest v3,1582,D,D,0.3043969927465915,0.3646992314756349,0.3309037757777736
RandomForest v3,1582,D,H,0.31115690240770677,0.32298172667020475,0.36586137092208854
RandomForest v3,1582,H,A,0.3781943701441273,0.27075559505620234,0.3510500347996704
RandomForest v3,1580,H,H,0.32449328786190906,0.13379431781967327,0.5417123943184177
RandomForest v3,1580,A,H,0.36450215650494294,0.2692831509304671,0.36621469256459005
RandomForest v3,1580,A,H,0.3762952839933021,0.14256304913888745,0.4811416668678104
RandomForest v3,1580,H,A,0.431362974276534,0.18319941876592552,0.3854376069575406
RandomForest v3,1580,D,H,0.35355645403167757,0.11203076178110286,0.5344127841872196
RandomForest v3,1580,D,H,0.37648460759439,0.22119899860462292,0.4023163938009872
RandomForest v3,1580,H,H,0.3187713920119988,0.1628223606430704,0.5184062473449308
RandomForest v3,1580,D,A,0.34097139325866166,0.3218920687740429,0.3371365379672952
RandomForest v3,1577,H,H,0.2906497338757359,0.2997563760165138,0.4095938901077503
RandomForest v3,1577,A,D,0.24025863494940056,0.4496098368729336,0.310131528177666
RandomForest v2,1609,H,H,0.27881962221926887,0.34815284383540557,0.3730275339453255
RandomForest v2,1609,H,D,0.32182143078636055,0.4278653023786038,0.2503132668350355
RandomForest v2,1609,A,D,0.31796674212806947,0.3711821273825276,0.3108511304894029
RandomForest v2,1609,A,A,0.43027707001688764,0.2622018437986216,0.30752108618449087
RandomForest v2,1609,D,D,0.20631305935452907,0.4286550043704724,0.36503193627499864
RandomForest v2,1609,D,A,0.40504323841307616,0.19028850645165696,0.4046682551352669
RandomForest v2,1609,D,H,0.2905691105747178,0.33830991069354677,0.3711209787317355
RandomForest v2,1608,A,H,0.32928850392381037,0.31229977988979307,0.35841171618639645
RandomForest v2,1608,D,A,0.4142851277936701,0.17885841682211834,0.4068564553842115
RandomForest v2,1608,D,A,0.42302668834974366,0.2539111952742911,0.32306211637596527
RandomForest v2,1608,H,A,0.4320576997211335,0.17224280792434774,0.3956994923545188
RandomForest v2,1608,H,D,0.30879302465174296,0.38215421042366843,0.3090527649245886
RandomForest v2,1592,H,H,0.35270656353408814,0.1252823501738722,0.5220110862920397
RandomForest v2,1592,A,D,0.33116364649315444,0.35888621040041546,0.3099501431064301
RandomForest v2,1592,H,D,0.2824534190577292,0.3889380482937672,0.3286085326485036
RandomForest v2,1592,H,D,0.30502256986781257,0.4098889416732841,0.28508848845890344
RandomForest v2,1592,H,H,0.17988090190797074,0.38087474744074257,0.43924435065128675
RandomForest v2,1591,A,D,0.2935320214651578,0.37556716387326267,0.3309008146615795
RandomForest v2,1591,A,H,0.346196844491167,0.2709683727606226,0.3828347827482104
RandomForest v2,1591,A,A,0.41343636915296506,0.26788737103204585,0.3186762598149891
RandomForest v2,1591,H,A,0.5138684204606342,0.19658652273787786,0.289545056801488
RandomForest v2,1591,H,H,0.30182536164433227,0.21864032191786995,0.4795343164377978
RandomForest v2,1591,A,A,0.42283539907853074,0.3578573219573731,0.21930727896409605
RandomForest v2,1591,H,H,0.28068230909155,0.23942705255387658,0.4798906383545735
RandomForest v2,1591,A,D,0.26916968734173435,0.3815103446599391,0.3493199679983266
RandomForest v2,1591,D,H,0.302503327309278,0.12272084892705822,0.5747758237636639
RandomForest v2,1591,H,A,0.4817613467592526,0.2561471602279753,0.262091493012772
RandomForest v2,1587,H,A,0.4076364132763182,0.185684352887496,0.4066792338361858
RandomForest v2,1587,A,A,0.37865414831213834,0.2608229573841822,0.3605228943036795
RandomForest v3,1609,H,D,0.33866643779762623,0.3495975259681784,0.3117360362341953
RandomForest v3,1609,H,D,0.2993105731134864,0.4104586067537839,0.2902308201327298
RandomForest v3,1609,A,H,0.33283677317673255,0.2841059468996111,0.3830572799236563
RandomForest v3,1609,A,A,0.38417069430760276,0.28772322581063986,0.3281060798817574
RandomForest v3,1609,D,D,0.22363158239772338,0.4120231190315624,0.36434529857071424
RandomForest v3,1609,D,H,0.3174858288011695,0.21186257325849298,0.47065159794033745
RandomForest v3,1609,D,H,0.2705947302092031,0.30705543444312305,0.42234983534767373
RandomForest v3,1608,A,A,0.3630256504536909,0.301537427815777,0.33543692173053213
RandomForest v3,1608,D,H,0.36646034455637067,0.1618583934546839,0.4716812619889454
RandomForest v3,1608,D,A,0.4150479360711196,0.27687779806638363,0.30807426586249687
RandomForest v3,1608,H,A,0.42455406888530467,0.1897047979790133,0.38574113313568215
RandomForest v3,1608,H,D,0.3148892699089248,0.35981949681491754,0.32529123327615767
RandomForest v3,1592,H,H,0.34943946559782163,0.08243632742706647,0.5681242069751119
RandomForest v3,1592,A,D,0.32914759629152524,0.36691162352731277,0.30394078018116205
RandomForest v3,1592,H,A,0.3406232416092806,0.33646878461450364,0.32290797377621566
RandomForest v3,1592,H,D,0.3078367391246306,0.3974274857628941,0.2947357751124753
RandomForest v3,1592,H,H,0.1932990096262828,0.3165256825159063,0.49017530785781105
RandomForest v3,1591,A,D,0.30477506947451566,0.3892140888016539,0.30601084172383036
RandomForest v3,1591,A,A,0.43182234345645504,0.18281172214426614,0.38536593439927874
RandomForest v3,1591,A,A,0.41246682825441455,0.25301036652422626,0.33452280522135913
RandomForest v3,1591,H,A,0.48527884437738106,0.20738292994496174,0.3073382256776573
RandomForest v3,1591,H,H,0.3275753260275827,0.24307616259720122,0.42934851137521607
RandomForest v3,1591,A,A,0.41483794817240316,0.38271278859006486,0.20244926323753198
RandomForest v3,1591,H,H,0.3366615413660707,0.1585263905193569,0.5048120681145725
RandomForest v3,1591,A,D,0.2809891248529626,0.38324649499906294,0.3357643801479745
RandomForest v3,1591,D,H,0.3935270421516841,0.09226774212764148,0.5142052157206745
RandomForest v3,1591,H,A,0.4749205734221456,0.17880793121658237,0.346271495361272
RandomForest v3,1587,H,A,0.4239551872880098,0.19941446035215318,0.37663035235983705
RandomForest v3,1587,A,A,0.3915831416403008,0.2653897499783442,0.34302710838135503
RandomForest v2,1617,H,H,0.3788174003733876,0.22952629652228668,0.39165630310432564
RandomForest v2,1617,A,H,0.37784311085290273,0.17453771569962592,0.4476191734474715
RandomForest v2,1617,H,A,0.3627370268775678,0.2798620336395086,0.35740093948292373
RandomForest v2,1617,A,A,0.3508045224917299,0.30121628353664703,0.347979193971623
RandomForest v2,1616,A,H,0.33997221655926857,0.2682524861520285,0.39177529728870286
RandomForest v2,1616,A,A,0.4430364032140501,0.27691550056711056,0.28004809621883936
RandomForest v2,1616,H,H,0.2607495655573361,0.3585279084746888,0.38072252596797507
RandomForest v2,1616,A,H,0.2065181506181476,0.30179808558912363,0.4916837637927288
RandomForest v2,1616,D,H,0.3275993177446593,0.20905559433994633,0.46334508791539447
RandomForest v2,1616,H,D,0.2726746593079478,0.37790109014374496,0.34942425054830717
RandomForest v2,1616,H,H,0.3653715277058775,0.260418122400544,0.3742103498935786
RandomForest v2,1614,A,D,0.22826852236271186,0.38954452826146,0.382186949375828
RandomForest v2,1614,A,A,0.41883235136885716,0.23562331470362127,0.3455443339275215
RandomForest v2,1614,H,H,0.3350544113795804,0.21015934779736106,0.45478624082305863
RandomForest v2,1614,D,H,0.3237085474605603,0.18166464724869621,0.49462680529074354
RandomForest v2,1613,H,H,0.22758623637769815,0.25357662726013913,0.5188371363621627
RandomForest v2,1613,A,D,0.24497633917697076,0.45863771332072795,0.2963859475023013
RandomForest v2,1613,D,H,0.3458727131993268,0.25732876317095466,0.39679852362971846
RandomForest v2,1613,A,A,0.42988543267046386,0.31506372322476384,0.25505084410477225
RandomForest v2,1613,A,H,0.30918188950852604,0.26744766286731325,0.4233704476241608
RandomForest v2,1610,H,H,0.23183887091897334,0.3191149845950572,0.44904614448596925
RandomForest v2,1610,A,A,0.39092946873309814,0.24238603508346573,0.36668449618343624
RandomForest v2,1610,H,H,0.27304624279771256,0.3284239381055679,0.3985298190967196
RandomForest v2,1610,A,A,0.428154318317631,0.2217081692747938,0.35013751240757524
RandomForest v2,1610,A,A,0.38310765705445116,0.29145596835420723,0.32543637459134156
RandomForest v2,1610,A,A,0.3617663166820649,0.2958306456624499,0.3424030376554853
RandomForest v2,1610,H,D,0.331110611608708,0.3685318481603726,0.30035754023091943
RandomForest v2,1610,D,H,0.32302514500318597,0.23557092307728564,0.4414039319195282
RandomForest v3,1617,H,H,0.3735892790164344,0.250302784069456,0.37610793691410954
RandomForest v3,1617,A,H,0.3406996282612567,0.23136284576070534,0.42793752597803797
RandomForest v3,1617,H,H,0.37120837638721454,0.25288161689256017,0.37591000672022523
RandomForest v3,1617,A,A,0.3685476796396117,0.2916307625529111,0.33982155780747714
RandomForest v3,1616,A,H,0.35576477052077704,0.22006695603685453,0.42416827344236846
RandomForest v3,1616,A,A,0.41952695453323996,0.29044712021887276,0.2900259252478874
RandomForest v3,1616,H,D,0.2706661169684494,0.36624148334583995,0.3630923996857108
RandomForest v3,1616,A,H,0.20130501832482306,0.2777390126765973,0.5209559689985797
RandomForest v3,1616,D,H,0.3259924735836617,0.23615024313145588,0.43785728328488227
RandomForest v3,1616,H,H,0.30261631727923566,0.3077893462889039,0.38959433643186053
RandomForest v3,1616,H,H,0.33829902800482853,0.31386861797022825,0.34783235402494317
RandomForest v3,1614,A,H,0.2355015722026539,0.36689505524184945,0.39760337255549655
RandomForest v3,1614,A,A,0.37184946232759003,0.2628632343224889,0.3652873033499211
RandomForest v3,1614,H,H,0.3148185188359435,0.22761638142209084,0.4575650997419657
RandomForest v3,1614,D,H,0.3081670322570582,0.19067176028679808,0.5011612074561437
RandomForest v3,1613,H,H,0.2680015352794845,0.29198647237113756,0.4400119923493779
RandomForest v3,1613,A,D,0.28153433750800727,0.4188046662667981,0.2996609962251946
RandomForest v3,1613,D,H,0.37790931939098227,0.22598597605434514,0.3961047045546726
RandomForest v3,1613,A,A,0.43698004957634284,0.29026904111621876,0.2727509093074383
RandomForest v3,1613,A,H,0.3304344737116147,0.20736127465395407,0.46220425163443124
RandomForest v3,1610,H,H,0.24727002049923041,0.2909207726651738,0.4618092068355959
RandomForest v3,1610,A,H,0.3575269198080759,0.27083177942788045,0.3716413007640435
RandomForest v3,1610,H,H,0.2574953090168104,0.34469266043106367,0.3978120305521259
RandomForest v3,1610,A,A,0.439026809643684,0.21573588442742753,0.34523730592888835
RandomForest v3,1610,A,A,0.3930955806931742,0.344757304805607,0.2621471145012189
RandomForest v3,1610,A,A,0.36424890813950406,0.2961865904820047,0.3395645013784913
RandomForest v3,1610,H,A,0.3532210121302009,0.339054232071262,0.30772475579853714
RandomForest v3,1610,D,H,0.3182821538074492,0.236896852799612,0.44482099339293873
RandomForest v2,1622,H,H,0.3596569788604953,0.15540208699156496,0.48494093414793976
RandomForest v2,1622,A,A,0.35822736052514764,0.28888448938649347,0.35288815008835883
RandomForest v2,1622,D,A,0.4785917146561468,0.22325144016038234,0.2981568451834708
RandomForest v2,1622,D,A,0.4750990901142576,0.28465395367584057,0.24024695620990175
RandomForest v2,1622,H,H,0.2831963055719015,0.3119954022047814,0.40480829222331705
RandomForest v2,1621,A,H,0.3459627386834393,0.2779017974185635,0.3761354638979972
RandomForest v2,1621,H,D,0.3463281036333986,0.4237445207752305,0.22992737559137094
RandomForest v2,1621,A,H,0.3883022920243829,0.16599243017464232,0.44570527780097485
RandomForest v2,1621,H,A,0.504024323533569,0.1959266778964287,0.3000489985700024
RandomForest v2,1621,D,A,0.44465606178054773,0.21998213771039754,0.33536180050905473
RandomForest v2,1621,A,H,0.38456627366277657,0.19930413564418908,0.4161295906930344
RandomForest v2,1621,H,H,0.3703345448020223,0.2492660645930249,0.3803993906049527
RandomForest v2,1620,A,A,0.49245739981599196,0.22781933417643915,0.27972326600756897
RandomForest v2,1620,A,A,0.5375016679573259,0.19555765806918962,0.26694067397348453
RandomForest v2,1620,H,H,0.3146818098810612,0.15706691596498196,0.5282512741539569
RandomForest v2,1620,H,A,0.4465628919594455,0.19930955388742502,0.35412755415312946
RandomForest v2,1620,A,H,0.3058734475953419,0.2508069600297594,0.4433195923748987
RandomForest v2,1620,H,A,0.40308806751122683,0.30779904952785947,0.28911288296091375
RandomForest v2,1620,D,H,0.3367359811232942,0.25256542257563325,0.4106985963010725
RandomForest v2,1619,H,D,0.21813644633187837,0.4707770987693803,0.3110864548987414
RandomForest v2,1618,A,A,0.5554746842104525,0.1508238635303384,0.293701452259209
RandomForest v2,1618,D,A,0.4183183914926888,0.36550483850706605,0.21617677000024518
RandomForest v2,1618,A,H,0.3579267389353634,0.22780985617200963,0.4142634048926269
RandomForest v2,1618,D,A,0.5018628724033227,0.22304674420147752,0.2750903833951997
RandomForest v2,1618,D,A,0.4338945580549388,0.27153729192388526,0.2945681500211759
RandomForest v2,1618,A,H,0.3692220593618807,0.26018578316958757,0.37059215746853186
RandomForest v2,1618,D,H,0.3851668565369162,0.22583110249031188,0.3890020409727719
RandomForest v3,1622,H,H,0.3199217426128047,0.24375628187456447,0.43632197551263097
RandomForest v3,1622,A,H,0.3450646711111464,0.2501850472223791,0.4047502816664745
RandomForest v3,1622,D,A,0.44682765678924935,0.2700693819036085,0.283102961307142
RandomForest v3,1622,D,A,0.47121173433935754,0.2869067055472305,0.24188156011341194
RandomForest v3,1622,H,H,0.2693294031456373,0.3364085605783063,0.3942620362760564
RandomForest v3,1621,A,H,0.2503735835353967,0.3374626508235095,0.41216376564109375
RandomForest v3,1621,H,D,0.32530209423615913,0.3909558717570651,0.28374203400677583
RandomForest v3,1621,A,A,0.4330013210180483,0.17510916764822587,0.39188951133372596
RandomForest v3,1621,H,A,0.43133075173759705,0.22238291018517822,0.3462863380772247
RandomForest v3,1621,D,A,0.4101790742929296,0.22690525308735848,0.362915672619712
RandomForest v3,1621,A,H,0.3815152937035694,0.2145588718327103,0.4039258344637203
RandomForest v3,1621,H,H,0.3785957798161589,0.2288239109220776,0.3925803092617634
RandomForest v3,1620,A,A,0.48751906405039586,0.19130782249741765,0.3211731134521866
RandomForest v3,1620,A,A,0.4973812354683317,0.2153708296922635,0.2872479348394048
RandomForest v3,1620,H,H,0.3510988079416769,0.23819149447194388,0.41070969758637926
RandomForest v3,1620,H,A,0.40378764653525057,0.2165958855997676,0.3796164678649819
RandomForest v3,1620,A,H,0.26794801206744484,0.19329192459856345,0.5387600633339917
RandomForest v3,1620,H,H,0.35419288131718935,0.26892885437887215,0.37687826430393856
RandomForest v3,1620,D,H,0.3345162376433856,0.23781434534613569,0.4276694170104788
RandomForest v3,1619,H,D,0.2526722064821364,0.41288143134037336,0.33444636217749035
RandomForest v3,1618,A,A,0.5379981522740366,0.18995536719512685,0.27204648053083663
RandomForest v3,1618,D,A,0.41375346688611414,0.3462676886529258,0.23997884446096013
RandomForest v3,1618,A,H,0.39798777507586003,0.20035113867215298,0.401661086251987
RandomForest v3,1618,D,A,0.4922662691134091,0.14310439030703118,0.36462934057955976
RandomForest v3,1618,D,A,0.3805559470759019,0.2944055741264488,0.32503847879764924
RandomForest v3,1618,A,H,0.36116522498671005,0.2166440733650718,0.4221907016482182
RandomForest v3,1618,D,H,0.3689863313600264,0.22148260499097086,0.4095310636490027
RandomForest v2,1628,A,A,0.5576883631340751,0.1708165923077267,0.27149504455819823
RandomForest v2,1628,A,H,0.3189233281427932,0.2856536333145936,0.3954230385426132
RandomForest v2,1628,A,H,0.34102620249371896,0.305140496743294,0.3538333007629871
RandomForest v2,1628,H,H,0.34977417879075035,0.2996430631420283,0.35058275806722133
RandomForest v2,1628,D,H,0.3340816773573502,0.1888518730694033,0.47706644957324645
RandomForest v2,1628,H,H,0.2517228460945696,0.2926788243453688,0.4555983295600617
RandomForest v2,1628,H,D,0.2886275867871126,0.4040506287158106,0.3073217844970768
RandomForest v2,1627,H,H,0.3232167064958089,0.2715554792950384,0.4052278142091527
RandomForest v2,1627,A,A,0.3876132237479501,0.29540566470045065,0.31698111155159925
RandomForest v2,1627,D,H,0.3635723451389638,0.23777685407869198,0.39865080078234416
RandomForest v2,1627,H,A,0.6005313690732216,0.21164687172358213,0.18782175920319638
RandomForest v2,1627,H,A,0.47996598162433335,0.16401378385894866,0.3560202345167179
RandomForest v2,1627,A,H,0.31989630800331476,0.25456245915445164,0.4255412328422335
RandomForest v2,1627,H,H,0.36359513799560605,0.2064945179617889,0.42991034404260514
RandomForest v2,1626,H,A,0.5929441368613737,0.16159927893420928,0.24545658420441696
RandomForest v2,1626,A,H,0.31667915952136033,0.2580712423237004,0.42524959815493935
RandomForest v2,1626,A,D,0.3311679331391823,0.4103646489285134,0.25846741793230443
RandomForest v2,1626,H,D,0.3003549267488127,0.4086213330702209,0.29102374018096644
RandomForest v2,1626,H,A,0.3826412793576584,0.30391962927159133,0.3134390913707502
RandomForest v2,1626,D,H,0.36015715030484907,0.2282498190279067,0.41159303066724423
RandomForest v2,1626,D,A,0.4232992121874619,0.20944322767210735,0.36725756014043076
RandomForest v2,1625,A,A,0.39332861380921813,0.24693025349908285,0.359741132691699
RandomForest v2,1625,D,A,0.48796445053482324,0.20694663702756938,0.30508891243760733
RandomForest v2,1625,H,A,0.5369637798502445,0.28890637632976934,0.17412984381998617
RandomForest v2,1625,H,A,0.6289490241304854,0.15517989424897435,0.2158710816205402
RandomForest v2,1625,D,D,0.3282337501449579,0.3587111219512903,0.3130551279037517
RandomForest v2,1625,D,H,0.3013728747860365,0.3374847973146102,0.3611423278993533
RandomForest v2,1624,A,H,0.2705581788128459,0.3011716440672557,0.42827017711989845
RandomForest v2,1624,H,A,0.48051029520402794,0.3440438712020677,0.17544583359390445
RandomForest v2,1624,A,A,0.36392684096431915,0.2749271025680545,0.3611460564676264
RandomForest v3,1628,A,A,0.5117625081985093,0.17689109297715638,0.3113463988243343
RandomForest v3,1628,A,A,0.3954334841163831,0.23039394731846022,0.3741725685651566
RandomForest v3,1628,A,H,0.33592434253751513,0.2565867448164013,0.40748891264608356
RandomForest v3,1628,H,A,0.35441190513950244,0.29381545105749224,0.3517726438030054
RandomForest v3,1628,D,H,0.3338413129560639,0.160883682698443,0.5052750043454931
RandomForest v3,1628,H,H,0.32231584238474026,0.20877846479542428,0.4689056928198354
RandomForest v3,1628,H,D,0.3249627622492618,0.37202079440543195,0.30301644334530625
RandomForest v3,1627,H,H,0.33385856907863226,0.2477046272336585,0.41843680368770925
RandomForest v3,1627,A,A,0.39292464863432647,0.2642063200974026,0.342869031268271
RandomForest v3,1627,D,H,0.32972363010907374,0.22909941528336406,0.4411769546075623
RandomForest v3,1627,H,A,0.5362612893751572,0.2231707596320177,0.24056795099282505
RandomForest v3,1627,H,A,0.4468760290480677,0.16680975054657135,0.38631422040536084
RandomForest v3,1627,A,H,0.33890871238370146,0.24375375531143417,0.4173375323048643
RandomForest v3,1627,H,H,0.3111298028887,0.20249730672522998,0.4863728903860701
RandomForest v3,1626,H,A,0.5127362623151577,0.22665237208055222,0.26061136560429
RandomForest v3,1626,A,A,0.41754833647444584,0.2509925065726045,0.33145915695294964
RandomForest v3,1626,A,D,0.35322141830733544,0.36631329933590934,0.28046528235675516
RandomForest v3,1626,H,D,0.3058980653065312,0.4199268189137718,0.27417511577969694
RandomForest v3,1626,H,H,0.346447927441655,0.2728005247698911,0.3807515477884538
RandomForest v3,1626,D,H,0.293892638131948,0.21321609570911018,0.49289126615894174
RandomForest v3,1626,D,H,0.3531041576843188,0.24927287413403482,0.39762296818164633
RandomForest v3,1625,A,A,0.3996548580403336,0.2143595475495856,0.3859855944100808
RandomForest v3,1625,D,A,0.5759839105755273,0.15825869073998344,0.2657573986844891
RandomForest v3,1625,H,A,0.5677209197566693,0.2565543543209955,0.17572472592233523
RandomForest v3,1625,H,A,0.6185534267967351,0.1685860133236115,0.21286055987965347
RandomForest v3,1625,D,H,0.34441202440790325,0.2934585998152635,0.36212937577683313
RandomForest v3,1625,D,H,0.3187747484701546,0.26941804955206394,0.41180720197778153
RandomForest v3,1624,A,H,0.2954077594302548,0.2599251936169281,0.4446670469528171
RandomForest v3,1624,H,A,0.4677738250073281,0.31516640464589823,0.21705977034677368
RandomForest v3,1624,A,H,0.37770476085727017,0.24438274608557256,0.3779124930571573
RandomForest v2,1632,H,A,0.5098177865446039,0.2121592729401856,0.2780229405152106
RandomForest v2,1632,A,A,0.3874012147053241,0.2993579522688718,0.31324083302580413
RandomForest v2,1632,D,D,0.2692024794887214,0.41468379420092033,0.3161137263103583
RandomForest v2,1632,A,H,0.2875061009269077,0.2335940584431903,0.47889984062990204
RandomForest v2,1632,H,A,0.47340828644390154,0.22729515913143666,0.2992965544246618
RandomForest v2,1632,D,A,0.3962180039618132,0.21983268404280443,0.38394931199538224
RandomForest v2,1632,D,H,0.28115196225508926,0.22448682786761487,0.49436120987729587
RandomForest v2,1632,D,H,0.3278825381599985,0.28707514356413727,0.3850423182758643
RandomForest v2,1631,H,A,0.40509142484671173,0.2734227535334154,0.321485821619873
RandomForest v2,1631,A,H,0.34706376373430464,0.26070369614371175,0.3922325401219836
RandomForest v2,1631,A,A,0.4831066365940769,0.2009029331526616,0.3159904302532615
RandomForest v2,1631,A,H,0.3262312977006753,0.25776610469827793,0.41600259760104674
RandomForest v2,1631,H,A,0.35894217587643146,0.288556607452228,0.35250121667134043
RandomForest v2,1631,A,D,0.31657756670177556,0.3628235491367858,0.3205988841614387
RandomForest v2,1630,A,H,0.2585586385049298,0.21598751731562388,0.5254538441794464
RandomForest v2,1630,A,A,0.4894202691241991,0.22253637690167027,0.28804335397413067
RandomForest v2,1630,D,A,0.4174575381119111,0.3002082042045661,0.2823342576835228
RandomForest v2,1630,H,A,0.47596451985682775,0.18239621625875427,0.341639263884418
RandomForest v2,1630,H,A,0.4222704840498575,0.25383678245363783,0.32389273349650455
RandomForest v2,1630,D,A,0.4232685391288207,0.2809093283463557,0.29582213252482364
RandomForest v3,1632,H,A,0.48034053736975485,0.21390346542739058,0.30575599720285457
RandomForest v3,1632,A,H,0.36818129044799497,0.2460237002079874,0.3857950093440178
RandomForest v3,1632,D,D,0.29074730318330533,0.40093614419141604,0.3083165526252785
RandomForest v3,1632,A,H,0.29835033651414655,0.24963627831181126,0.45201338517404216
RandomForest v3,1632,H,A,0.4793852476975488,0.203103494275721,0.3175112580267302
RandomForest v3,1632,D,A,0.49927671929983664,0.1287513562874678,0.3719719244126956
RandomForest v3,1632,D,H,0.3104699049119284,0.1394438289138843,0.5500862661741874
RandomForest v3,1632,D,A,0.4120297124944559,0.19615989727420186,0.39181039023134223
RandomForest v3,1631,H,A,0.3619864361680562,0.2894328661823129,0.34858069764963096
RandomForest v3,1631,A,H,0.3026102513237631,0.2832145905867671,0.41417515808946964
RandomForest v3,1631,A,A,0.5324230376629612,0.15051181377687448,0.31706514856016443
RandomForest v3,1631,A,A,0.3930501875805277,0.27184903025681706,0.3351007821626552
RandomForest v3,1631,H,H,0.3313415482774992,0.263569134896673,0.40508931682582777
RandomForest v3,1631,A,D,0.3053320328805426,0.42759077556970654,0.2670771915497509
RandomForest v3,1630,A,H,0.2813968987144448,0.19259209821399983,0.5260110030715555
RandomForest v3,1630,A,A,0.4979507082308742,0.2518859630223069,0.25016332874681896
RandomForest v3,1630,D,A,0.4141218701638192,0.29142705679064995,0.29445107304553075
RandomForest v3,1630,H,A,0.4639793550047574,0.18365180600641232,0.35236883898883026
RandomForest v3,1630,H,H,0.3482947142454723,0.26377304752063757,0.38793223823389006
RandomForest v3,1630,D,A,0.39757540890422327,0.2310951733034765,0.3713294177923003
