feature,random_forest_importance,random_forest_rank,lightgbm_importance,lightgbm_rank,mean_importance,geometric_mean_importance,mean_rank,rank_gap,relative_disagreement,consensus_score,family,side,position,present_in_random_forest,present_in_lightgbm,consensus_rank
home_core_DF,0.023779846712306783,1,0.032086921684415015,1,0.0279333841983609,0.02762285428997484,1.0,0,0.25889286151569574,0.027793645739587175,Core player strength,Home,DF,True,True,1
home_core_FW,0.02270585380436158,2,0.02915301756653651,2,0.025929435685449045,0.025728275395404235,2.0,0,0.22114910566154738,0.025838913554928882,Core player strength,Home,FW,True,True,2
away_core_DF,0.02237992929672508,5,0.028589740980876403,3,0.02548483513880074,0.025294987285304125,4.0,2,0.2172041953197495,0.025399403604727262,Core player strength,Away,DF,True,True,3
away_momentum_FW,0.022353796149232878,6,0.028504399130157305,4,0.025429097639695093,0.025242454863026047,5.0,2,0.2157773245048749,0.025345108390194025,Momentum,Away,FW,True,True,4
home_team_momentum,0.02264793099693468,3,0.0278973897467077,5,0.02527266037182119,0.02513599327613749,4.0,2,0.18817024809256688,0.025211160178763528,Momentum,Home,Team-level,True,True,5
away_momentum_MF,0.02226757923054308,8,0.0277471380924227,6,0.02500735866148289,0.02485682191861708,7.0,2,0.19748194727787075,0.024939617127193277,Momentum,Away,MF,True,True,6
home_momentum_FW,0.02243892960854978,4,0.0270202530160842,7,0.02472959131231699,0.024623272638565293,5.5,3,0.16955146218680192,0.024681747909128728,Momentum,Home,FW,True,True,7
away_core_FW,0.021701641488554375,10,0.025997553865181794,8,0.023849597676868083,0.02375267550322608,9.0,2,0.16524294550576477,0.023805982698729182,Core player strength,Away,FW,True,True,8
home_core_MF,0.021445333262937075,12,0.025746483467750894,9,0.023595908365343983,0.02349770027714665,10.5,3,0.16705777354803744,0.023551714725655183,Core player strength,Home,MF,True,True,9
away_core_MF,0.021959308771006575,9,0.02491817871057509,12,0.023438743740790833,0.02339200676121313,10.5,3,0.11874342719569603,0.02341771209998087,Core player strength,Away,MF,True,True,10
home_momentum_MF,0.021189381391735776,15,0.025635765066049993,10,0.023412573228892883,0.023306780199192464,12.5,5,0.1734445476020788,0.023364966365527696,Momentum,Home,MF,True,True,11
away_team_momentum,0.021234898372192175,14,0.025273667338058293,11,0.023254282855125236,0.02316643601023387,12.5,3,0.15980146101647652,0.023214751774924124,Momentum,Away,Team-level,True,True,12
home_team_core_score,0.02233008461165958,7,0.023701225448772685,13,0.02301565503021613,0.02300544217508356,10.0,6,0.057851052473073955,0.023011059245406473,Core player strength,Home,Team-level,True,True,13
away_team_core_score,0.021049619151266477,16,0.023050321335202583,14,0.022049970243234532,0.022027266862239776,15.0,2,0.08679714936904685,0.022039753721786896,Core player strength,Away,Team-level,True,True,14
away_momentum_DF,0.021371960155123375,13,0.022680778587822584,15,0.02202636937147298,0.02201664589046478,14.0,2,0.05770606276285067,0.02202199380501929,Momentum,Away,DF,True,True,15
home_momentum_DF,0.021695474195454378,11,0.02151682250677648,16,0.021606148351115427,0.021605963701347392,13.5,5,0.008234514123472297,0.02160606525871981,Momentum,Home,DF,True,True,16
momentum_FWRatio,0.020569531928185673,18,0.020988337396966178,17,0.020778934662575924,0.02077787949253795,17.5,1,0.019954199366027093,0.02077845983605884,Momentum,Ratio,FW,True,True,17
core_MFDiff,0.01991152048687397,27,0.020156091630967873,18,0.02003380605892092,0.020033432842259606,22.5,9,0.012133857524151295,0.02003363811142333,Core player strength,Difference,MF,True,True,18
core_FWDiff,0.020116536226092472,25,0.019939671547762074,19,0.020028103886927273,0.020027908653350232,22.0,6,0.00879200456493064,0.020028016031817607,Core player strength,Difference,FW,True,True,19
team_momentumRatio,0.020588467152872974,17,0.01925689170182027,20,0.019922679427346622,0.019911551478208795,18.5,3,0.06467579354818029,0.019917671850234603,Momentum,Ratio,Team-level,True,True,20
core_DFDiff,0.020114166454309072,26,0.01896389044139207,21,0.01953902844785057,0.019530561921241304,23.5,5,0.05718735675823039,0.0195352185108764,Core player strength,Difference,DF,True,True,21
team_core_scoreRatio,0.020363842984163272,21,0.018415590313251667,23,0.01938971664870747,0.019365231462591274,22.0,2,0.09567215149059728,0.019378698314955187,Core player strength,Ratio,Team-level,True,True,22
momentum_DFDiff,0.020139561361689873,24,0.01855480431147217,22,0.01934718283658102,0.0193309497952129,23.0,2,0.07868875700700614,0.019339877967965366,Momentum,Difference,DF,True,True,23
momentum_FWDiff,0.020517242969044072,19,0.018096482500627165,26,0.019306862734835617,0.01926888497942789,22.5,7,0.11798663553720608,0.01928977274490214,Momentum,Difference,FW,True,True,24
team_core_scoreDiff,0.020386224641817073,20,0.018217109913149968,25,0.01930166727748352,0.019271172642424953,22.5,5,0.10640100198924166,0.019287944691707165,Core player strength,Difference,Team-level,True,True,25
team_momentumDiff,0.020197131031407273,23,0.018336593393222664,24,0.019266862212314967,0.019244390856365267,23.5,1,0.09211890715029795,0.019256750102137603,Momentum,Difference,Team-level,True,True,26
momentum_MFDiff,0.01990292894278877,28,0.017920429566771166,27,0.01891167925477997,0.018885683368406278,27.5,1,0.09960842354993704,0.01889998110591181,Momentum,Difference,MF,True,True,27
core_MFRatio,0.020197311005121274,22,0.017460871408575163,28,0.01882909120684822,0.018779314424638153,25.0,6,0.13548534237316312,0.01880669165485369,Core player strength,Ratio,MF,True,True,28
momentum_DFRatio,0.01984657873351517,29,0.01722713665730326,29,0.018536857695409213,0.018490530658209745,29.0,0,0.13198456577245846,0.018516010528669455,Momentum,Ratio,DF,True,True,29
core_DFRatio,0.01959807728064797,31,0.016738844787065162,30,0.018168461033856567,0.018112127807788748,30.5,1,0.14589352070808204,0.01814311108212605,Core player strength,Ratio,DF,True,True,30
core_FWRatio,0.01939073984436607,32,0.01622553280927486,31,0.017808136326820465,0.017737674186343456,31.5,1,0.16323291738715445,0.017776428363605812,Core player strength,Ratio,FW,True,True,31
momentum_MFRatio,0.01982005427056537,30,0.015241311215253156,32,0.01753068274290926,0.01738055279445663,31.0,2,0.2310156669001696,0.01746312426610558,Momentum,Ratio,MF,True,True,32
team_stabilityRatio,0.017731337328039262,33,0.014854768909830753,33,0.01629305311893501,0.01622944603091181,33.0,0,0.16223076494403374,0.01626442992932457,Team stability,Ratio,Team-level,True,True,33
core_player_countRatio,0.014411879580415652,34,0.014108039251999351,34,0.014259959416207502,0.014259150143525103,34.0,0,0.021082630251031957,0.014259595243500425,Core player strength,Ratio,Team-level,True,True,34
team_stabilityDiff,0.012582188372690544,36,0.01349832749638505,35,0.013040257934537797,0.013032210068740646,35.5,1,0.06787056573785563,0.01303663639492908,Team stability,Difference,Team-level,True,True,35
available_count_MFRatio,0.012828644971815146,35,0.012682174294883346,36,0.012755409633349247,0.012755199390826415,35.5,1,0.011417470609998136,0.012755315024213974,Availability,Ratio,MF,True,True,36
starter_count_MFRatio,0.011666273139929842,37,0.01080814298084244,38,0.01123720806038614,0.011229013676629101,37.5,1,0.07355649476012202,0.011233520587695472,Starter availability,Ratio,MF,True,True,37
momentum_GKDiff,0.010950206570942539,38,0.011166900071618741,37,0.01105855332128064,0.011058022542086729,37.5,1,0.01940498251855411,0.011058314470643382,Momentum,Difference,GK,True,True,38
home_team_stability,0.010511421552329437,39,0.010430276396894138,39,0.010470848974611788,0.010470770368748713,39.0,0,0.0077197127934914705,0.010470813601973404,Team stability,Home,Team-level,True,True,39
momentum_GKRatio,0.010471688148281937,40,0.009717406227213437,41,0.010094547187747688,0.010087499572319795,40.5,1,0.072030594340441,0.010091375760805137,Momentum,Ratio,GK,True,True,40
available_count_FWRatio,0.009515122709211734,44,0.010130192308055936,40,0.009822657508633835,0.009817842068350105,42.0,4,0.06071647804307473,0.009820490560506157,Availability,Ratio,FW,True,True,41
core_GKDiff,0.009712800333365135,43,0.009348825957173434,42,0.009530813145269285,0.00952907549940742,42.5,1,0.037473680473116104,0.009530031204631445,Core player strength,Difference,GK,True,True,42
available_count_DFRatio,0.010004239186961035,41,0.009007614002826934,44,0.009505926594893984,0.009492856524150155,42.5,3,0.099620287511023,0.009500045063059261,Availability,Ratio,DF,True,True,43
core_GKRatio,0.009804086642847435,42,0.009096095324676133,43,0.009450090983761785,0.009443458406469755,42.5,1,0.07221389854686935,0.009447106323980372,Core player strength,Ratio,GK,True,True,44
away_team_stability,0.009244694378805233,45,0.008733194885968432,46,0.008988944632386833,0.008985305652637698,45.5,1,0.0553289781011567,0.008987307091499723,Team stability,Away,Team-level,True,True,45
home_momentum_GK,0.006409185819039023,54,0.008735227323634631,45,0.0075722065713368265,0.0074823589254139145,49.5,9,0.2662828817633756,0.007531775130671516,Momentum,Home,GK,True,True,46
core_player_countDiff,0.00867303016398143,46,0.006105833625553722,51,0.007389431894767576,0.007277092771889027,48.5,5,0.2959976490211138,0.007338879289472229,Core player strength,Difference,Team-level,True,True,47
home_core_GK,0.005828697477089621,60,0.008558438338744931,47,0.007193567907917276,0.007062899401298992,53.5,13,0.31895314934939617,0.007134767079939049,Core player strength,Home,GK,True,True,48
available_count_MFDiff,0.008094356775782529,48,0.006027098207661122,52,0.007060727491721826,0.00698466056551702,50.0,4,0.25539503945593667,0.007026497374929663,Availability,Difference,MF,True,True,49
starter_count_FWRatio,0.00820315883736193,47,0.005878670603521522,54,0.007040914720441726,0.0069443263685700545,50.5,7,0.2833650158343082,0.006997449962099474,Starter availability,Ratio,FW,True,True,50
away_available_count_MF,0.006920093804704024,50,0.006502941259813523,49,0.006711517532258774,0.006708275748982725,49.5,1,0.06028134251690871,0.006710058729784552,Availability,Away,MF,True,True,51
away_momentum_GK,0.006361642992248823,55,0.006374311972892624,50,0.006367977482570723,0.006367974331980314,52.5,5,0.001987505584552027,0.00636797606480504,Momentum,Away,GK,True,True,52
away_available_count_FW,0.0059783354686133204,59,0.006584879817144424,48,0.006281607642878872,0.0062742824743065645,53.5,11,0.09211168090750906,0.0062783113170213345,Availability,Away,FW,True,True,53
home_core_player_count,0.006953480473486524,49,0.0055725195630753205,55,0.006263000018280922,0.006224821762104189,52.0,6,0.1985999551845696,0.0062458198030013925,Core player strength,Home,Team-level,True,True,54
away_core_player_count,0.006810114126056125,51,0.00543408921101932,56,0.006122101668537722,0.006083318806228377,53.5,5,0.20205607271279152,0.006104649380498517,Core player strength,Away,Team-level,True,True,55
home_starter_count_MF,0.006041523546870322,58,0.0060012715444277215,53,0.006021397545649022,0.006021363910844694,55.5,5,0.006662558232261095,0.006021382409987074,Starter availability,Home,MF,True,True,56
starter_count_MFDiff,0.006774908602759924,52,0.0047819293452990175,60,0.00577841897402947,0.00569184805307173,56.0,8,0.2941706485381984,0.005739462059598488,Starter availability,Difference,MF,True,True,57
away_core_GK,0.00568334277716982,62,0.005160423543251019,57,0.005421883160210419,0.005415575303850254,59.5,5,0.09200909648092763,0.0054190446248483445,Core player strength,Away,GK,True,True,58
away_starter_count_MF,0.00566157457711482,63,0.005086064142702718,58,0.00537381935990877,0.005366109526267703,60.5,5,0.10165200980278997,0.005370349934770291,Starter availability,Away,MF,True,True,59
available_count_DFDiff,0.006160294823458022,56,0.004427917401619816,61,0.005294106112538919,0.005222765230019271,58.5,5,0.28121664165186044,0.005262002715405077,Availability,Difference,DF,True,True,60
available_count_FWDiff,0.006477952852102923,53,0.004131285872237115,64,0.00530461936217002,0.005173226758891488,58.5,11,0.362254408675422,0.005245492690694681,Availability,Difference,FW,True,True,61
home_available_count_MF,0.006052377029867822,57,0.004409175705987116,63,0.005230776367927469,0.005165848794106121,60.0,6,0.2714968541734406,0.005201558959707863,Availability,Home,MF,True,True,62
starter_count_DFRatio,0.00556736436639622,64,0.004416434256278317,62,0.004991899311337268,0.00495861862870452,63.0,2,0.20672800168509636,0.004976923004152532,Starter availability,Ratio,DF,True,True,63
home_available_count_DF,0.005059226950416618,65,0.004877392825682518,59,0.0049683098880495685,0.004967477954803791,62.0,6,0.0359410887307844,0.004967935518088969,Availability,Home,DF,True,True,64
starter_count_FWDiff,0.005813177110883721,61,0.0038496571058938144,66,0.004831417108388768,0.004730617145017423,63.5,5,0.3377705456993055,0.004786057124871663,Starter availability,Difference,FW,True,True,65
away_available_count_DF,0.004725249545663217,67,0.0036164364340795134,67,0.004170842989871365,0.004133831711264275,67.0,0,0.2346570484518347,0.004154187914498174,Availability,Away,DF,True,True,66
home_available_count_FW,0.0047812621297388174,66,0.0033174866737174123,68,0.004049374401728115,0.003982684195232941,67.0,2,0.3061483383052595,0.004019363808805286,Availability,Home,FW,True,True,67
away_starter_count_FW,0.004529631298049716,69,0.0031913713955452117,69,0.0038605013467974637,0.003802069930572318,69.0,0,0.29544565869648315,0.003834207209496148,Starter availability,Away,FW,True,True,68
home_starter_count_FW,0.004603681383326417,68,0.0028741512078385104,70,0.0037389162955824636,0.0036375371349845055,69.0,2,0.37568416045296,0.0036932956733133826,Starter availability,Home,FW,True,True,69
away_starter_count_DF,0.0032724259433569115,74,0.004083759489704515,65,0.0036780927165307132,0.0036556532248750067,69.5,9,0.19867319522441035,0.0036679949452856457,Starter availability,Away,DF,True,True,70
starter_count_DFDiff,0.0040494264204739144,71,0.002523687833020309,72,0.003286557126747112,0.0031967934228005726,71.5,1,0.37677893830579695,0.0032461634599711695,Starter availability,Difference,DF,True,True,71
available_player_countDiff,0.0037787429863872135,72,0.0025654450506360097,71,0.003172094018511612,0.003113544201075779,71.5,1,0.3210850645630217,0.0031457466006654874,Availability,Difference,Team-level,True,True,72
available_player_countRatio,0.004411726969279816,70,0.0018166787683697068,76,0.003114202868824761,0.0028310229099981995,73.0,6,0.5882159569212264,0.0029867718873528085,Availability,Ratio,Team-level,True,True,73
away_available_player_count,0.0033406741389921117,73,0.002379485673903309,73,0.00286007990644771,0.002819412395324778,73.0,0,0.2877229041497581,0.0028417795264423906,Availability,Away,Team-level,True,True,74
home_available_player_count,0.002990983668178511,75,0.0020425770766691075,75,0.0025167803724238094,0.002471702789032918,75.0,0,0.3170885222810249,0.0024964954598979084,Availability,Home,Team-level,True,True,75
home_starter_count_DF,0.0026939599188871097,76,0.0022352611203175082,74,0.002464610519602309,0.002453916026758468,75.0,2,0.17026934786731815,0.0024597979978225803,Starter availability,Home,DF,True,True,76
available_count_GKDiff,0.0013140088336100048,77,0.0006558300749995024,77,0.0009849194543047537,0.0009283138003371803,77.0,0,0.500893709216759,0.0009594469100193458,Availability,Difference,GK,True,True,77
available_count_GKRatio,0.0009473062652077033,78,0.00047972214844400175,78,0.0007135142068258525,0.0006741244668307943,78.0,0,0.4935933962826484,0.0006957888238280764,Availability,Ratio,GK,True,True,78
away_available_count_GK,0.0007839073953708029,79,0.00033401230035410125,79,0.000558959847862452,0.0005116978721788803,79.0,0,0.5739135740694127,0.0005376919588048447,Availability,Away,GK,True,True,79
home_available_count_GK,0.0006071091003952021,80,0.00012732883932780047,80,0.0003672189698615013,0.0002780332661727121,80.0,0,0.7902702508578527,0.00032708540320154617,Availability,Home,GK,True,True,80
