rank,picks,model_probability,market_probability,conservative_value_index,search_score
1,HHDAHDAHAAAAD,3.1529026264005487e-06,1.0634006558133003e-08,1.209500905411657,-9.619986158589095
2,HHDAADAHAAAAD,2.575474552143833e-06,5.489278893461687e-09,1.225270991755095,-9.638687668209414
3,HHDAHHAHAAAAD,4.026802459668441e-06,2.634694162164291e-08,1.1863832729339077,-9.640395444941047
4,HHDAHDAHAAAAH,3.5078968217529336e-06,1.6386088745263385e-08,1.1989118590958108,-9.643566006534273
5,HHDAAHAHAAAAD,3.2893268490267445e-06,1.3600302930069228e-08,1.2018519398583118,-9.659096954561367
6,HHDAADAHAAAAH,2.865454492733566e-06,8.458506265164125e-09,1.2145438800819197,-9.662267516154593
7,HHDAHHAHAAAAH,4.480191500942118e-06,4.0598369130055476e-08,1.1759966189270912,-9.663975292886226
8,HHDAHDDHAAAAD,3.3855185138009465e-06,1.58496458232138e-08,1.197408876233618,-9.67996519954678
9,HHDAAHAHAAAAH,3.6596814322110402e-06,2.0956896119660404e-08,1.1913298593877581,-9.682676802506545
10,HHDAADDHAAAAD,2.7654887610850165e-06,8.181594191294698e-09,1.2130213005667576,-9.6986667091671
11,HHDAHHDHAAAAD,4.323893216515329e-06,3.92692717410968e-08,1.1745223631251867,-9.700374485898735
12,HHDAHDDHAAAAH,3.766703587705188e-06,2.4422939897619638e-08,1.1869256942924458,-9.703545047491959
13,HHDAAHDHAAAAD,3.5320078876130297e-06,2.0270815459028615e-08,1.1898363814908686,-9.719075995519052
14,HHDAADDHAAAAH,3.0768629371464624e-06,1.2607132388286235e-08,1.2024014335816746,-9.722246557112278
15,HHDAHHDHAAAAH,4.8107325436590445e-06,6.051056750753511e-08,1.1642395500685923,-9.723954333843913
16,HHDAAHDHAAAAH,3.92968661309682e-06,3.1235581738141956e-08,1.179419495901521,-9.742655843464231
17,HHDAHDAHDAAAD,2.49443079057921e-06,6.8309934883169785e-09,1.2161082689532057,-9.770919502632893
18,HHDAHDAHHAAAD,2.3630350216982694e-06,5.809253746793608e-09,1.2199114687331292,-9.781871543361252
19,HHDAHDAHAAAAA,2.8003047577502733e-06,1.0649074225944725e-08,1.2053266243810647,-9.786585871870658
20,HHDAADAHDAAAD,2.037596394327917e-06,3.5261618630575633e-09,1.2319645054541892,-9.789621012253212
21,HHDAHHAHDAAAD,3.1858199358488524e-06,1.692455103075547e-08,1.1928643475232805,-9.791328788984845
22,HHDAHDAHDAAAH,2.7752857855762496e-06,1.0525972962868915e-08,1.2054613759021866,-9.794499350578072
23,HHDAADAHHAAAD,1.9302646752387776e-06,2.9987393561130183e-09,1.2358172932820775,-9.800573052981571
24,HHDAHHAHHAAAD,3.0180047927837284e-06,1.4393076447279658e-08,1.1965948553569985,-9.802280829713204
25,HHDAADAHAAAAA,2.2874520708134596e-06,5.497056830257233e-09,1.221042284330955,-9.805287381490977
26,HHDAHDAHHAAAH,2.629095796646767e-06,8.951559971148488e-09,1.2092312790897406,-9.80545139130643
27,HHDAHHAHAAAAA,3.5764739424266277e-06,2.638427345532569e-08,1.1822887764609724,-9.80699515822261
28,HHDAAHAHDAAAD,2.602363328251053e-06,8.736460735336632e-09,1.2084175179858097,-9.810030298605165
29,HHDAADAHDAAAH,2.267015116745977e-06,5.433511903755029e-09,1.221178792810764,-9.81320086019839
30,HHDAHHAHDAAAH,3.544520383872322e-06,2.6079276296063234e-08,1.182420952427064,-9.814908636930024
31,HHDAHDAHADAAD,2.753579190929047e-06,1.0782168777435689e-08,1.2021518577771366,-9.815111509061426
32,HHDAAHAHHAAAD,2.465282142549476e-06,7.429712434548658e-09,1.2121966660730235,-9.820982339333524
33,HHDAADAHHAAAH,2.1475986168155924e-06,4.620799220365435e-09,1.224997849908421,-9.82415290092675
34,HHDAAHAHAAAAA,2.921472280176634e-06,1.3619573639144809e-08,1.1977040572633637,-9.82569666784293
35,HHDAHHAHHAAAH,3.357810460745956e-06,2.2178491868815613e-08,1.1861188000783411,-9.825860677658383
36,HHDAHDDHDAAAD,2.6784657262130765e-06,1.018137677634764e-08,1.2039501824184697,-9.830898543590578
37,HHDAAHAHDAAAH,2.8953707519473896e-06,1.346213397049751e-08,1.1978379566067496,-9.833610146550344
38,HHDAADAHADAAD,2.2492839056202485e-06,5.565760296663817e-09,1.2178261235095937,-9.833813018681745
39,HHDAHHAHADAAD,3.5167973048325515e-06,2.671403010528837e-08,1.1791746903304725,-9.835520795413379
40,HHDAHDAHADAAH,3.063612434911237e-06,1.6614393971606525e-08,1.1916271515584587,-9.838691357006605
41,HHDAHDDHHAAAD,2.537375797061222e-06,8.65850645102685e-09,1.2077153595706276,-9.841850584318937
42,HHDAAHAHHAAAH,2.742855209089138e-06,1.1448547322099455e-08,1.2015840186714966,-9.844562187278703
43,HHHAHDAHAAAAD,3.117634017986795e-06,1.7957111119251968e-08,1.1899443295969647,-9.845306580450954
44,HHDAHDDHAAAAA,3.00690656357873e-06,1.587210369898176e-08,1.1932763277290563,-9.846564912828343
45,HHDAADDHDAAAD,2.1879268515585483e-06,5.255631199704539e-09,1.2196478956198296,-9.849600053210898
46,HHDAHHDHDAAAD,3.420864407336826e-06,2.5225500669756975e-08,1.180938642936243,-9.851307829942531
47,HHDAAHAHADAAD,2.8727249258517345e-06,1.3789794167853611e-08,1.1945493680982244,-9.854222305033698
48,HHDAHDDHDAAAH,2.980041733443424e-06,1.5688625213288123e-08,1.1934097320669577,-9.854478391535757
49,HHDAADAHADAAH,2.5025371217229935e-06,8.576357524083456e-09,1.2071641908324113,-9.857392866626924
50,HHDAHHAHADAAH,3.912763427919495e-06,4.116402088487579e-08,1.1688511466650522,-9.859100643358557
51,HHDAADDHHAAAD,2.07267637758206e-06,4.4695248635306586e-09,1.2234621650616435,-9.860552093939257
52,HHDAHHDHHAAAD,3.2406681434288154e-06,2.1452418968215734e-08,1.1846318548825643,-9.86225987067089
53,HHHAADAHAAAAD,2.546665098055861e-06,9.269468710179361e-09,1.2054594273845447,-9.864008090071271
54,HHDAADDHAAAAA,2.456216462356249e-06,8.193186956709232e-09,1.208834869798492,-9.865266422448663
55,HHDAHDDHHAAAH,2.823066091408401e-06,1.3342013128574887e-08,1.197141945510636,-9.865430432264116
56,HHHAHHAHAAAAD,3.9817583412994195e-06,4.4490752922325684e-08,1.167200489094223,-9.865715866802907
57,HHDAHHDHAAAAA,3.840340213752534e-06,3.932491364225324e-08,1.1704688015292726,-9.866974199180298
58,HHHAHDAHAAAAH,3.4686572212888065e-06,2.7670362511068375e-08,1.1795264989339176,-9.868886428396133
59,HHDAAHDHDAAAD,2.7943613461633474e-06,1.3021414614193312e-08,1.196336320012862,-9.87000933956285
60,HHDAADDHDAAAH,2.4342717039670127e-06,8.09847528116002e-09,1.2089700135298225,-9.873179901156076
61,HHDAHHDHDAAAH,3.8060291750412227e-06,3.887032515531094e-08,1.1705996560613483,-9.87488767788771
62,HHDAHDDHADAAD,2.956733662514005e-06,1.6070476860649343e-08,1.1901333009694197,-9.875090550019111
63,HHDAHDAAAAAAD,3.893002150253964e-06,4.220516106270824e-08,1.1680705847533863,-9.876180378110957
64,HHDAAHAHADAAH,3.196173124023878e-06,2.1248885805938148e-08,1.1840912208337115,-9.877802152978877
65,HHDAAHDHHAAAD,2.647166539637941e-06,1.1073748169344595e-08,1.2000776859299804,-9.88096138029121
66,HHDAADDHHAAAH,2.3060448542120025e-06,6.887153084080207e-09,1.2127508894656045,-9.884131941884435
67,HHHAAHAHAAAAD,3.252532188889838e-06,2.296614635656375e-08,1.1824190411521516,-9.884417376423224
68,HHDAAHDHAAAAA,3.1370136233435754e-06,2.0299537833040745e-08,1.1857299675026332,-9.885675708800616
69,HHDAHHDHHAAAH,3.6055441057714817e-06,3.305633103497652e-08,1.174260534346588,-9.885839718616069
70,AHDAHDAHAAAAD,4.035145842869593e-06,4.9126563231135284e-08,1.1629821260757676,-9.886716774754936
71,HHHAADAHAAAAH,2.833401300990373e-06,1.4283453379128658e-08,1.194905763760702,-9.88758793801645
72,HHHAHHAHAAAAH,4.430075738297795e-06,6.855642054981107e-08,1.1569817782329108,-9.889295714748085
73,DHDAHDAHAAAAD,3.105423316057982e-06,1.9835287681786875e-08,1.1817168729416427,-9.890591209381972
74,HHDAAHDHDAAAH,3.1089863679761974e-06,2.006487905481441e-08,1.185862528182476,-9.893589187508029
75,HHDAADDHADAAD,2.4152323137125753e-06,8.295587270590767e-09,1.2056508626616127,-9.89379205963943
76,HHDAADAAAAAAD,3.180030961142202e-06,2.1786322826694734e-08,1.183300481559889,-9.894881887731277
77,HHDAHHDHADAAD,3.7762607335540653e-06,3.981640535623561e-08,1.16738584858783,-9.895499836371064
78,HHDAHHAAAAAAD,4.972037671849648e-06,1.0456801099118738e-07,1.1457448251234603,-9.89658966446291
79,HHDAHDDHADAAH,3.2896406411839274e-06,2.4763221517472497e-08,1.1797138158829603,-9.89867039796429
80,HHDAHDAAAAAAH,4.331326237481561e-06,6.503452023477886e-08,1.1578442563010556,-9.899760226056136
81,HHDAAHDHHAAAH,2.945218483213297e-06,1.706369271578078e-08,1.1895711388558377,-9.904541228236388
82,HHHAHDDHAAAAD,3.3476478463908744e-06,2.6764498375314833e-08,1.1780478179950729,-9.90528562140864
83,AHDAADAHAAAAD,3.296142210507762e-06,2.5359153690453184e-08,1.1781456769768295,-9.905418284375255
84,AHDAHHAHAAAAD,5.153579774120148e-06,1.2171655964729018e-07,1.1407536240146958,-9.907126061106888
85,HHHAAHAHAAAAH,3.618743957558013e-06,3.538885464082629e-08,1.172067093555025,-9.907997224368403
86,DHDAADAHAAAAD,2.536690685329587e-06,1.023898428331327e-08,1.1971246969758418,-9.909292719002291
87,AHDAHDAHAAAAH,4.4894742891795085e-06,7.569980519144115e-08,1.1528003465149446,-9.910296622700114
88,DHDAHHAHAAAAD,3.966163161115452e-06,4.914414559965132e-08,1.159130286822369,-9.911000495733925
89,DHDAHDAHAAAAH,3.4550716820054843e-06,3.056447092305107e-08,1.171371072749342,-9.91417105732715
90,HHDAAHDHADAAD,3.084669770671484e-06,2.0553246073403952e-08,1.1826068174568625,-9.914201345991383
91,HHDAAHAAAAAAD,4.0614500393779145e-06,5.397805357061708e-08,1.1606836273508094,-9.91529117408323
92,HHDAADDHADAAH,2.6871701289232853e-06,1.2782785911112274e-08,1.1950955230431457,-9.91737190758461
93,HHDAADAAAAAAH,3.5380796121832037e-06,3.357084813890272e-08,1.1729408170497282,-9.918461735676456
94,HHDAHHDHADAAH,4.2014405755586526e-06,6.135365331194666e-08,1.1571655149247042,-9.919079684316243
95,HHDAHHAAAAAAH,5.531853410464779e-06,1.6113030386527272e-07,1.1357139562211804,-9.920169512408089
96,HHHAADDHAAAAD,2.734553793613886e-06,1.3815845911185846e-08,1.1934078030296917,-9.923987131028959
97,HHHAHHDHAAAAD,4.275525818359979e-06,6.631204075077991e-08,1.1555313598628192,-9.925694907760592
98,AHDAAHAHAAAAD,4.209744205085838e-06,6.283014197933164e-08,1.1556273484301223,-9.925827570727206
99,HHHAHDDHAAAAH,3.7245689550866363e-06,4.124178814474668e-08,1.1677341399719998,-9.928865469353818
100,AHDAADAHAAAAH,3.6672641544550352e-06,3.907627295553372e-08,1.1678311422092218,-9.928998132320434
101,DHDAAHAHAAAAD,3.239793137146346e-06,2.5368229716865668e-08,1.1742436154893379,-9.929702005354244
102,AHDAHHAHAAAAH,5.733835849832424e-06,1.875547412205852e-07,1.1307664525246923,-9.930705909052067
103,DHDAADAHAAAAH,2.822303841015438e-06,1.5777393422746265e-08,1.1866440029925613,-9.93287256694747
104,DHDAHHAHAAAAH,4.412724652811067e-06,7.5726898107858e-08,1.1489822296871124,-9.934580343679103
105,HHDAHDDAAAAAD,4.180221343847279e-06,6.290543936556176e-08,1.1563927567090662,-9.936159419068643
106,HHDAHDAHDAAAA,2.2154716584800526e-06,6.840672543915035e-09,1.2119111843081884,-9.937519215914456
107,HHDAAHDHADAAH,3.4319814364356374e-06,3.167078300365124e-08,1.1722532258990093,-9.937781193936562
108,HHDAHAAHAAAAD,2.817764550720832e-06,1.5924557084567243e-08,1.1906567072645453,-9.938839796099515
109,HHDAAHAAAAAAH,4.51874014932935e-06,8.317553419489345e-08,1.1505219708914627,-9.938871022028408
110,HHHAAHDHAAAAD,3.492498578933642e-06,3.423030479487842e-08,1.170597763894476,-9.944396417380911
111,AHDAHDDHAAAAD,4.332852160587598e-06,7.322156738089471e-08,1.151355170081667,-9.946695815712623
112,HHHAADDHAAAAH,3.042444914476065e-06,2.1289029299914493e-08,1.1829596500407757,-9.947566978974137
113,HHDAHDAHHAAAA,2.0987702438329365e-06,5.8174850663073e-09,1.2157012583230746,-9.948471256642815
114,HHHAHHDHAAAAH,4.756919323788278e-06,1.0218114674668561e-07,1.1454148109340399,-9.94927475570577
115,AHDAAHAHAAAAH,4.683731173224434e-06,9.68158404569938e-08,1.1455099591320794,-9.949407418672385
116,DHDAHDDHAAAAD,3.334536259277353e-06,2.9563860322940722e-08,1.169902615636124,-9.95057025033966
117,DHDAAHAHAAAAH,3.6045705800648562e-06,3.909025833098321e-08,1.1639632428373876,-9.953281853299423
118,HHDAADDAAAAAD,3.414648331749472e-06,3.24718156515729e-08,1.171470392069762,-9.954860928688962
119,HHDAADAHDAAAA,1.8097263231770944e-06,3.531158195842633e-09,1.227712697090532,-9.956220725534775
120,HHDAHHDAAAAAD,5.338866303200657e-06,1.558552676818393e-07,1.1342901996709358,-9.956568705420596
121,HHDAAAAHAAAAD,2.3017142469126697e-06,8.220263417571933e-09,1.2061810933935204,-9.957541305719834
122,HHDAHHAHDAAAA,2.8295408329428833e-06,1.6948531974476023e-08,1.1887474832897298,-9.957928502266409
123,HHDAHDDAAAAAH,4.650884249808335e-06,9.693186724767748e-08,1.1462686663464108,-9.959739267013822
124,HHDAHAAHAAAAH,3.1350246053129963e-06,2.4538371703105817e-08,1.180232639814008,-9.962419644044694
125,AHDAADDHAAAAD,3.5393260750759174e-06,3.7797005500502196e-08,1.1663671228325185,-9.96539732533294
126,HHDAHDAHDDAAD,2.178504550263585e-06,6.926168825076309e-09,1.208719074321533,-9.966044853105222
127,AHDAHHDHAAAAD,5.533802278427011e-06,1.8141462963027676e-07,1.1293488982763182,-9.967105102064576
128,HHDAADAHHAAAA,1.7143978087135939e-06,3.002988366890362e-09,1.2315521880129998,-9.967172766263134
129,HHHAAHDHAAAAH,3.885728839968791e-06,5.274595319083283e-08,1.1603493102689821,-9.96797626532609
130,HHDAHHAHHAAAA,2.680492924005619e-06,1.4413470462791193e-08,1.1924651162359508,-9.968880542994768
131,DHDAADDHAAAAD,2.7238434853835164e-06,1.526087778795389e-08,1.1851563993906027,-9.969271759959977
132,AHDAHDDHAAAAH,4.820700200501417e-06,1.1282813252103876e-07,1.1412751832313606,-9.970275663657802
133,DHDAHHDHAAAAD,4.258780051840967e-06,7.324777333743509e-08,1.1475418397309347,-9.970979536691612
134,DHDAHDDHAAAAH,3.709981097415888e-06,4.5555363940769584e-08,1.159660247956553,-9.974150098284838
135,HHDAAHDAAAAAD,4.361097036761034e-06,8.045255818150882e-08,1.1490796506810927,-9.975270215040915
136,HHDAAHAHDAAAA,2.3113338003133306e-06,8.748839709102628e-09,1.204246975988037,-9.976630011886728
137,HHDAHDAHHDAAD,2.063750402153489e-06,5.8901933176799075e-09,1.2124991654818422,-9.976996893833581
138,HHDAADDAAAAAH,3.799113213979162e-06,5.003627278935248e-08,1.1612142986813514,-9.978440776634141
139,HHDAHHDAAAAAH,5.939984311580883e-06,2.4015955168827506e-07,1.1243596147443888,-9.980148553365774
140,HHDAHDAHAAAHD,3.2688024632372875e-06,2.9743041280946833e-08,1.1754126776954,-9.980861143159027
141,HHDAAAAHAAAAH,2.5608707429528615e-06,1.2666718337385058e-08,1.195621111663788,-9.981121153665013
142,HHDAHDAHADAAA,2.4456387725502694e-06,1.0797446381087725e-08,1.198002940092695,-9.98171122234299
143,HHDAADAHDDAAD,1.7795294354963126e-06,3.5752914140311355e-09,1.2244789667546216,-9.984746362725542
144,AHDAAHDHAAAAD,4.520332098221209e-06,9.364631213557242e-08,1.1440739220923382,-9.985806611684893
145,HHDAHHAHDDAAD,2.7823274362948416e-06,1.7160358581532314e-08,1.18561638526691,-9.986454139457175
146,HHDAAHAHHAAAA,2.1895827848192642e-06,7.440239834385088e-09,1.2080130813184393,-9.987582052615087
147,AHDAADDHAAAAH,3.937828775917548e-06,5.824193196145394e-08,1.156155708000423,-9.98897717327812
148,HHDAHDAHDDAAH,2.4237885192059497e-06,1.0672629964251519e-08,1.1981368728501904,-9.989624701050401
149,DHDAAHDHAAAAD,3.4788196612389663e-06,3.781053302687076e-08,1.1625040723463005,-9.98968104631193
150,AHDAHHDHAAAAH,6.156868677820413e-06,2.7954432833570796e-07,1.1194615738955833,-9.990684950009754
151,DHDAADDHAAAAH,3.0305287024475957e-06,2.3515699035635712e-08,1.1747804865256206,-9.992851607905155
152,DHDAHHDHAAAAH,4.738288104207316e-06,1.1286851364429418e-07,1.1374952381650216,-9.99455938463679
153,HHDAADAHHDAAD,1.685791561787253e-06,3.040520398440118e-09,1.2283083446609906,-9.9956984034539
154,HHHAHDAHDAAAD,2.466527898167791e-06,1.1535154549136438e-08,1.1964448578269753,-9.996239924494752
155,HHDAHHAHHDAAD,2.6357665238208508e-06,1.459361329455019e-08,1.189324226164499,-9.997406180185534
156,HHDAHDDHDAAAA,2.378925455477306e-06,1.0195803098382871e-08,1.1997950582794457,-9.997498256872142
157,HHDAHADHAAAAD,3.0256545109000335e-06,2.3735041755160998e-08,1.1787530736410794,-9.998818837057202
158,HHDAAHDAAAAAH,4.852125246911021e-06,1.23970466910933e-07,1.1390195857508256,-9.998850062986094
159,HHDAADAHAAAHD,2.6701482911522012e-06,1.535337107780812e-08,1.1907383044340747,-9.999562652779346
160,HHDAADAHADAAA,1.9977402313975895e-06,5.573646602433082e-09,1.2136231101317776,-10.000412731963308
161,HHDAHDAHHDAAH,2.296113878045867e-06,9.076280882716112e-09,1.2018838697315326,-10.00057674177876
162,HHDAHHAHAAAHD,4.17482661497899e-06,7.369171421846515e-08,1.152946585961966,-10.00127042951098
163,HHDAHHAHADAAA,3.123504082334707e-06,2.6751882078515807e-08,1.1751050724247913,-10.002120508694942
164,HHDAHDAHAAAHH,3.636846147963311e-06,4.5831466373403865e-08,1.1651220700334628,-10.004440991104206
165,HHDAAHAHDDAAD,2.272767147296798e-06,8.85818469745026e-09,1.2010750531208958,-10.005155649077494
166,HHHAHDAHHAAAD,2.3366019323442207e-06,9.809794124240085e-09,1.2001865631801465,-10.007191965223111
167,HHDAADAHDDAAH,1.979891671478555e-06,5.509216312800385e-09,1.2137587891725048,-10.00832621067072
168,HHDAHDDHHAAAA,2.2536140054609636e-06,8.670774968846247e-09,1.2035472408918781,-10.0084502976005
169,AHDAAHDHAAAAH,5.029289032855617e-06,1.4430090605375127e-07,1.1340576817608237,-10.009386459630072
170,HHDAHHAHDDAAH,3.0955975262696637e-06,2.6442635433817145e-08,1.1752364452765844,-10.010033987402354
171,HHHAHDAHAAAAA,2.7689803358942724e-06,1.7982555130756377e-08,1.1858375430536285,-10.011906293732517
172,DHDAAHDHAAAAH,3.870509774367342e-06,5.826277671515703e-08,1.1523264780928717,-10.013260894257108
173,HHHAADAHDAAAD,2.0148036861944417e-06,5.954451885396443e-09,1.2120447127991152,-10.01494143411507
174,HHDAAHAHHDAAD,2.153047655405395e-06,7.533229643896396e-09,1.2048312387289692,-10.016107689805853
175,HHDAADDHDAAAA,1.9432449073200826e-06,5.263078073526289e-09,1.2154385948645277,-10.016199766492461
176,HHHAHHAHDAAAD,3.150183111909746e-06,2.857963664412903e-08,1.1735767703543798,-10.016649210846705
177,HHDAAADHAAAAD,2.471530877976527e-06,1.2252039062585609e-08,1.1941222541565633,-10.01752034667752
178,HHDAHHDHDAAAA,3.0382996275467265e-06,2.5261243497485963e-08,1.1768629372022117,-10.017907543224094
179,HHDAADAHHDAAH,1.875599586303288e-06,4.685180210136205e-09,1.21755464129991,-10.01927825139908
180,HHHAHDAHDAAAH,2.744241227844547e-06,1.7774680229806467e-08,1.1859701157600615,-10.01981977243993
181,HHDAAHAHAAAHD,3.4102416029150153e-06,3.803969550621122e-08,1.167979288400336,-10.019971939131299
182,HHDAAHAHADAAA,2.5514601086029322e-06,1.3809333373192436e-08,1.19042668844991,-10.020822018315261
183,HHDAHHAHHDAAH,2.9325349074764984e-06,2.2487501888520474e-08,1.1789118244382453,-10.020986028130713
184,HHDAHADHAAAAH,3.36632148219102e-06,3.657365626459451e-08,1.1684332211830253,-10.022398685002381
185,HHDAADAHAAAHH,2.9707878149205766e-06,2.3658223233604508e-08,1.1803135226093657,-10.023142500724525
186,HHDAHHAHAAAHH,4.644882113207975e-06,1.1355258832813454e-07,1.1428526664420857,-10.024850277456158
187,HHHAADAHHAAAD,1.9086725878727283e-06,5.063820070170213e-09,1.2158352044047211,-10.025893474843429
188,HHDAHDDHDDAAD,2.3392309757872013e-06,1.0323232564238496e-08,1.1966348615281794,-10.026023894062908
189,HHDAHDAADAAAD,3.079963316999339e-06,2.7111435263525668e-08,1.1744516192454841,-10.027113722154754
190,HHDAADDHHAAAA,1.8408832143496341e-06,4.4758578778608575e-09,1.2192397003372157,-10.02715180722082
191,HHHAHHAHHAAAD,2.984245161789657e-06,2.4304863054087326e-08,1.17724695912678,-10.027601251575064
192,HHDAAHAHDDAAH,2.528664407783733e-06,1.3649700118281525e-08,1.190559774207586,-10.028735497022673
193,HHDAHHDHHAAAA,2.8782552129412245e-06,2.148281559445484e-08,1.180543402978191,-10.028859583952453
194,HHHAADAHAAAAA,2.2618644580926577e-06,9.282602920183146e-09,1.2012990944750235,-10.030607803352835
195,HHHAHDAHHAAAH,2.599686531242324e-06,1.511604833171957e-08,1.189679062897751,-10.03077181316829
196,HHHAHHAHAAAAA,3.536467233078474e-06,4.45537933090381e-08,1.1631721970617621,-10.03231558008447
197,HHHAAHAHDAAAD,2.5732530942698726e-06,1.475282108919116e-08,1.188878459601849,-10.035350720467022
198,HHDAAHDHDAAAA,2.481860145953196e-06,1.303986507769202e-08,1.1922074731600036,-10.036609052844414
199,HHDAHDDHHDAAD,2.2160104583791756e-06,8.779144286316654e-09,1.2003771610899858,-10.036975934791267
200,AHDAHDAHDAAAD,3.1924208348998684e-06,3.155755374991938e-08,1.1693353629066987,-10.037650118798734
201,HHDAHDAAHAAAD,2.9177242403768728e-06,2.3056266581860247e-08,1.1781245439791428,-10.038065762883113
202,HHHAADAHDAAAH,2.241656113346675e-06,9.175297804277225e-09,1.2014333957316525,-10.038521282060248
203,HHDAAHAHHDAAH,2.3954653607877363e-06,1.1608058431083751e-08,1.1942830748271513,-10.039687537751032
204,HHHAHHAHDAAAH,3.5048711094587715e-06,4.403875997235624e-08,1.1633022358576455,-10.040229058791883
205,HHHAHDAHADAAD,2.722777444814862e-06,1.8207305194377723e-08,1.1827141096595442,-10.040431930923283
206,HHDAHDDHAAAHD,3.5099692469354622e-06,4.433104939621198e-08,1.1636614468105482,-10.040840184116712
207,HHDAAADHAAAAH,2.749807507254322e-06,1.8879337556587872e-08,1.1836678462272507,-10.041100194622699
208,DHDAHDAHDAAAD,2.456867355336315e-06,1.274164354257928e-08,1.188172455527627,-10.04152455342577
209,HHDAHDDHADAAA,2.6260739146234863e-06,1.6093247639056253e-08,1.186025862240036,-10.041690263300675
210,HHDAHDAAAAAAA,3.4576368937006526e-06,4.2264962920395334e-08,1.164039289809734,-10.04278009139252
211,HHDAAHAHAAAHH,3.7942103191218083e-06,5.861589636982598e-08,1.1577537592374532,-10.043551787076478
212,HHDAADDHDDAAD,1.910820143724016e-06,5.328857220219743e-09,1.212237193864958,-10.044725403683227
213,HHDAADAADAAAD,2.5158934748086854e-06,1.3994934886484858e-08,1.1897647152165765,-10.045815231775073
214,HHHAAHAHHAAAD,2.4377053091303423e-06,1.2546181069376922e-08,1.1925965021572258,-10.046302761195381
215,HHDAHHDHDDAAD,2.9876029053857086e-06,2.5576964263635812e-08,1.1737631424454595,-10.04643318041486
216,HHDAHHAADAAAD,3.933646334882375e-06,6.717161572754108e-08,1.1520038965731527,-10.047523008506706
217,HHDAAHDHHAAAA,2.351126543977103e-06,1.1089438921267178e-08,1.1959359267157452,-10.047561093572773
218,AHDAHDAHHAAAD,3.0242579851718096e-06,2.683736087216322e-08,1.1729922873010141,-10.048602159527093
219,HHHAADAHHAAAH,2.1235754154607043e-06,7.802910841388741e-09,1.205190702003546,-10.049473322788607
220,HHDAHDDHDDAAH,2.6026115860983348e-06,1.5907212771674672e-08,1.1861584559999296,-10.049603742008086
221,HHDAHDAADAAAH,3.426745069876137e-06,4.1776388025624164e-08,1.1641694255437125,-10.050693570099932
222,HHHAAHAHAAAAA,2.8887924692054926e-06,2.2998687832095593e-08,1.1783382262047557,-10.051017089704787
223,HHHAHHAHHAAAH,3.3202497377232945e-06,3.745170183679767e-08,1.1669402925342987,-10.051181099520242
224,DHDAHDAHHAAAD,2.327450264907461e-06,1.0835823605546087e-08,1.191888290159081,-10.052476594154129
225,AHDAHDAHAAAAA,3.583884261882193e-06,4.919617224740321e-08,1.1589683926373924,-10.053316488036499
226,HHDAADDHHDAAD,1.8101664463249738e-06,4.5317981675190565e-09,1.2160282874267927,-10.055677444411586
227,HHHAHDDHDAAAD,2.6485042050241667e-06,1.7192778010844565e-08,1.1844833569582889,-10.056218965452437
228,AHDAADAHDAAAD,2.6077553271617745e-06,1.6290023217658106e-08,1.1845817505323433,-10.056351628419053
229,HHDAADAAHAAAD,2.3833671450369675e-06,1.1901655017603435e-08,1.1934855294060625,-10.056767272503432
230,DHDAHDAHAAAAA,2.758135190719027e-06,1.986339294240582e-08,1.1776384813470766,-10.057190922663535
231,HHDAHHDHHDAAD,2.830228973686868e-06,2.1751312709381518e-08,1.177433914069168,-10.05738522114322
232,AHDAHHAHDAAAD,4.0772740530041425e-06,7.818737197741233e-08,1.1469854291100703,-10.058059405150686
233,HHDAHHAAHAAAD,3.726438948479986e-06,5.71244813819225e-08,1.1556066193551375,-10.058475049235065
234,HHHAAHAHDAAAH,2.8629829146548547e-06,2.273282739567189e-08,1.1784699605124243,-10.058930568412201
235,HHHAADAHADAAD,2.2241232448962507e-06,9.398619002531457e-09,1.1981349361719356,-10.0591334405436
236,HHDAADDHAAAHD,2.8671473703613533e-06,2.2883707325675993e-08,1.1788338550399464,-10.059541693737032
237,DHDAADAHDAAAD,2.0069123919901654e-06,6.5772420379786315e-09,1.2036644507222798,-10.06022606304609
238,HHDAADDHADAAA,2.145130167525287e-06,8.307341556486062e-09,1.201489869062511,-10.060391772920994
239,HHDAHDDHHDAAH,2.4655173232527265e-06,1.3527905648415714e-08,1.1898679921440234,-10.060555782736445
240,HHHAHHAHADAAD,3.4774581428882192e-06,4.51106367502492e-08,1.1601084629907208,-10.060841217275236
241,AHDAHDAHDAAAH,3.5518644967567106e-06,4.862747389732545e-08,1.1590979614618762,-10.061229966743912
242,HHDAHHDHAAAHD,4.482838346662188e-06,1.0983513731001792e-07,1.1414199606442055,-10.061249470468667
243,HHDAADAAAAAAA,2.8243992553762977e-06,2.1817192572109867e-08,1.1792166245478226,-10.06148160101284
244,HHDAHDAAHAAAH,3.2462390382332245e-06,3.552772215058178e-08,1.1678101942285868,-10.061645610828291
245,DHDAHHAHDAAAD,3.137844926356604e-06,3.1568848180121736e-08,1.1654624815010066,-10.061933839777723
246,HHDAHHDHADAAA,3.35395099427773e-06,3.9872822508706454e-08,1.1633569168347913,-10.062099549652627
247,HHDAHHAAAAAAA,4.416000872215119e-06,1.0471617678784496e-07,1.1417905817921714,-10.063189377744473
248,HHHAHDAHADAAH,3.0293426333659406e-06,2.8055890044471504e-08,1.1723595787703531,-10.064011778868462
249,HHDAHDDHAAAHH,3.905166579734149e-06,6.831033116313213e-08,1.1534737198720162,-10.064420032061891
250,DHDAHDAHDAAAH,2.7334929772607252e-06,1.9633775915770472e-08,1.1777701374255893,-10.065104401370949
251,HHDAAHDHDDAAD,2.4404481097204535e-06,1.3202840276962323e-08,1.1890672617067923,-10.06513469003518
252,HHDAAHAADAAAD,3.2132314990613222e-06,3.4674017778454955e-08,1.1670243077490767,-10.066224518127026
253,HHHAHDDHHAAAD,2.508992518543277e-06,1.4621183616718291e-08,1.1881876544764567,-10.067171006180796
254,AHDAADAHHAAAD,2.4703901144006597e-06,1.3853457564318493e-08,1.188286355761945,-10.067303669147412
255,HHDAADDHDDAAH,2.1259647706796664e-06,8.211310275577709e-09,1.2016241916471067,-10.068305251628406
256,AHDAHHAHHAAAD,3.862500982868809e-06,6.649256574297144e-08,1.1505724573730405,-10.069011445879045
257,HHDAADAADAAAH,2.799165013930605e-06,2.1564989995114885e-08,1.179348457057514,-10.069395079720252
258,HHHAAHAHHAAAH,2.7121734222508856e-06,1.933258506970945e-08,1.18215545201749,-10.06988260914056
259,HHDAHHDHDDAAH,3.323985539136958e-06,3.941190029997015e-08,1.1634869762817328,-10.070013028360039
260,HDDAHDAHAAAAD,1.7672115209793387e-06,4.3184830018303955e-09,1.2199637243423869,-10.070013866033156
261,HHDAHHAADAAAH,4.376546665441148e-06,1.0350567779482945e-07,1.1419182301943447,-10.071102856451885
262,DHDAADAHHAAAD,1.9011969727377421e-06,5.5934569426898535e-09,1.2074287342905752,-10.071178103774448
263,HHDAHDAAADAAD,3.3999431575910363e-06,4.2793200038882805e-08,1.1609732718622372,-10.071305728583287
264,HHHAHDDHAAAAA,2.973271078220061e-06,2.6802421858666385e-08,1.1739820891991826,-10.071885334690203
265,AHDAADAHAAAAA,2.927525460830319e-06,2.5395085895469822e-08,1.174079610445854,-10.072017997656818
266,AHDAHDAHHAAAH,3.364767717693978e-06,4.1354062980485285e-08,1.1627228698886036,-10.072182007472271
267,DHDAHHAHHAAAD,2.9725568982080815e-06,2.6846965948069553e-08,1.1691072940282408,-10.072885880506082
268,AHDAHHAHAAAAA,4.577240616336378e-06,1.2188902377714825e-07,1.1368166065292207,-10.073725774388452
269,HHHAADDHDAAAD,2.1634525355046936e-06,8.874919621214846e-09,1.1999272518144404,-10.074920475072755
270,DHDAADAHAAAAA,2.253005511679512e-06,1.0253492231288197e-08,1.1929931292428364,-10.075892432283855
271,DHDAHDAHHAAAH,2.5895044517685283e-06,1.669707144319009e-08,1.1814534403368615,-10.076056442099308
272,HHDAAHDHHDAAD,2.3118959137638333e-06,1.1228037250868089e-08,1.1927858947129886,-10.076086730763539
273,HHHAHHDHDAAAD,3.3825983580752138e-06,4.259703208657034e-08,1.16184389401977,-10.07662825180439
274,AHDAAHAHDAAAD,3.330554986919055e-06,4.0360356031809846e-08,1.161940406961513,-10.076760914771004
275,HHDAAHAAHAAAD,3.0439724340248525e-06,2.9487682580928068e-08,1.170674004658232,-10.077176558855385
276,DHDAHHAHAAAAA,3.5226161052632793e-06,4.9213779528945836e-08,1.155129847015653,-10.077600209015488
277,HADAHDAHAAAAD,1.6927676160685391e-06,3.799064942122634e-09,1.2231201898840547,-10.079007464502814
278,HHDAADDHHDAAH,2.013978189728109e-06,6.983110885125029e-09,1.2053820946051688,-10.079257292356765
279,HHHAAHAHADAAD,2.8405904064910907e-06,2.328613066298834e-08,1.1752345456147681,-10.079542726895554
280,HHHAHDDHDAAAH,2.946706760116497e-06,2.6492590983766944e-08,1.174113336505174,-10.079798813397616
281,AHDAADAHDAAAH,2.901369851216563e-06,2.510152355537123e-08,1.1742108686543973,-10.079931476364232
282,HHDAAHDHAAAHD,3.6618435299994113e-06,5.669694650839116e-08,1.1563023730946174,-10.079950980088984
283,HHDAADAAHAAAH,2.6517171710723808e-06,1.833942590385232e-08,1.1830366959313399,-10.08034712044861
284,DHDAAHAHDAAAD,2.5631745454920996e-06,1.6295853407529116e-08,1.1806583725343027,-10.080635349398042
285,HHDAAHDHADAAA,2.7397025720268524e-06,2.0582368632487813e-08,1.1785253544478878,-10.080801059272947
286,HHDAHHDHHDAAH,3.1488924328004115e-06,3.351690056174633e-08,1.167125610706896,-10.080965069088398
287,AHDAHHAHDAAAH,4.5363458332607276e-06,1.2048000995456728e-07,1.1369436988574475,-10.081639253095865
288,AHDAHDAHADAAD,3.5240839765401603e-06,4.981103719635697e-08,1.1559157311649528,-10.081842125227265
289,HHDAAHAAAAAAA,3.607246786945374e-06,5.40545368204514e-08,1.1566778265891138,-10.081890887364793
290,HHDAHHAAHAAAH,4.146009215245777e-06,8.802390861188904e-08,1.1454894115378478,-10.082054897180244
291,HHHAADAHADAAH,2.474543551275283e-06,1.4482462862561748e-08,1.1876453976565098,-10.08271328848878
292,HHDAADDHAAAHH,3.1899675758366205e-06,3.526182319046777e-08,1.1685132953497022,-10.08312154168221
293,DHDAADAHDAAAH,2.2328763160808454e-06,1.01349638204772e-08,1.1931265019200856,-10.083805910991268
294,HHHAHHAHADAAH,3.868994958827099e-06,6.951160816988449e-08,1.1499518420315717,-10.084421065220415
295,HHDAHHDHAAAHH,4.987573754106385e-06,1.6924649213552137e-07,1.1314269554508949,-10.084829318413846
296,DHDAHHAHDAAAH,3.491143732810455e-06,4.864487764205809e-08,1.1552589867034606,-10.085513687722901
297,DHDAHDAHADAAD,2.712113260499027e-06,2.011165014473769e-08,1.1745366438480491,-10.085716559854301
298,HHHAADDHHAAAD,2.0494912620896634e-06,7.547461456406193e-09,1.2036798478427142,-10.085872515801114
299,HHDAHDHHAAAAD,3.8005960291876737e-06,6.566545124198933e-08,1.1557343923152932,-10.086624348463955
300,HHDAHDDADAAAD,3.307197864030819e-06,4.0408725002828464e-08,1.162709996577349,-10.087092763112441
301,HHHAHHDHHAAAD,3.204417783271008e-06,3.622561911007808e-08,1.1654773899467772,-10.08758029253275
302,AHDAAHAHHAAAD,3.1551158306356784e-06,3.432349187577411e-08,1.165574204718553,-10.087712955499363
303,HHDAAHDHDDAAH,2.715225042491926e-06,2.0344440384267192e-08,1.1786571096758733,-10.088714537980358
304,HDDAADAHAAAAD,1.4435613274025253e-06,2.2292028375316872e-09,1.2358702302264761,-10.088715375653475
305,HHDAHAAHDAAAD,2.2292850394637315e-06,1.0229497711360267e-08,1.197161127131352,-10.089773140143313
306,HHDAAHAADAAAH,3.5750182922654135e-06,5.342967670431439e-08,1.1568071393359063,-10.089804366072205
307,HHDAADAAADAAD,2.7772716505069864e-06,2.208986880654737e-08,1.1761106303030395,-10.090007238203606
308,HDDAHHAHAAAAD,2.2570350380779427e-06,1.0699525049311109e-08,1.1966461121857142,-10.090423152385108
309,HHHAADDHAAAAA,2.4287410383247894e-06,1.383542203008235e-08,1.1892890631993547,-10.090586844310522
310,HHHAHDDHHAAAH,2.7914870595441357e-06,2.2529985381765765e-08,1.1777852033093075,-10.090750854125975
311,AHDAADAHHAAAH,2.748538301891413e-06,2.134698561983196e-08,1.1778830404759855,-10.09088351709259
312,DHDAAHAHHAAAD,2.4281576544831504e-06,1.385841570875394e-08,1.1843507079761564,-10.091587390126401
313,HHDAHHAAADAAD,4.3423159837163925e-06,1.0602494337991838e-07,1.1387831657653207,-10.09171501493524
314,HHHAHHDHAAAAA,3.7973818762383006e-06,6.640600042594942e-08,1.1515433408260842,-10.092294621042155
315,AHDAAHAHAAAAA,3.7389568037093835e-06,6.291916803952213e-08,1.1516389981135562,-10.09242728400877
316,AHDAHHAHHAAAH,4.297390857671785e-06,1.0245932022030663e-07,1.1404993230857097,-10.092591293824224
317,HDDAHDAHAAAAH,1.966186848239517e-06,6.654410576678101e-09,1.2092830772069332,-10.093593713978334
318,DHDAADAHHAAAH,2.1152580997424566e-06,8.619035671519962e-09,1.1968578296031291,-10.094757951719627
319,HHDAHDAAADAAH,3.782752342805481e-06,6.594063767946868e-08,1.1508090795973092,-10.094885576528466
320,HHHAAHDHDAAAD,2.7631034077610837e-06,2.1988606822711368e-08,1.1769926040738992,-10.095329761424708
321,DHDAAHAHAAAAA,2.877478061044638e-06,2.5404174781997572e-08,1.170191015919135,-10.096301718635807
322,DHDAHHAHHAAAH,3.3072454595935805e-06,4.136886357566507e-08,1.1588718893011605,-10.09646572845126
323,AHDAHDDHDAAAD,3.4279523096899847e-06,4.7035522053606245e-08,1.1576448901969094,-10.09762915975642
324,HADAADAHAAAAD,1.3827512087979888e-06,1.961079005140782e-09,1.239067851367044,-10.097708974123131
325,HHDAHDDAHAAAD,3.1329890594302196e-06,3.4364626101213016e-08,1.166346201112743,-10.0980448038408
326,HHHAADDHDAAAH,2.4070417556707963e-06,1.3675487195283232e-08,1.1894220217742988,-10.098500323017934
327,HADAHHAHAAAAD,2.1619572843623622e-06,9.412608662572478e-09,1.1997422470488397,-10.099416750854767
328,HHDAAHDHHDAAH,2.5721987923788973e-06,1.730143890941422e-08,1.1823431864624272,-10.099666578708717
329,HHHAHHDHDAAAH,3.7634546434138077e-06,6.563835975082568e-08,1.1516720795543884,-10.100208099749569
330,AHDAAHAHDAAAH,3.705551562378788e-06,6.21918344804721e-08,1.151767747536028,-10.100340762716183
331,HHHAHDDHADAAD,2.9236594150400137e-06,2.7137404622469336e-08,1.1708898824437621,-10.100410971880969
332,AHDAADAHADAAD,2.8786771038212185e-06,2.5712479454348055e-08,1.1709871468246256,-10.100543634847584
333,HHDAHAAHHAAAD,2.1118559959635476e-06,8.699429740223214e-09,1.200905072511444,-10.100725180871672
334,HHDAAHAAHAAAH,3.386701871922252e-06,4.543798059760433e-08,1.160424883553305,-10.100756406800564
335,HHHAHDAAAAAAD,3.849454732315488e-06,7.126972913415607e-08,1.1491839011259222,-10.101500799972817
336,DHDAHDDHDAAAD,2.638130923484969e-06,1.899101117264845e-08,1.1762936583010204,-10.101503594383455
337,HHAAHDAHAAAAD,2.6421567805796283e-06,1.9116403893422507e-08,1.1835151383568194,-10.102001201277806
338,AHDAHHAHADAAD,4.500865299798588e-06,1.2341242051634687e-07,1.1338222916902423,-10.102251411579218
339,HADAHDAHAAAAH,1.8833610942029586e-06,5.854032057468456e-09,1.212411908242777,-10.102587312447993
340,HHDAHDDAAAAAA,3.712735566143566e-06,6.29945721170538e-08,1.1524017647828535,-10.102759132350206
341,HHHAAHAHADAAH,3.1604204885349573e-06,3.588192291321275e-08,1.1649454974794453,-10.103122574840732
342,HHDAAHDHAAAHH,4.074140816491422e-06,8.736511417339759e-08,1.1461790740304845,-10.103530828034163
343,DHDAAHAHDAAAH,2.8517695936568017e-06,2.511050737610764e-08,1.1703218393957002,-10.10421519734322
344,DHDAADAHADAAD,2.2154121178557813e-06,1.0381642709046587e-08,1.18985084841304,-10.10441806947462
345,HHDAADHHAAAAD,3.1045482579100214e-06,3.389653500416632e-08,1.170803443587057,-10.105325858084274
346,AHDAHDAHADAAH,3.9208705265372095e-06,7.67545206532599e-08,1.145795817108043,-10.105421973172444
347,HHDAHAAHAAAAA,2.5026461050628005e-06,1.5947121104524156e-08,1.1865474621330667,-10.105439509381078
348,HHDAADDADAAAD,2.7015118914217076e-06,2.0859001737221755e-08,1.1778699993159683,-10.105794272732759
349,DHDAHHAHADAAD,3.463838133417014e-06,4.982886453770857e-08,1.1520872960694406,-10.106125846206254
350,HHHAAHDHHAAAD,2.6175551335289402e-06,1.869968062333471e-08,1.1806734753639516,-10.106281802153067
351,HHDAHHHHAAAAD,4.85401905862562e-06,1.626935060622419e-07,1.1336444188362353,-10.107033634815908
352,HHDAHHDADAAAD,4.2238641885027425e-06,1.001171395592468e-07,1.1404866958267539,-10.107502049464394
353,HHDAAAAHDAAAD,1.8210098975268505e-06,5.280471247663324e-09,1.2127703211860217,-10.108474649763632
354,AHDAHDDHHAAAD,3.2473826859024524e-06,4.000022590998322e-08,1.161265254356933,-10.108581200484778
355,HDDAAHAHAAAAD,1.8436777130992362e-06,5.5230995676158504e-09,1.2122485912142729,-10.109124662005428
356,DHDAHDAHADAAH,3.017477738473575e-06,3.099032168955339e-08,1.1642537057653097,-10.10929640779948
357,HHHAADDHHAAAH,2.280249261202965e-06,1.1629988429106284e-08,1.1931417642404378,-10.109452363746293
358,HHDAHDHHAAAAH,4.228515850733582e-06,1.0118480797118436e-07,1.1456160658599048,-10.110204196409134
359,HHDAAHAAADAAD,3.547056677166222e-06,5.473012271472959e-08,1.1536311983465453,-10.110416524555559
360,HHDAHDDADAAAH,3.6795645951762916e-06,6.226636690127678e-08,1.1525305994801105,-10.11067261105762
361,HHHAAHDHAAAAA,3.1019227505256534e-06,3.427880682080098e-08,1.1665577470425539,-10.110996130662475
362,HHHAHHDHHAAAH,3.5652122153666887e-06,5.582056079661358e-08,1.1552737646274416,-10.111160140477928
363,AHDAAHAHHAAAH,3.51035921689235e-06,5.28895464610761e-08,1.1553697317966256,-10.111292803444542
364,AHHAHDAHAAAAD,3.990008394781955e-06,8.29575522664842e-08,1.1441777183915982,-10.112037196616795
365,HDDAADAHAAAAH,1.6060959669350237e-06,3.43500968588837e-09,1.2250503233957413,-10.112295223598654
366,DHDAHDDHHAAAD,2.4991656563751073e-06,1.6150447661645896e-08,1.1799723437409497,-10.112455635111814
367,AHDAHDDHAAAAA,3.848297254195181e-06,7.332531738781078e-08,1.1473815640889453,-10.113295528994186
368,HHDAHAAHDAAAH,2.4802865268452193e-06,1.5762775431957896e-08,1.1866801142060994,-10.113352988088492
369,HHDAHDADAAAAD,2.3644325791073914e-06,1.3333866343894117e-08,1.1874692288961515,-10.1133858017427
370,HHDAADAAADAAH,3.0899724953067097e-06,3.403858636503059e-08,1.1658139121434123,-10.113587086148785
371,HDDAHHAHAAAAH,2.5111609760360502e-06,1.648704710042631e-08,1.186169608159205,-10.114003000330287
372,DHDAAHAHHAAAH,2.7015507702502703e-06,2.135462569361658e-08,1.1739818488501714,-10.11516723807158
373,HHDAHHAAADAAH,4.8312295821566405e-06,1.6337531126554897e-07,1.1288132454188033,-10.115294862880418
374,DHHAHDAHAAAAD,3.070685814818368e-06,3.349485097992198e-08,1.1626095407240462,-10.115911631243831
375,AHDAADDHDAAAD,2.8001511577438902e-06,2.4279757308814625e-08,1.1727388515091843,-10.116330669376739
376,HHDAADDAHAAAD,2.559207990485681e-06,1.7739035208213178e-08,1.1815536145306178,-10.116746313461118
377,DHDAHDDHAAAAA,2.9616257963555947e-06,2.9605750312771383e-08,1.1658649979094733,-10.117169963621222
378,AHDAHHDHDAAAD,4.378088519671304e-06,1.1653577105818838e-07,1.1355184006741852,-10.118038446108372
379,HADAAHAHAAAAD,1.7660126646708176e-06,4.85879275900551e-09,1.2153850950543077,-10.118118260475084
380,HHDAHHDAHAAAD,4.001369387366922e-06,8.514220795225894e-08,1.1440534002570326,-10.118454090192753
381,HHHAAHDHDAAAH,3.074209010167013e-06,3.388255036443314e-08,1.1666881643317024,-10.118909609369886
382,HHHAADDHADAAD,2.3882153414828244e-06,1.4008340281069384e-08,1.1861565386836856,-10.119112481501288
383,HHDAAAAHHAAAD,1.7250870134247892e-06,4.490649483532405e-09,1.2165630820251554,-10.119426690491991
384,HHHAADAAAAAAD,3.144458893114158e-06,3.6789465733368907e-08,1.1641675437707175,-10.120202309593134
385,DHDAADDHDAAAD,2.154979034800066e-06,9.803168375496726e-09,1.1916307717117227,-10.120205104003775
386,HHAAADAHAAAAD,2.1582675894198766e-06,9.867896153477294e-09,1.1989464090877004,-10.120702710898124
387,HHHAHHDHADAAD,3.734019193975662e-06,6.72359577213418e-08,1.148510236547559,-10.120820258232921
388,AHDAAHAHADAAD,3.676568995564617e-06,6.370554611077267e-08,1.148605641878793,-10.120952921199535
389,AHDAHDDHDAAAH,3.8139151243025e-06,7.247769073084911e-08,1.1475098375444062,-10.121209007701598
390,HADAADAHAAAAH,1.5384390656412466e-06,3.0218539399087488e-09,1.2282199497177797,-10.12128882206831
391,HHDAADDAAAAAA,3.0327787129786562e-06,3.2517826017356166e-08,1.1674273635663208,-10.121460641970526
392,HHDAHDDAHAAAH,3.4857411301371955e-06,5.295293076169909e-08,1.1561349694479843,-10.121624651785979
393,HHHAHHAAAAAAD,4.9164200805550235e-06,1.7657873188462513e-07,1.127219129577005,-10.12191008632477
394,DHDAHHDHDAAAD,3.36934988180858e-06,4.705235603969624e-08,1.1538107280635643,-10.121912880735408
395,HHAAHHAHAAAAD,3.37449159824324e-06,4.736303054191256e-08,1.160894181333994,-10.12241048762976
396,HADAHHAHAAAAH,2.4053781499869456e-06,1.4504019724474058e-08,1.1892386367049075,-10.122996598799945
397,HHDAHHDAAAAAA,4.741806037604565e-06,1.560761040512079e-07,1.1303754890307964,-10.123168418702159
398,HHHAHDDHADAAH,3.252842470944101e-06,4.1816404572349267e-08,1.1606388713527596,-10.123990819826147
399,AHDAADAHADAAH,3.202795474491294e-06,3.962071754389457e-08,1.1607352841947534,-10.124123482792763
400,HHDAAAAHAAAAA,2.0443071418191944e-06,8.231910974663799e-09,1.2020182698395372,-10.124141019001398
401,HHDAHAAHHAAAH,2.3496358162820288e-06,1.3405072394605419e-08,1.1903912817595221,-10.12430502881685
402,DHDAAHAHADAAD,2.829464789258473e-06,2.5721681935846715e-08,1.167108794650303,-10.124827355826573
403,HHHAHDAAAAAAH,4.282875692988747e-06,1.0982051779439558e-07,1.13912292349457,-10.125080647917995
404,DHDAHDDHDAAAH,2.935165521564502e-06,2.926351349664223e-08,1.1659953377515653,-10.125083442328634
405,HHAAHDAHAAAAH,2.9396446612591234e-06,2.945673288572021e-08,1.1731535945502027,-10.125581049222985
406,HHDAAHHHAAAAD,3.965045560377308e-06,8.398245986106863e-08,1.1484254498282869,-10.125735144436227
407,AHDAHHAHADAAH,5.0076304127179e-06,1.9016791684240478e-07,1.123895803246184,-10.125831259524396
408,HHDAAHDADAAAD,3.450298349879475e-06,5.1680511766848194e-08,1.1553569398970622,-10.126203559084711
409,AHDAADDHHAAAD,2.652651369117086e-06,2.0648134324634103e-08,1.176406419813614,-10.127282710105098
410,DHDAADAHADAAH,2.464851613882965e-06,1.5997217776958068e-08,1.1794338361673928,-10.1279979174198
411,HHDAADHHAAAAH,3.454098098593685e-06,5.223164267379505e-08,1.1605531892586605,-10.128905706029453
412,AHDAHHDHHAAAD,4.147469851298681e-06,9.910503732921233e-08,1.1390695674919722,-10.12899048683673
413,HHDAADDADAAAH,3.005682731364518e-06,3.214192616256284e-08,1.167557878075714,-10.129374120677937
414,DHDAHHAHADAAH,3.853841434092075e-06,7.678199105172943e-08,1.14200089953729,-10.129705694151433
415,HHHAAHDHHAAAH,2.912273045410169e-06,2.881459819748716e-08,1.1703368100017504,-10.129861650098245
416,HDDAHDDHAAAAD,1.8975934340567238e-06,6.436560453334718e-09,1.207767092752536,-10.129992906990843
417,HHDAHHHHAAAAH,5.400546748860425e-06,2.5069668840621746e-07,1.1237194876492913,-10.130613482761087
418,AHHAADAHAAAAD,3.25927131321933e-06,4.282272520900216e-08,1.1590960878864371,-10.130738706237112
419,HHDAHHDADAAAH,4.699440965381228e-06,1.5427189411361084e-07,1.1305018612634383,-10.131081897409572
420,DHDAADDHHAAAD,2.0414641085614745e-06,8.33686823347186e-09,1.19535742171849,-10.131157144732134
421,HHDAHDDAADAAD,3.65078528258773e-06,6.378189260561397e-08,1.1493663994610104,-10.131284769540972
422,HHDAHDAHDAAHD,2.586125383113683e-06,1.910611209445816e-08,1.1818338211919694,-10.131794487202825
423,AHDAADDHAAAAA,3.143513397551264e-06,3.7850561300006935e-08,1.1623417069491884,-10.131997038614504
424,HHDAAAAHDAAAH,2.026042535670604e-06,8.136751656866967e-09,1.202152651497588,-10.132054497708811
425,HHDAADADAAAAD,1.9314062815517078e-06,6.882947710221045e-09,1.20295205506526,-10.13208731136302
426,AHDAHDDHHAAAH,3.6130146575118274e-06,6.163690496224851e-08,1.1510985058176393,-10.132161048429957
427,AHHAHHAHAAAAD,5.095931439071515e-06,2.0553662203337837e-07,1.1223086318413866,-10.132446482968748
428,HHDAHDAHDDAAA,1.9348763281815115e-06,6.935982737687131e-09,1.2045474915796928,-10.132644566386785
429,HDDAAHAHAAAAH,2.051262584503267e-06,8.510621012798065e-09,1.2016354892138918,-10.132704509950607
430,DHDAHHDHHAAAD,3.1918671791330095e-06,4.00145419676599e-08,1.1574191014453372,-10.132864921463767
431,AHDAHHDHAAAAA,4.914941780621863e-06,1.8167168188621772e-07,1.1254512412659743,-10.133704815346139
432,HHDAHHADAAAAD,3.019789715529351e-06,3.3036146463976523e-08,1.1647726958969353,-10.133795088094653
433,HHDAHAAHADAAD,2.460887236679511e-06,1.6146431850786686e-08,1.18342215884966,-10.133965146571844
434,HHDAAHAAADAAH,3.946429788291272e-06,8.43344080088819e-08,1.1435312851211483,-10.133996372500738
435,DHHAADAHAAAAD,2.5083150705235435e-06,1.7290056905514206e-08,1.1777682336682924,-10.134613140864149
436,AHHAHDAHAAAAH,4.439254688560435e-06,1.278304471693962e-07,1.134160569334993,-10.135617044561974
437,DHDAADDHAAAAA,2.4192284936482305e-06,1.528250141925106e-08,1.181066137155886,-10.13587147324154
438,DHDAHDDHHAAAH,2.7805537632606153e-06,2.4886449638030416e-08,1.1696418167083655,-10.136035483056993
439,DHHAHHAHAAAAD,3.9217973585489115e-06,8.2987242726374e-08,1.1403881600228587,-10.136320917595784
440,AHDAAHDHDAAAD,3.576277768628449e-06,6.015581661586897e-08,1.1503238655920471,-10.13673995572869
441,HHDAHDADAAAAH,2.630650708984568e-06,2.0546340274863475e-08,1.1770730674652978,-10.136965649687879
442,HHDAAHDAHAAAD,3.2685516338498097e-06,4.395044544124451e-08,1.1589701488289708,-10.13715559981307
443,DHDAHHDHAAAAA,3.7825088353575866e-06,7.335156047641825e-08,1.1435813944663078,-10.137579249973175
444,HADAHDDHAAAAD,1.817657182234426e-06,5.6623844891255774e-09,1.210892001415446,-10.138986505460501
445,DHHAHDAHAAAAH,3.4164229875695272e-06,5.1612682168848936e-08,1.1524310231066648,-10.13949147918901
446,HHHAAHDHADAAD,3.050164420167921e-06,3.4707231144142116e-08,1.1634850956118545,-10.13952176785324
447,AHDAADDHDAAAH,3.115428070765199e-06,3.7413016044400975e-08,1.1624716528990302,-10.139910517321917
448,HHDAADDAHAAAH,2.8473564330397202e-06,2.7334326303835483e-08,1.1712092436476031,-10.140326161406296
449,HHHAAHAAAAAAD,4.01601835054889e-06,9.115001957819775e-08,1.1419163843883642,-10.140611595945087
450,DHDAAHDHDAAAD,2.752281280495342e-06,2.4288447019887535e-08,1.1688546976250047,-10.140614390355728
451,HHAAAHAHAAAAD,2.7564813340336035e-06,2.4448817335481184e-08,1.176030508552369,-10.141111997250077
452,AHDAHHDHDAAAH,4.871029848784455e-06,1.795715919600139e-07,1.1255770629840394,-10.14161829405355
453,HADAAHAHAAAAH,1.9648530093194103e-06,7.486981403355991e-09,1.2047445333105868,-10.141698108420263
454,AHDAHDDHADAAD,3.7840850037245213e-06,7.424175388018526e-08,1.144359421710316,-10.141821166184952
455,HHDAAHDAAAAAA,3.873383427319669e-06,8.056655401315124e-08,1.1451138980578277,-10.141869928322478
456,HHDAHHDAHAAAH,4.451894847329393e-06,1.3119681352898557e-07,1.1340373395919108,-10.142033938137931
457,HHHAADDHADAAH,2.6571112396240856e-06,2.1585646554251508e-08,1.1757718697100894,-10.142692329446467
458,HHDAHDAHHAAHD,2.4498995417633863e-06,1.6248332466019556e-08,1.1855298326766477,-10.142746527931184
459,AHDAHDAAAAAAD,4.982339546849054e-06,1.9497773508909779e-07,1.1231452626326954,-10.142910994276798
460,HHDAAAAHHAAAH,1.919319423622218e-06,6.9197043051243435e-09,1.2059122071361215,-10.14300653843717
461,HHDAHDAHHDAAA,1.8329554555755785e-06,5.898539323089293e-09,1.2083145367284167,-10.143596607115144
462,HHHAADAAAAAAH,3.4985023847313014e-06,5.668939990795419e-08,1.1539753860094157,-10.143782157538313
463,DHDAADDHDAAAH,2.397614199633387e-06,1.5105838623241546e-08,1.181198176434956,-10.143784951948954
464,HHAAADAHAAAAH,2.401273021888918e-06,1.520557855743052e-08,1.1884497662168743,-10.144282558843303
465,HHHAHHDHADAAH,4.1544429419519975e-06,1.0360482326880544e-07,1.1384551567748935,-10.1444001061781
466,AHDAAHAHADAAH,4.090524263738566e-06,9.816476286994756e-08,1.1385497268430314,-10.144532769144714
467,HHHAHHAAAAAAH,5.469973677769482e-06,2.720926261771587e-07,1.1173504510850811,-10.145489934269948
468,DHDAHHDHDAAAH,3.7487144838542813e-06,7.250363045436718e-08,1.1437092430754017,-10.145492728680587
469,DHDAHDDHADAAD,2.9122084450247857e-06,2.997576971312738e-08,1.1627941711433656,-10.145695600811989
470,HHAAHHAHAAAAH,3.754435120637819e-06,7.298235311984396e-08,1.150730681497871,-10.145990335574938
471,DHDAHDAAAAAAD,3.834377739938071e-06,7.872399803014117e-08,1.1412382682922335,-10.146785428903835
472,HHDAHDAHAAAHA,2.903243193526491e-06,2.978518515807187e-08,1.1713560434079278,-10.14746085644059
473,AHDAAHDHHAAAD,3.3878950045463675e-06,5.1158064147601e-08,1.1539213343241908,-10.147691996457048
474,DHDAAHAHADAAH,3.1480422066928397e-06,3.963489777574678e-08,1.1568908865636802,-10.148407203771752
475,HDDAADDHAAAAD,1.550064870004473e-06,3.3225553557664823e-09,1.2235145727670202,-10.14869441661116
476,HHDAAHHHAAAAH,4.411481218255081e-06,1.2940974154999965e-07,1.1383711123539473,-10.149314992381406
477,HHDAHADHDAAAD,2.3937579646283437e-06,1.524673835662012e-08,1.1851924653343118,-10.149752181100999
478,HHDAAHDADAAAH,3.8387771681547594e-06,7.963522004455882e-08,1.1452419179957432,-10.14978340702989
479,HHDAADDAADAAD,2.9821741121704486e-06,3.2924241202133155e-08,1.1643524216116738,-10.149986279161292
480,HDDAHHDHAAAAD,2.4235553117711627e-06,1.5947299033635354e-08,1.1846825992692755,-10.150402193342796
481,HHDAADAHDAAHD,2.112497879601929e-06,9.862583522295255e-09,1.19724317005678,-10.150495996823144
482,AHDAADDHHAAAH,2.9513208651063007e-06,3.1816997630945315e-08,1.1661071120496191,-10.150862558050276
483,AHHAAHAHAAAAD,4.1626536864481794e-06,1.0609809529394545e-07,1.13694186109234,-10.151147992589065
484,HHDAADAHDDAAA,1.580519710012734e-06,3.5803573600659028e-09,1.2202529928008912,-10.151346076007105
485,DHDAAHDHHAAAD,2.607303068875631e-06,2.0655524279945167e-08,1.1725101188093343,-10.151566431084087
486,HHDAHHDAADAAD,4.662684801156934e-06,1.5802677869450596e-07,1.127398139754772,-10.151694055892925
487,HHDAHHAHDAAHD,3.302929803963506e-06,4.733753145791117e-08,1.1592449997980812,-10.152203773554778
488,AHDAAHDHAAAAA,4.014810789038305e-06,9.377900262389759e-08,1.1401254454527443,-10.152406324966456
489,HHDAAHADAAAAD,2.4667401714370162e-06,1.705327343129402e-08,1.1799595931556206,-10.152496597714972
490,AHDAHHDHHAAAH,4.614445174380862e-06,1.5271233169751094e-07,1.1290971397300946,-10.15257033478191
491,HHDAAAAHADAAD,2.010196065268039e-06,8.334795270128357e-09,1.1988522172665612,-10.152666656192164
492,HHDAHHAHDDAAA,2.471172021690511e-06,1.7184673648597933e-08,1.1815245355093484,-10.153053852738738
493,HDDAHDDHAAAAH,2.1112488284822657e-06,9.918185608220372e-09,1.197193225774273,-10.153572754936022
494,AHHAADAHAAAAH,3.6262418588946655e-06,6.598613342513613e-08,1.1489483301590728,-10.154318554182291
495,DHDAADDHHAAAH,2.27131830782893e-06,1.2846396321502906e-08,1.1848922000341298,-10.154736992677313
496,HHDAHDDAADAAH,4.061837489828308e-06,9.828240624669523e-08,1.13930382407697,-10.154864617486151
497,DHHAAHAHAAAAD,3.2035525648753247e-06,4.283805143754258e-08,1.155257119333372,-10.155022427216101
498,HHDAHDAHDAAHH,2.877304530789076e-06,2.9440874109420105e-08,1.1714869971307045,-10.155374335148004
499,HHDAADADAAAAH,2.1488687598017054e-06,1.0606029946674332e-08,1.1924203432080516,-10.155667159308198
500,AHHAHHAHAAAAH,5.669696726218792e-06,3.167142422405935e-07,1.1124829442126558,-10.156026330913926
