round_no,status,round_date,fixture_count,source_url
1200,outside_target_year,2020-10-24,13,
1201,outside_target_year,2020-10-27,13,
1202,outside_target_year,2020-10-31,13,
1203,outside_target_year,2020-11-08,13,
1204,outside_target_year,2020-11-11,13,
1205,outside_target_year,2020-11-11,0,
1206,outside_target_year,2020-11-14,13,
1207,outside_target_year,2020-11-21,13,
1208,outside_target_year,2020-11-25,13,
1209,outside_target_year,2020-11-25,5,
1210,outside_target_year,2020-11-28,13,
1211,outside_target_year,2020-12-05,13,
1212,outside_target_year,2020-12-12,13,
1213,outside_target_year,2020-12-16,13,
1214,outside_target_year,2020-12-19,5,
1215,outside_target_year,2020-12-26,13,
1216,outside_target_year,2021-01-02,5,
1217,outside_target_year,2021-01-09,12,
1218,outside_target_year,2021-01-16,5,
1219,outside_target_year,2021-01-19,5,
1220,outside_target_year,2021-01-23,5,
1221,outside_target_year,2021-01-30,4,
1222,outside_target_year,2021-02-06,5,
1223,outside_target_year,2021-02-13,5,
1224,outside_target_year,2021-02-20,13,
1225,outside_target_year,2021-02-23,5,
1226,outside_target_year,2021-02-27,12,
1227,outside_target_year,2021-03-03,5,
1228,outside_target_year,2021-03-06,13,
1229,outside_target_year,2021-03-10,5,
1230,outside_target_year,2021-03-13,13,
1231,outside_target_year,2021-03-20,13,
1232,outside_target_year,2021-03-27,13,
1233,outside_target_year,2021-04-03,13,
1234,outside_target_year,2021-04-10,13,
1235,outside_target_year,2021-04-17,13,
1236,outside_target_year,2021-04-21,13,
1237,outside_target_year,2021-04-24,13,
1238,outside_target_year,2021-05-01,13,
1239,outside_target_year,2021-05-05,13,
1240,outside_target_year,2021-05-08,13,
1241,outside_target_year,2021-05-15,13,
1242,outside_target_year,2021-05-22,13,
1243,outside_target_year,2021-05-30,13,
1244,outside_target_year,2021-06-05,13,
1245,outside_target_year,2021-06-13,13,
1246,outside_target_year,2021-06-19,13,
1247,outside_target_year,2021-06-26,13,
1248,outside_target_year,2021-07-03,13,
1249,outside_target_year,2021-07-10,13,
1250,no_full_date,,0,https://store.toto-dream.com/dcs/subos/screen/pi04/spin011/PGSPIN01101LnkHoldCntLotResultLsttoto.form?popupDispDiv=disp&holdCntId=1250
1251,outside_target_year,2021-07-24,12,
1252,outside_target_year,2021-08-09,10,
1253,outside_target_year,2021-08-14,13,
1254,outside_target_year,2021-08-21,13,
1255,outside_target_year,2021-08-28,13,
1256,outside_target_year,2021-09-04,13,
1257,outside_target_year,2021-09-11,13,
1258,outside_target_year,2021-09-18,13,
1259,outside_target_year,2021-09-25,13,
1260,outside_target_year,2021-10-02,13,
1261,outside_target_year,2021-10-09,13,
1262,outside_target_year,2021-10-16,13,
1263,outside_target_year,2021-10-23,13,
1264,outside_target_year,2021-10-30,13,
1265,outside_target_year,2021-11-03,13,
1266,outside_target_year,2021-11-06,13,
1267,outside_target_year,2021-11-13,13,
1268,outside_target_year,2021-11-20,13,
1269,outside_target_year,2021-11-27,13,
1270,outside_target_year,2021-12-04,13,
1271,outside_target_year,2021-12-11,12,
1272,outside_target_year,2021-12-14,9,
1273,outside_target_year,2021-12-28,0,
1274,outside_target_year,2021-12-25,4,
1275,outside_target_year,2021-12-28,4,
1276,uploaded,2022-01-01,5,https://store.toto-dream.com/dcs/subos/screen/pi04/spin011/PGSPIN01101LnkHoldCntLotResultLsttoto.form?popupDispDiv=disp&holdCntId=1276
1277,uploaded,2022-01-08,5,https://store.toto-dream.com/dcs/subos/screen/pi04/spin011/PGSPIN01101LnkHoldCntLotResultLsttoto.form?popupDispDiv=disp&holdCntId=1277
1278,uploaded,2022-01-15,5,https://store.toto-dream.com/dcs/subos/screen/pi04/spin011/PGSPIN01101LnkHoldCntLotResultLsttoto.form?popupDispDiv=disp&holdCntId=1278
1279,uploaded,2022-01-22,13,https://store.toto-dream.com/dcs/subos/screen/pi04/spin011/PGSPIN01101LnkHoldCntLotResultLsttoto.form?popupDispDiv=disp&holdCntId=1279
1280,uploaded,2022-01-27,5,https://store.toto-dream.com/dcs/subos/screen/pi04/spin011/PGSPIN01101LnkHoldCntLotResultLsttoto.form?popupDispDiv=disp&holdCntId=1280
1281,uploaded,2022-02-05,5,https://store.toto-dream.com/dcs/subos/screen/pi04/spin011/PGSPIN01101LnkHoldCntLotResultLsttoto.form?popupDispDiv=disp&holdCntId=1281
1282,uploaded,2022-02-08,5,https://store.toto-dream.com/dcs/subos/screen/pi04/spin011/PGSPIN01101LnkHoldCntLotResultLsttoto.form?popupDispDiv=disp&holdCntId=1282
1283,uploaded,2022-02-12,12,https://store.toto-dream.com/dcs/subos/screen/pi04/spin011/PGSPIN01101LnkHoldCntLotResultLsttoto.form?popupDispDiv=disp&holdCntId=1283
1284,uploaded,2022-02-16,5,https://store.toto-dream.com/dcs/subos/screen/pi04/spin011/PGSPIN01101LnkHoldCntLotResultLsttoto.form?popupDispDiv=disp&holdCntId=1284
1285,uploaded,2022-02-19,13,https://store.toto-dream.com/dcs/subos/screen/pi04/spin011/PGSPIN01101LnkHoldCntLotResultLsttoto.form?popupDispDiv=disp&holdCntId=1285
1286,uploaded,2022-02-23,5,https://store.toto-dream.com/dcs/subos/screen/pi04/spin011/PGSPIN01101LnkHoldCntLotResultLsttoto.form?popupDispDiv=disp&holdCntId=1286
1287,uploaded,2022-02-26,13,https://store.toto-dream.com/dcs/subos/screen/pi04/spin011/PGSPIN01101LnkHoldCntLotResultLsttoto.form?popupDispDiv=disp&holdCntId=1287
1288,uploaded,2022-03-05,13,https://store.toto-dream.com/dcs/subos/screen/pi04/spin011/PGSPIN01101LnkHoldCntLotResultLsttoto.form?popupDispDiv=disp&holdCntId=1288
1289,uploaded,2022-03-12,13,https://store.toto-dream.com/dcs/subos/screen/pi04/spin011/PGSPIN01101LnkHoldCntLotResultLsttoto.form?popupDispDiv=disp&holdCntId=1289
1290,uploaded,2022-03-19,13,https://store.toto-dream.com/dcs/subos/screen/pi04/spin011/PGSPIN01101LnkHoldCntLotResultLsttoto.form?popupDispDiv=disp&holdCntId=1290
1291,uploaded,2022-03-23,13,https://store.toto-dream.com/dcs/subos/screen/pi04/spin011/PGSPIN01101LnkHoldCntLotResultLsttoto.form?popupDispDiv=disp&holdCntId=1291
1292,uploaded,2022-03-26,12,https://store.toto-dream.com/dcs/subos/screen/pi04/spin011/PGSPIN01101LnkHoldCntLotResultLsttoto.form?popupDispDiv=disp&holdCntId=1292
1293,uploaded,2022-03-30,5,https://store.toto-dream.com/dcs/subos/screen/pi04/spin011/PGSPIN01101LnkHoldCntLotResultLsttoto.form?popupDispDiv=disp&holdCntId=1293
1294,uploaded,2022-04-02,13,https://store.toto-dream.com/dcs/subos/screen/pi04/spin011/PGSPIN01101LnkHoldCntLotResultLsttoto.form?popupDispDiv=disp&holdCntId=1294
1295,uploaded,2022-04-06,5,https://store.toto-dream.com/dcs/subos/screen/pi04/spin011/PGSPIN01101LnkHoldCntLotResultLsttoto.form?popupDispDiv=disp&holdCntId=1295
1296,uploaded,2022-04-09,13,https://store.toto-dream.com/dcs/subos/screen/pi04/spin011/PGSPIN01101LnkHoldCntLotResultLsttoto.form?popupDispDiv=disp&holdCntId=1296
1297,uploaded,2022-04-16,13,https://store.toto-dream.com/dcs/subos/screen/pi04/spin011/PGSPIN01101LnkHoldCntLotResultLsttoto.form?popupDispDiv=disp&holdCntId=1297
1298,uploaded,2022-04-23,13,https://store.toto-dream.com/dcs/subos/screen/pi04/spin011/PGSPIN01101LnkHoldCntLotResultLsttoto.form?popupDispDiv=disp&holdCntId=1298
1299,uploaded,2022-04-29,13,https://store.toto-dream.com/dcs/subos/screen/pi04/spin011/PGSPIN01101LnkHoldCntLotResultLsttoto.form?popupDispDiv=disp&holdCntId=1299
1300,uploaded,2022-05-03,12,https://store.toto-dream.com/dcs/subos/screen/pi04/spin011/PGSPIN01101LnkHoldCntLotResultLsttoto.form?popupDispDiv=disp&holdCntId=1300
1301,uploaded,2022-05-07,13,https://store.toto-dream.com/dcs/subos/screen/pi04/spin011/PGSPIN01101LnkHoldCntLotResultLsttoto.form?popupDispDiv=disp&holdCntId=1301
1302,uploaded,2022-05-11,5,https://store.toto-dream.com/dcs/subos/screen/pi04/spin011/PGSPIN01101LnkHoldCntLotResultLsttoto.form?popupDispDiv=disp&holdCntId=1302
1303,uploaded,2022-05-14,13,https://store.toto-dream.com/dcs/subos/screen/pi04/spin011/PGSPIN01101LnkHoldCntLotResultLsttoto.form?popupDispDiv=disp&holdCntId=1303
1304,uploaded,2022-05-21,13,https://store.toto-dream.com/dcs/subos/screen/pi04/spin011/PGSPIN01101LnkHoldCntLotResultLsttoto.form?popupDispDiv=disp&holdCntId=1304
1305,uploaded,2022-05-25,13,https://store.toto-dream.com/dcs/subos/screen/pi04/spin011/PGSPIN01101LnkHoldCntLotResultLsttoto.form?popupDispDiv=disp&holdCntId=1305
1306,uploaded,2022-05-27,13,https://store.toto-dream.com/dcs/subos/screen/pi04/spin011/PGSPIN01101LnkHoldCntLotResultLsttoto.form?popupDispDiv=disp&holdCntId=1306
1307,uploaded,2022-05-28,13,https://store.toto-dream.com/dcs/subos/screen/pi04/spin011/PGSPIN01101LnkHoldCntLotResultLsttoto.form?popupDispDiv=disp&holdCntId=1307
1308,uploaded,2022-06-04,13,https://store.toto-dream.com/dcs/subos/screen/pi04/spin011/PGSPIN01101LnkHoldCntLotResultLsttoto.form?popupDispDiv=disp&holdCntId=1308
1309,uploaded,2022-06-11,13,https://store.toto-dream.com/dcs/subos/screen/pi04/spin011/PGSPIN01101LnkHoldCntLotResultLsttoto.form?popupDispDiv=disp&holdCntId=1309
1310,uploaded,2022-06-18,13,https://store.toto-dream.com/dcs/subos/screen/pi04/spin011/PGSPIN01101LnkHoldCntLotResultLsttoto.form?popupDispDiv=disp&holdCntId=1310
1311,uploaded,2022-06-22,13,https://store.toto-dream.com/dcs/subos/screen/pi04/spin011/PGSPIN01101LnkHoldCntLotResultLsttoto.form?popupDispDiv=disp&holdCntId=1311
1312,uploaded,2022-06-25,13,https://store.toto-dream.com/dcs/subos/screen/pi04/spin011/PGSPIN01101LnkHoldCntLotResultLsttoto.form?popupDispDiv=disp&holdCntId=1312
1313,uploaded,2022-07-02,12,https://store.toto-dream.com/dcs/subos/screen/pi04/spin011/PGSPIN01101LnkHoldCntLotResultLsttoto.form?popupDispDiv=disp&holdCntId=1313
1314,uploaded,2022-07-06,13,https://store.toto-dream.com/dcs/subos/screen/pi04/spin011/PGSPIN01101LnkHoldCntLotResultLsttoto.form?popupDispDiv=disp&holdCntId=1314
1315,insufficient_fixtures,2022-07-06,4,
1316,uploaded,2022-07-09,13,https://store.toto-dream.com/dcs/subos/screen/pi04/spin011/PGSPIN01101LnkHoldCntLotResultLsttoto.form?popupDispDiv=disp&holdCntId=1316
1317,uploaded,2022-07-16,12,https://store.toto-dream.com/dcs/subos/screen/pi04/spin011/PGSPIN01101LnkHoldCntLotResultLsttoto.form?popupDispDiv=disp&holdCntId=1317
1318,uploaded,2022-07-23,13,https://store.toto-dream.com/dcs/subos/screen/pi04/spin011/PGSPIN01101LnkHoldCntLotResultLsttoto.form?popupDispDiv=disp&holdCntId=1318
1319,insufficient_fixtures,2022-07-27,0,
1320,uploaded,2022-07-30,13,https://store.toto-dream.com/dcs/subos/screen/pi04/spin011/PGSPIN01101LnkHoldCntLotResultLsttoto.form?popupDispDiv=disp&holdCntId=1320
1321,insufficient_fixtures,2022-08-03,0,
1322,uploaded,2022-08-06,13,https://store.toto-dream.com/dcs/subos/screen/pi04/spin011/PGSPIN01101LnkHoldCntLotResultLsttoto.form?popupDispDiv=disp&holdCntId=1322
1323,uploaded,2022-08-13,12,https://store.toto-dream.com/dcs/subos/screen/pi04/spin011/PGSPIN01101LnkHoldCntLotResultLsttoto.form?popupDispDiv=disp&holdCntId=1323
1324,uploaded,2022-08-20,12,https://store.toto-dream.com/dcs/subos/screen/pi04/spin011/PGSPIN01101LnkHoldCntLotResultLsttoto.form?popupDispDiv=disp&holdCntId=1324
1325,uploaded,2022-08-27,13,https://store.toto-dream.com/dcs/subos/screen/pi04/spin011/PGSPIN01101LnkHoldCntLotResultLsttoto.form?popupDispDiv=disp&holdCntId=1325
1326,uploaded,2022-09-03,13,https://store.toto-dream.com/dcs/subos/screen/pi04/spin011/PGSPIN01101LnkHoldCntLotResultLsttoto.form?popupDispDiv=disp&holdCntId=1326
1327,uploaded,2022-09-10,13,https://store.toto-dream.com/dcs/subos/screen/pi04/spin011/PGSPIN01101LnkHoldCntLotResultLsttoto.form?popupDispDiv=disp&holdCntId=1327
1328,uploaded,2022-09-17,13,https://store.toto-dream.com/dcs/subos/screen/pi04/spin011/PGSPIN01101LnkHoldCntLotResultLsttoto.form?popupDispDiv=disp&holdCntId=1328
1329,uploaded,2022-09-24,13,https://store.toto-dream.com/dcs/subos/screen/pi04/spin011/PGSPIN01101LnkHoldCntLotResultLsttoto.form?popupDispDiv=disp&holdCntId=1329
1330,uploaded,2022-10-01,13,https://store.toto-dream.com/dcs/subos/screen/pi04/spin011/PGSPIN01101LnkHoldCntLotResultLsttoto.form?popupDispDiv=disp&holdCntId=1330
1331,uploaded,2022-10-08,13,https://store.toto-dream.com/dcs/subos/screen/pi04/spin011/PGSPIN01101LnkHoldCntLotResultLsttoto.form?popupDispDiv=disp&holdCntId=1331
1332,uploaded,2022-10-15,13,https://store.toto-dream.com/dcs/subos/screen/pi04/spin011/PGSPIN01101LnkHoldCntLotResultLsttoto.form?popupDispDiv=disp&holdCntId=1332
1333,uploaded,2022-10-23,13,https://store.toto-dream.com/dcs/subos/screen/pi04/spin011/PGSPIN01101LnkHoldCntLotResultLsttoto.form?popupDispDiv=disp&holdCntId=1333
1334,uploaded,2022-10-29,13,https://store.toto-dream.com/dcs/subos/screen/pi04/spin011/PGSPIN01101LnkHoldCntLotResultLsttoto.form?popupDispDiv=disp&holdCntId=1334
1335,uploaded,2022-11-05,13,https://store.toto-dream.com/dcs/subos/screen/pi04/spin011/PGSPIN01101LnkHoldCntLotResultLsttoto.form?popupDispDiv=disp&holdCntId=1335
1336,uploaded,2022-11-12,13,https://store.toto-dream.com/dcs/subos/screen/pi04/spin011/PGSPIN01101LnkHoldCntLotResultLsttoto.form?popupDispDiv=disp&holdCntId=1336
1337,uploaded,2022-11-18,13,https://store.toto-dream.com/dcs/subos/screen/pi04/spin011/PGSPIN01101LnkHoldCntLotResultLsttoto.form?popupDispDiv=disp&holdCntId=1337
1338,uploaded,2022-11-21,13,https://store.toto-dream.com/dcs/subos/screen/pi04/spin011/PGSPIN01101LnkHoldCntLotResultLsttoto.form?popupDispDiv=disp&holdCntId=1338
1339,no_full_date,,0,https://store.toto-dream.com/dcs/subos/screen/pi04/spin011/PGSPIN01101LnkHoldCntLotResultLsttoto.form?popupDispDiv=disp&holdCntId=1339
1340,no_full_date,,0,https://store.toto-dream.com/dcs/subos/screen/pi04/spin011/PGSPIN01101LnkHoldCntLotResultLsttoto.form?popupDispDiv=disp&holdCntId=1340
1341,uploaded,2022-12-16,5,https://store.toto-dream.com/dcs/subos/screen/pi04/spin011/PGSPIN01101LnkHoldCntLotResultLsttoto.form?popupDispDiv=disp&holdCntId=1341
1342,no_full_date,,0,https://store.toto-dream.com/dcs/subos/screen/pi04/spin011/PGSPIN01101LnkHoldCntLotResultLsttoto.form?popupDispDiv=disp&holdCntId=1342
1343,insufficient_fixtures,2022-12-29,0,
1344,uploaded,2023-01-01,5,https://store.toto-dream.com/dcs/subos/screen/pi04/spin011/PGSPIN01101LnkHoldCntLotResultLsttoto.form?popupDispDiv=disp&holdCntId=1344
1345,uploaded,2023-01-04,5,https://store.toto-dream.com/dcs/subos/screen/pi04/spin011/PGSPIN01101LnkHoldCntLotResultLsttoto.form?popupDispDiv=disp&holdCntId=1345
1346,uploaded,2023-01-14,13,https://store.toto-dream.com/dcs/subos/screen/pi04/spin011/PGSPIN01101LnkHoldCntLotResultLsttoto.form?popupDispDiv=disp&holdCntId=1346
1347,uploaded,2023-01-21,5,https://store.toto-dream.com/dcs/subos/screen/pi04/spin011/PGSPIN01101LnkHoldCntLotResultLsttoto.form?popupDispDiv=disp&holdCntId=1347
1348,uploaded,2023-01-28,13,https://store.toto-dream.com/dcs/subos/screen/pi04/spin011/PGSPIN01101LnkHoldCntLotResultLsttoto.form?popupDispDiv=disp&holdCntId=1348
1349,uploaded,2023-02-04,13,https://store.toto-dream.com/dcs/subos/screen/pi04/spin011/PGSPIN01101LnkHoldCntLotResultLsttoto.form?popupDispDiv=disp&holdCntId=1349
1350,no_full_date,,0,https://store.toto-dream.com/dcs/subos/screen/pi04/spin011/PGSPIN01101LnkHoldCntLotResultLsttoto.form?popupDispDiv=disp&holdCntId=1350
1351,uploaded,2023-02-13,13,https://store.toto-dream.com/dcs/subos/screen/pi04/spin011/PGSPIN01101LnkHoldCntLotResultLsttoto.form?popupDispDiv=disp&holdCntId=1351
1352,uploaded,2023-02-18,13,https://store.toto-dream.com/dcs/subos/screen/pi04/spin011/PGSPIN01101LnkHoldCntLotResultLsttoto.form?popupDispDiv=disp&holdCntId=1352
1353,uploaded,2023-02-25,13,https://store.toto-dream.com/dcs/subos/screen/pi04/spin011/PGSPIN01101LnkHoldCntLotResultLsttoto.form?popupDispDiv=disp&holdCntId=1353
1354,uploaded,2023-03-01,5,https://store.toto-dream.com/dcs/subos/screen/pi04/spin011/PGSPIN01101LnkHoldCntLotResultLsttoto.form?popupDispDiv=disp&holdCntId=1354
1355,uploaded,2023-03-04,13,https://store.toto-dream.com/dcs/subos/screen/pi04/spin011/PGSPIN01101LnkHoldCntLotResultLsttoto.form?popupDispDiv=disp&holdCntId=1355
1356,uploaded,2023-03-11,13,https://store.toto-dream.com/dcs/subos/screen/pi04/spin011/PGSPIN01101LnkHoldCntLotResultLsttoto.form?popupDispDiv=disp&holdCntId=1356
1357,uploaded,2023-03-18,13,https://store.toto-dream.com/dcs/subos/screen/pi04/spin011/PGSPIN01101LnkHoldCntLotResultLsttoto.form?popupDispDiv=disp&holdCntId=1357
1358,uploaded,2023-03-25,13,https://store.toto-dream.com/dcs/subos/screen/pi04/spin011/PGSPIN01101LnkHoldCntLotResultLsttoto.form?popupDispDiv=disp&holdCntId=1358
1359,uploaded,2023-03-29,5,https://store.toto-dream.com/dcs/subos/screen/pi04/spin011/PGSPIN01101LnkHoldCntLotResultLsttoto.form?popupDispDiv=disp&holdCntId=1359
1360,uploaded,2023-04-01,13,https://store.toto-dream.com/dcs/subos/screen/pi04/spin011/PGSPIN01101LnkHoldCntLotResultLsttoto.form?popupDispDiv=disp&holdCntId=1360
1361,uploaded,2023-04-08,13,https://store.toto-dream.com/dcs/subos/screen/pi04/spin011/PGSPIN01101LnkHoldCntLotResultLsttoto.form?popupDispDiv=disp&holdCntId=1361
1362,uploaded,2023-04-12,5,https://store.toto-dream.com/dcs/subos/screen/pi04/spin011/PGSPIN01101LnkHoldCntLotResultLsttoto.form?popupDispDiv=disp&holdCntId=1362
1363,uploaded,2023-04-15,13,https://store.toto-dream.com/dcs/subos/screen/pi04/spin011/PGSPIN01101LnkHoldCntLotResultLsttoto.form?popupDispDiv=disp&holdCntId=1363
1364,uploaded,2023-04-22,13,https://store.toto-dream.com/dcs/subos/screen/pi04/spin011/PGSPIN01101LnkHoldCntLotResultLsttoto.form?popupDispDiv=disp&holdCntId=1364
1365,uploaded,2023-04-29,13,https://store.toto-dream.com/dcs/subos/screen/pi04/spin011/PGSPIN01101LnkHoldCntLotResultLsttoto.form?popupDispDiv=disp&holdCntId=1365
1366,uploaded,2023-05-03,13,https://store.toto-dream.com/dcs/subos/screen/pi04/spin011/PGSPIN01101LnkHoldCntLotResultLsttoto.form?popupDispDiv=disp&holdCntId=1366
1367,uploaded,2023-05-06,13,https://store.toto-dream.com/dcs/subos/screen/pi04/spin011/PGSPIN01101LnkHoldCntLotResultLsttoto.form?popupDispDiv=disp&holdCntId=1367
1368,uploaded,2023-05-13,13,https://store.toto-dream.com/dcs/subos/screen/pi04/spin011/PGSPIN01101LnkHoldCntLotResultLsttoto.form?popupDispDiv=disp&holdCntId=1368
1369,uploaded,2023-05-17,5,https://store.toto-dream.com/dcs/subos/screen/pi04/spin011/PGSPIN01101LnkHoldCntLotResultLsttoto.form?popupDispDiv=disp&holdCntId=1369
1370,uploaded,2023-05-20,13,https://store.toto-dream.com/dcs/subos/screen/pi04/spin011/PGSPIN01101LnkHoldCntLotResultLsttoto.form?popupDispDiv=disp&holdCntId=1370
1371,uploaded,2023-05-27,13,https://store.toto-dream.com/dcs/subos/screen/pi04/spin011/PGSPIN01101LnkHoldCntLotResultLsttoto.form?popupDispDiv=disp&holdCntId=1371
1372,uploaded,2023-06-03,13,https://store.toto-dream.com/dcs/subos/screen/pi04/spin011/PGSPIN01101LnkHoldCntLotResultLsttoto.form?popupDispDiv=disp&holdCntId=1372
1373,uploaded,2023-06-07,13,https://store.toto-dream.com/dcs/subos/screen/pi04/spin011/PGSPIN01101LnkHoldCntLotResultLsttoto.form?popupDispDiv=disp&holdCntId=1373
1374,uploaded,2023-06-10,13,https://store.toto-dream.com/dcs/subos/screen/pi04/spin011/PGSPIN01101LnkHoldCntLotResultLsttoto.form?popupDispDiv=disp&holdCntId=1374
1375,insufficient_fixtures,2023-06-14,0,
1376,uploaded,2023-06-18,13,https://store.toto-dream.com/dcs/subos/screen/pi04/spin011/PGSPIN01101LnkHoldCntLotResultLsttoto.form?popupDispDiv=disp&holdCntId=1376
1377,insufficient_fixtures,2023-06-21,0,
1378,uploaded,2023-06-24,13,https://store.toto-dream.com/dcs/subos/screen/pi04/spin011/PGSPIN01101LnkHoldCntLotResultLsttoto.form?popupDispDiv=disp&holdCntId=1378
1379,uploaded,2023-06-28,5,https://store.toto-dream.com/dcs/subos/screen/pi04/spin011/PGSPIN01101LnkHoldCntLotResultLsttoto.form?popupDispDiv=disp&holdCntId=1379
1380,uploaded,2023-07-01,13,https://store.toto-dream.com/dcs/subos/screen/pi04/spin011/PGSPIN01101LnkHoldCntLotResultLsttoto.form?popupDispDiv=disp&holdCntId=1380
1381,uploaded,2023-07-08,12,https://store.toto-dream.com/dcs/subos/screen/pi04/spin011/PGSPIN01101LnkHoldCntLotResultLsttoto.form?popupDispDiv=disp&holdCntId=1381
1382,uploaded,2023-07-12,12,https://store.toto-dream.com/dcs/subos/screen/pi04/spin011/PGSPIN01101LnkHoldCntLotResultLsttoto.form?popupDispDiv=disp&holdCntId=1382
1383,uploaded,2023-07-15,13,https://store.toto-dream.com/dcs/subos/screen/pi04/spin011/PGSPIN01101LnkHoldCntLotResultLsttoto.form?popupDispDiv=disp&holdCntId=1383
1384,uploaded,2023-07-22,13,https://store.toto-dream.com/dcs/subos/screen/pi04/spin011/PGSPIN01101LnkHoldCntLotResultLsttoto.form?popupDispDiv=disp&holdCntId=1384
1385,uploaded,2023-07-26,5,https://store.toto-dream.com/dcs/subos/screen/pi04/spin011/PGSPIN01101LnkHoldCntLotResultLsttoto.form?popupDispDiv=disp&holdCntId=1385
1386,uploaded,2023-07-29,13,https://store.toto-dream.com/dcs/subos/screen/pi04/spin011/PGSPIN01101LnkHoldCntLotResultLsttoto.form?popupDispDiv=disp&holdCntId=1386
1387,uploaded,2023-08-05,13,https://store.toto-dream.com/dcs/subos/screen/pi04/spin011/PGSPIN01101LnkHoldCntLotResultLsttoto.form?popupDispDiv=disp&holdCntId=1387
1388,insufficient_fixtures,2023-08-11,0,
1389,uploaded,2023-08-12,12,https://store.toto-dream.com/dcs/subos/screen/pi04/spin011/PGSPIN01101LnkHoldCntLotResultLsttoto.form?popupDispDiv=disp&holdCntId=1389
1390,uploaded,2023-08-19,13,https://store.toto-dream.com/dcs/subos/screen/pi04/spin011/PGSPIN01101LnkHoldCntLotResultLsttoto.form?popupDispDiv=disp&holdCntId=1390
1391,insufficient_fixtures,2023-08-23,0,
1392,uploaded,2023-08-26,13,https://store.toto-dream.com/dcs/subos/screen/pi04/spin011/PGSPIN01101LnkHoldCntLotResultLsttoto.form?popupDispDiv=disp&holdCntId=1392
1393,insufficient_fixtures,2023-08-30,0,
1394,uploaded,2023-09-02,13,https://store.toto-dream.com/dcs/subos/screen/pi04/spin011/PGSPIN01101LnkHoldCntLotResultLsttoto.form?popupDispDiv=disp&holdCntId=1394
1395,insufficient_fixtures,2023-09-08,0,
1396,uploaded,2023-09-09,13,https://store.toto-dream.com/dcs/subos/screen/pi04/spin011/PGSPIN01101LnkHoldCntLotResultLsttoto.form?popupDispDiv=disp&holdCntId=1396
1397,uploaded,2023-09-16,13,https://store.toto-dream.com/dcs/subos/screen/pi04/spin011/PGSPIN01101LnkHoldCntLotResultLsttoto.form?popupDispDiv=disp&holdCntId=1397
1398,insufficient_fixtures,2023-09-22,0,
1399,uploaded,2023-09-23,13,https://store.toto-dream.com/dcs/subos/screen/pi04/spin011/PGSPIN01101LnkHoldCntLotResultLsttoto.form?popupDispDiv=disp&holdCntId=1399
1400,uploaded,2023-09-30,13,https://store.toto-dream.com/dcs/subos/screen/pi04/spin011/PGSPIN01101LnkHoldCntLotResultLsttoto.form?popupDispDiv=disp&holdCntId=1400
1401,insufficient_fixtures,2023-10-04,0,
1402,uploaded,2023-10-07,13,https://store.toto-dream.com/dcs/subos/screen/pi04/spin011/PGSPIN01101LnkHoldCntLotResultLsttoto.form?popupDispDiv=disp&holdCntId=1402
1403,insufficient_fixtures,2023-10-13,0,
1404,uploaded,2023-10-14,13,https://store.toto-dream.com/dcs/subos/screen/pi04/spin011/PGSPIN01101LnkHoldCntLotResultLsttoto.form?popupDispDiv=disp&holdCntId=1404
1405,uploaded,2023-10-21,13,https://store.toto-dream.com/dcs/subos/screen/pi04/spin011/PGSPIN01101LnkHoldCntLotResultLsttoto.form?popupDispDiv=disp&holdCntId=1405
1406,uploaded,2023-10-28,13,https://store.toto-dream.com/dcs/subos/screen/pi04/spin011/PGSPIN01101LnkHoldCntLotResultLsttoto.form?popupDispDiv=disp&holdCntId=1406
1407,uploaded,2023-11-04,13,https://store.toto-dream.com/dcs/subos/screen/pi04/spin011/PGSPIN01101LnkHoldCntLotResultLsttoto.form?popupDispDiv=disp&holdCntId=1407
1408,uploaded,2023-11-11,13,https://store.toto-dream.com/dcs/subos/screen/pi04/spin011/PGSPIN01101LnkHoldCntLotResultLsttoto.form?popupDispDiv=disp&holdCntId=1408
1409,uploaded,2023-11-11,5,https://store.toto-dream.com/dcs/subos/screen/pi04/spin011/PGSPIN01101LnkHoldCntLotResultLsttoto.form?popupDispDiv=disp&holdCntId=1409
1410,uploaded,2023-11-16,13,https://store.toto-dream.com/dcs/subos/screen/pi04/spin011/PGSPIN01101LnkHoldCntLotResultLsttoto.form?popupDispDiv=disp&holdCntId=1410
1411,insufficient_fixtures,2023-11-17,0,
1412,uploaded,2023-11-21,13,https://store.toto-dream.com/dcs/subos/screen/pi04/spin011/PGSPIN01101LnkHoldCntLotResultLsttoto.form?popupDispDiv=disp&holdCntId=1412
1413,uploaded,2023-11-25,13,https://store.toto-dream.com/dcs/subos/screen/pi04/spin011/PGSPIN01101LnkHoldCntLotResultLsttoto.form?popupDispDiv=disp&holdCntId=1413
1414,uploaded,2023-11-28,5,https://store.toto-dream.com/dcs/subos/screen/pi04/spin011/PGSPIN01101LnkHoldCntLotResultLsttoto.form?popupDispDiv=disp&holdCntId=1414
1415,uploaded,2023-12-02,13,https://store.toto-dream.com/dcs/subos/screen/pi04/spin011/PGSPIN01101LnkHoldCntLotResultLsttoto.form?popupDispDiv=disp&holdCntId=1415
1416,uploaded,2023-12-09,13,https://store.toto-dream.com/dcs/subos/screen/pi04/spin011/PGSPIN01101LnkHoldCntLotResultLsttoto.form?popupDispDiv=disp&holdCntId=1416
1417,uploaded,2023-12-12,5,https://store.toto-dream.com/dcs/subos/screen/pi04/spin011/PGSPIN01101LnkHoldCntLotResultLsttoto.form?popupDispDiv=disp&holdCntId=1417
1418,uploaded,2023-12-16,5,https://store.toto-dream.com/dcs/subos/screen/pi04/spin011/PGSPIN01101LnkHoldCntLotResultLsttoto.form?popupDispDiv=disp&holdCntId=1418
1419,uploaded,2023-12-21,5,https://store.toto-dream.com/dcs/subos/screen/pi04/spin011/PGSPIN01101LnkHoldCntLotResultLsttoto.form?popupDispDiv=disp&holdCntId=1419
1420,uploaded,2023-12-26,5,https://store.toto-dream.com/dcs/subos/screen/pi04/spin011/PGSPIN01101LnkHoldCntLotResultLsttoto.form?popupDispDiv=disp&holdCntId=1420
1421,no_full_date,,0,https://store.toto-dream.com/dcs/subos/screen/pi04/spin011/PGSPIN01101LnkHoldCntLotResultLsttoto.form?popupDispDiv=disp&holdCntId=1421
1422,no_full_date,,0,https://store.toto-dream.com/dcs/subos/screen/pi04/spin011/PGSPIN01101LnkHoldCntLotResultLsttoto.form?popupDispDiv=disp&holdCntId=1422
1423,uploaded,2024-01-05,5,https://store.toto-dream.com/dcs/subos/screen/pi04/spin011/PGSPIN01101LnkHoldCntLotResultLsttoto.form?popupDispDiv=disp&holdCntId=1423
1424,uploaded,2024-01-13,5,https://store.toto-dream.com/dcs/subos/screen/pi04/spin011/PGSPIN01101LnkHoldCntLotResultLsttoto.form?popupDispDiv=disp&holdCntId=1424
1425,uploaded,2024-01-20,5,https://store.toto-dream.com/dcs/subos/screen/pi04/spin011/PGSPIN01101LnkHoldCntLotResultLsttoto.form?popupDispDiv=disp&holdCntId=1425
1426,uploaded,2024-01-23,5,https://store.toto-dream.com/dcs/subos/screen/pi04/spin011/PGSPIN01101LnkHoldCntLotResultLsttoto.form?popupDispDiv=disp&holdCntId=1426
1427,uploaded,2024-01-27,13,https://store.toto-dream.com/dcs/subos/screen/pi04/spin011/PGSPIN01101LnkHoldCntLotResultLsttoto.form?popupDispDiv=disp&holdCntId=1427
1428,uploaded,2024-02-03,13,https://store.toto-dream.com/dcs/subos/screen/pi04/spin011/PGSPIN01101LnkHoldCntLotResultLsttoto.form?popupDispDiv=disp&holdCntId=1428
1429,uploaded,2024-02-10,13,https://store.toto-dream.com/dcs/subos/screen/pi04/spin011/PGSPIN01101LnkHoldCntLotResultLsttoto.form?popupDispDiv=disp&holdCntId=1429
1430,insufficient_fixtures,2024-02-16,0,
1431,uploaded,2024-02-17,13,https://store.toto-dream.com/dcs/subos/screen/pi04/spin011/PGSPIN01101LnkHoldCntLotResultLsttoto.form?popupDispDiv=disp&holdCntId=1431
1432,insufficient_fixtures,2024-02-23,0,
1433,uploaded,2024-02-24,13,https://store.toto-dream.com/dcs/subos/screen/pi04/spin011/PGSPIN01101LnkHoldCntLotResultLsttoto.form?popupDispDiv=disp&holdCntId=1433
1434,uploaded,2024-02-28,5,https://store.toto-dream.com/dcs/subos/screen/pi04/spin011/PGSPIN01101LnkHoldCntLotResultLsttoto.form?popupDispDiv=disp&holdCntId=1434
1435,uploaded,2024-03-02,13,https://store.toto-dream.com/dcs/subos/screen/pi04/spin011/PGSPIN01101LnkHoldCntLotResultLsttoto.form?popupDispDiv=disp&holdCntId=1435
1436,uploaded,2024-03-06,5,https://store.toto-dream.com/dcs/subos/screen/pi04/spin011/PGSPIN01101LnkHoldCntLotResultLsttoto.form?popupDispDiv=disp&holdCntId=1436
1437,uploaded,2024-03-09,13,https://store.toto-dream.com/dcs/subos/screen/pi04/spin011/PGSPIN01101LnkHoldCntLotResultLsttoto.form?popupDispDiv=disp&holdCntId=1437
1438,uploaded,2024-03-16,13,https://store.toto-dream.com/dcs/subos/screen/pi04/spin011/PGSPIN01101LnkHoldCntLotResultLsttoto.form?popupDispDiv=disp&holdCntId=1438
1439,uploaded,2024-03-20,13,https://store.toto-dream.com/dcs/subos/screen/pi04/spin011/PGSPIN01101LnkHoldCntLotResultLsttoto.form?popupDispDiv=disp&holdCntId=1439
1440,uploaded,2024-03-23,13,https://store.toto-dream.com/dcs/subos/screen/pi04/spin011/PGSPIN01101LnkHoldCntLotResultLsttoto.form?popupDispDiv=disp&holdCntId=1440
1441,uploaded,2024-03-26,13,https://store.toto-dream.com/dcs/subos/screen/pi04/spin011/PGSPIN01101LnkHoldCntLotResultLsttoto.form?popupDispDiv=disp&holdCntId=1441
1442,uploaded,2024-03-30,13,https://store.toto-dream.com/dcs/subos/screen/pi04/spin011/PGSPIN01101LnkHoldCntLotResultLsttoto.form?popupDispDiv=disp&holdCntId=1442
1443,uploaded,2024-04-03,13,https://store.toto-dream.com/dcs/subos/screen/pi04/spin011/PGSPIN01101LnkHoldCntLotResultLsttoto.form?popupDispDiv=disp&holdCntId=1443
1444,uploaded,2024-04-03,5,https://store.toto-dream.com/dcs/subos/screen/pi04/spin011/PGSPIN01101LnkHoldCntLotResultLsttoto.form?popupDispDiv=disp&holdCntId=1444
1445,uploaded,2024-04-06,13,https://store.toto-dream.com/dcs/subos/screen/pi04/spin011/PGSPIN01101LnkHoldCntLotResultLsttoto.form?popupDispDiv=disp&holdCntId=1445
1446,uploaded,2024-04-10,5,https://store.toto-dream.com/dcs/subos/screen/pi04/spin011/PGSPIN01101LnkHoldCntLotResultLsttoto.form?popupDispDiv=disp&holdCntId=1446
1447,uploaded,2024-04-13,13,https://store.toto-dream.com/dcs/subos/screen/pi04/spin011/PGSPIN01101LnkHoldCntLotResultLsttoto.form?popupDispDiv=disp&holdCntId=1447
1448,uploaded,2024-04-17,5,https://store.toto-dream.com/dcs/subos/screen/pi04/spin011/PGSPIN01101LnkHoldCntLotResultLsttoto.form?popupDispDiv=disp&holdCntId=1448
1449,uploaded,2024-04-20,13,https://store.toto-dream.com/dcs/subos/screen/pi04/spin011/PGSPIN01101LnkHoldCntLotResultLsttoto.form?popupDispDiv=disp&holdCntId=1449
1450,uploaded,2024-04-27,13,https://store.toto-dream.com/dcs/subos/screen/pi04/spin011/PGSPIN01101LnkHoldCntLotResultLsttoto.form?popupDispDiv=disp&holdCntId=1450
1451,uploaded,2024-05-03,13,https://store.toto-dream.com/dcs/subos/screen/pi04/spin011/PGSPIN01101LnkHoldCntLotResultLsttoto.form?popupDispDiv=disp&holdCntId=1451
1452,uploaded,2024-05-06,13,https://store.toto-dream.com/dcs/subos/screen/pi04/spin011/PGSPIN01101LnkHoldCntLotResultLsttoto.form?popupDispDiv=disp&holdCntId=1452
1453,uploaded,2024-05-08,5,https://store.toto-dream.com/dcs/subos/screen/pi04/spin011/PGSPIN01101LnkHoldCntLotResultLsttoto.form?popupDispDiv=disp&holdCntId=1453
1454,uploaded,2024-05-11,13,https://store.toto-dream.com/dcs/subos/screen/pi04/spin011/PGSPIN01101LnkHoldCntLotResultLsttoto.form?popupDispDiv=disp&holdCntId=1454
1455,uploaded,2024-05-15,5,https://store.toto-dream.com/dcs/subos/screen/pi04/spin011/PGSPIN01101LnkHoldCntLotResultLsttoto.form?popupDispDiv=disp&holdCntId=1455
1456,uploaded,2024-05-18,13,https://store.toto-dream.com/dcs/subos/screen/pi04/spin011/PGSPIN01101LnkHoldCntLotResultLsttoto.form?popupDispDiv=disp&holdCntId=1456
1457,uploaded,2024-05-25,13,https://store.toto-dream.com/dcs/subos/screen/pi04/spin011/PGSPIN01101LnkHoldCntLotResultLsttoto.form?popupDispDiv=disp&holdCntId=1457
1458,uploaded,2024-06-01,5,https://store.toto-dream.com/dcs/subos/screen/pi04/spin011/PGSPIN01101LnkHoldCntLotResultLsttoto.form?popupDispDiv=disp&holdCntId=1458
1459,uploaded,2024-06-01,13,https://store.toto-dream.com/dcs/subos/screen/pi04/spin011/PGSPIN01101LnkHoldCntLotResultLsttoto.form?popupDispDiv=disp&holdCntId=1459
1460,uploaded,2024-06-05,13,https://store.toto-dream.com/dcs/subos/screen/pi04/spin011/PGSPIN01101LnkHoldCntLotResultLsttoto.form?popupDispDiv=disp&holdCntId=1460
1461,uploaded,2024-06-08,13,https://store.toto-dream.com/dcs/subos/screen/pi04/spin011/PGSPIN01101LnkHoldCntLotResultLsttoto.form?popupDispDiv=disp&holdCntId=1461
1462,uploaded,2024-06-11,13,https://store.toto-dream.com/dcs/subos/screen/pi04/spin011/PGSPIN01101LnkHoldCntLotResultLsttoto.form?popupDispDiv=disp&holdCntId=1462
1463,uploaded,2024-06-15,13,https://store.toto-dream.com/dcs/subos/screen/pi04/spin011/PGSPIN01101LnkHoldCntLotResultLsttoto.form?popupDispDiv=disp&holdCntId=1463
1464,uploaded,2024-06-19,5,https://store.toto-dream.com/dcs/subos/screen/pi04/spin011/PGSPIN01101LnkHoldCntLotResultLsttoto.form?popupDispDiv=disp&holdCntId=1464
1465,uploaded,2024-06-22,13,https://store.toto-dream.com/dcs/subos/screen/pi04/spin011/PGSPIN01101LnkHoldCntLotResultLsttoto.form?popupDispDiv=disp&holdCntId=1465
1466,uploaded,2024-06-29,13,https://store.toto-dream.com/dcs/subos/screen/pi04/spin011/PGSPIN01101LnkHoldCntLotResultLsttoto.form?popupDispDiv=disp&holdCntId=1466
1467,uploaded,2024-07-06,13,https://store.toto-dream.com/dcs/subos/screen/pi04/spin011/PGSPIN01101LnkHoldCntLotResultLsttoto.form?popupDispDiv=disp&holdCntId=1467
1468,uploaded,2024-07-10,13,https://store.toto-dream.com/dcs/subos/screen/pi04/spin011/PGSPIN01101LnkHoldCntLotResultLsttoto.form?popupDispDiv=disp&holdCntId=1468
1469,uploaded,2024-07-13,13,https://store.toto-dream.com/dcs/subos/screen/pi04/spin011/PGSPIN01101LnkHoldCntLotResultLsttoto.form?popupDispDiv=disp&holdCntId=1469
1470,uploaded,2024-07-20,5,https://store.toto-dream.com/dcs/subos/screen/pi04/spin011/PGSPIN01101LnkHoldCntLotResultLsttoto.form?popupDispDiv=disp&holdCntId=1470
1471,uploaded,2024-07-20,13,https://store.toto-dream.com/dcs/subos/screen/pi04/spin011/PGSPIN01101LnkHoldCntLotResultLsttoto.form?popupDispDiv=disp&holdCntId=1471
1472,uploaded,2024-08-03,13,https://store.toto-dream.com/dcs/subos/screen/pi04/spin011/PGSPIN01101LnkHoldCntLotResultLsttoto.form?popupDispDiv=disp&holdCntId=1472
1473,uploaded,2024-08-10,13,https://store.toto-dream.com/dcs/subos/screen/pi04/spin011/PGSPIN01101LnkHoldCntLotResultLsttoto.form?popupDispDiv=disp&holdCntId=1473
1474,uploaded,2024-08-14,5,https://store.toto-dream.com/dcs/subos/screen/pi04/spin011/PGSPIN01101LnkHoldCntLotResultLsttoto.form?popupDispDiv=disp&holdCntId=1474
1475,uploaded,2024-08-17,12,https://store.toto-dream.com/dcs/subos/screen/pi04/spin011/PGSPIN01101LnkHoldCntLotResultLsttoto.form?popupDispDiv=disp&holdCntId=1475
1476,uploaded,2024-08-24,11,https://store.toto-dream.com/dcs/subos/screen/pi04/spin011/PGSPIN01101LnkHoldCntLotResultLsttoto.form?popupDispDiv=disp&holdCntId=1476
1477,insufficient_fixtures,2024-08-28,0,
1478,uploaded,2024-08-31,13,https://store.toto-dream.com/dcs/subos/screen/pi04/spin011/PGSPIN01101LnkHoldCntLotResultLsttoto.form?popupDispDiv=disp&holdCntId=1478
1479,uploaded,2024-09-07,13,https://store.toto-dream.com/dcs/subos/screen/pi04/spin011/PGSPIN01101LnkHoldCntLotResultLsttoto.form?popupDispDiv=disp&holdCntId=1479
1480,no_full_date,,0,https://store.toto-dream.com/dcs/subos/screen/pi04/spin011/PGSPIN01101LnkHoldCntLotResultLsttoto.form?popupDispDiv=disp&holdCntId=1480
1481,uploaded,2024-09-14,13,https://store.toto-dream.com/dcs/subos/screen/pi04/spin011/PGSPIN01101LnkHoldCntLotResultLsttoto.form?popupDispDiv=disp&holdCntId=1481
1482,insufficient_fixtures,2024-09-18,0,
1483,uploaded,2024-09-21,13,https://store.toto-dream.com/dcs/subos/screen/pi04/spin011/PGSPIN01101LnkHoldCntLotResultLsttoto.form?popupDispDiv=disp&holdCntId=1483
1484,no_full_date,,0,https://store.toto-dream.com/dcs/subos/screen/pi04/spin011/PGSPIN01101LnkHoldCntLotResultLsttoto.form?popupDispDiv=disp&holdCntId=1484
1485,uploaded,2024-09-28,13,https://store.toto-dream.com/dcs/subos/screen/pi04/spin011/PGSPIN01101LnkHoldCntLotResultLsttoto.form?popupDispDiv=disp&holdCntId=1485
1486,uploaded,2024-10-05,13,https://store.toto-dream.com/dcs/subos/screen/pi04/spin011/PGSPIN01101LnkHoldCntLotResultLsttoto.form?popupDispDiv=disp&holdCntId=1486
1487,uploaded,2024-10-09,13,https://store.toto-dream.com/dcs/subos/screen/pi04/spin011/PGSPIN01101LnkHoldCntLotResultLsttoto.form?popupDispDiv=disp&holdCntId=1487
1488,no_full_date,,0,https://store.toto-dream.com/dcs/subos/screen/pi04/spin011/PGSPIN01101LnkHoldCntLotResultLsttoto.form?popupDispDiv=disp&holdCntId=1488
1489,uploaded,2024-10-19,13,https://store.toto-dream.com/dcs/subos/screen/pi04/spin011/PGSPIN01101LnkHoldCntLotResultLsttoto.form?popupDispDiv=disp&holdCntId=1489
1490,uploaded,2024-10-26,13,https://store.toto-dream.com/dcs/subos/screen/pi04/spin011/PGSPIN01101LnkHoldCntLotResultLsttoto.form?popupDispDiv=disp&holdCntId=1490
1491,no_full_date,,0,https://store.toto-dream.com/dcs/subos/screen/pi04/spin011/PGSPIN01101LnkHoldCntLotResultLsttoto.form?popupDispDiv=disp&holdCntId=1491
1492,uploaded,2024-11-02,13,https://store.toto-dream.com/dcs/subos/screen/pi04/spin011/PGSPIN01101LnkHoldCntLotResultLsttoto.form?popupDispDiv=disp&holdCntId=1492
1493,uploaded,2024-11-09,13,https://store.toto-dream.com/dcs/subos/screen/pi04/spin011/PGSPIN01101LnkHoldCntLotResultLsttoto.form?popupDispDiv=disp&holdCntId=1493
1494,uploaded,2024-11-09,5,https://store.toto-dream.com/dcs/subos/screen/pi04/spin011/PGSPIN01101LnkHoldCntLotResultLsttoto.form?popupDispDiv=disp&holdCntId=1494
1495,uploaded,2024-11-14,13,https://store.toto-dream.com/dcs/subos/screen/pi04/spin011/PGSPIN01101LnkHoldCntLotResultLsttoto.form?popupDispDiv=disp&holdCntId=1495
1496,no_full_date,,0,https://store.toto-dream.com/dcs/subos/screen/pi04/spin011/PGSPIN01101LnkHoldCntLotResultLsttoto.form?popupDispDiv=disp&holdCntId=1496
1497,uploaded,2024-11-23,5,https://store.toto-dream.com/dcs/subos/screen/pi04/spin011/PGSPIN01101LnkHoldCntLotResultLsttoto.form?popupDispDiv=disp&holdCntId=1497
1498,uploaded,2024-11-23,13,https://store.toto-dream.com/dcs/subos/screen/pi04/spin011/PGSPIN01101LnkHoldCntLotResultLsttoto.form?popupDispDiv=disp&holdCntId=1498
1499,uploaded,2024-12-01,5,https://store.toto-dream.com/dcs/subos/screen/pi04/spin011/PGSPIN01101LnkHoldCntLotResultLsttoto.form?popupDispDiv=disp&holdCntId=1499
1500,uploaded,2024-11-30,12,https://store.toto-dream.com/dcs/subos/screen/pi04/spin011/PGSPIN01101LnkHoldCntLotResultLsttoto.form?popupDispDiv=disp&holdCntId=1500
1501,no_full_date,,0,https://store.toto-dream.com/dcs/subos/screen/pi04/spin011/PGSPIN01101LnkHoldCntLotResultLsttoto.form?popupDispDiv=disp&holdCntId=1501
1502,uploaded,2024-12-07,13,https://store.toto-dream.com/dcs/subos/screen/pi04/spin011/PGSPIN01101LnkHoldCntLotResultLsttoto.form?popupDispDiv=disp&holdCntId=1502
1503,uploaded,2024-12-14,13,https://store.toto-dream.com/dcs/subos/screen/pi04/spin011/PGSPIN01101LnkHoldCntLotResultLsttoto.form?popupDispDiv=disp&holdCntId=1503
1504,uploaded,2024-12-21,5,https://store.toto-dream.com/dcs/subos/screen/pi04/spin011/PGSPIN01101LnkHoldCntLotResultLsttoto.form?popupDispDiv=disp&holdCntId=1504
1505,uploaded,2024-12-26,5,https://store.toto-dream.com/dcs/subos/screen/pi04/spin011/PGSPIN01101LnkHoldCntLotResultLsttoto.form?popupDispDiv=disp&holdCntId=1505
1506,uploaded,2024-12-29,5,https://store.toto-dream.com/dcs/subos/screen/pi04/spin011/PGSPIN01101LnkHoldCntLotResultLsttoto.form?popupDispDiv=disp&holdCntId=1506
1507,uploaded,2025-01-04,5,https://store.toto-dream.com/dcs/subos/screen/pi04/spin011/PGSPIN01101LnkHoldCntLotResultLsttoto.form?popupDispDiv=disp&holdCntId=1507
1508,uploaded,2025-01-11,13,https://store.toto-dream.com/dcs/subos/screen/pi04/spin011/PGSPIN01101LnkHoldCntLotResultLsttoto.form?popupDispDiv=disp&holdCntId=1508
1509,uploaded,2025-01-14,13,https://store.toto-dream.com/dcs/subos/screen/pi04/spin011/PGSPIN01101LnkHoldCntLotResultLsttoto.form?popupDispDiv=disp&holdCntId=1509
1510,no_full_date,,0,https://store.toto-dream.com/dcs/subos/screen/pi04/spin011/PGSPIN01101LnkHoldCntLotResultLsttoto.form?popupDispDiv=disp&holdCntId=1510
1511,uploaded,2025-01-18,13,https://store.toto-dream.com/dcs/subos/screen/pi04/spin011/PGSPIN01101LnkHoldCntLotResultLsttoto.form?popupDispDiv=disp&holdCntId=1511
1512,no_full_date,,0,https://store.toto-dream.com/dcs/subos/screen/pi04/spin011/PGSPIN01101LnkHoldCntLotResultLsttoto.form?popupDispDiv=disp&holdCntId=1512
1513,uploaded,2025-01-25,13,https://store.toto-dream.com/dcs/subos/screen/pi04/spin011/PGSPIN01101LnkHoldCntLotResultLsttoto.form?popupDispDiv=disp&holdCntId=1513
1514,uploaded,2025-02-01,5,https://store.toto-dream.com/dcs/subos/screen/pi04/spin011/PGSPIN01101LnkHoldCntLotResultLsttoto.form?popupDispDiv=disp&holdCntId=1514
1515,uploaded,2025-02-08,13,https://store.toto-dream.com/dcs/subos/screen/pi04/spin011/PGSPIN01101LnkHoldCntLotResultLsttoto.form?popupDispDiv=disp&holdCntId=1515
1516,uploaded,2025-02-15,13,https://store.toto-dream.com/dcs/subos/screen/pi04/spin011/PGSPIN01101LnkHoldCntLotResultLsttoto.form?popupDispDiv=disp&holdCntId=1516
1517,uploaded,2025-02-19,5,https://store.toto-dream.com/dcs/subos/screen/pi04/spin011/PGSPIN01101LnkHoldCntLotResultLsttoto.form?popupDispDiv=disp&holdCntId=1517
1518,uploaded,2025-02-22,13,https://store.toto-dream.com/dcs/subos/screen/pi04/spin011/PGSPIN01101LnkHoldCntLotResultLsttoto.form?popupDispDiv=disp&holdCntId=1518
1519,uploaded,2025-03-01,13,https://store.toto-dream.com/dcs/subos/screen/pi04/spin011/PGSPIN01101LnkHoldCntLotResultLsttoto.form?popupDispDiv=disp&holdCntId=1519
1520,uploaded,2025-03-08,13,https://store.toto-dream.com/dcs/subos/screen/pi04/spin011/PGSPIN01101LnkHoldCntLotResultLsttoto.form?popupDispDiv=disp&holdCntId=1520
1521,uploaded,2025-03-14,13,https://store.toto-dream.com/dcs/subos/screen/pi04/spin011/PGSPIN01101LnkHoldCntLotResultLsttoto.form?popupDispDiv=disp&holdCntId=1521
1522,uploaded,2025-03-15,13,https://store.toto-dream.com/dcs/subos/screen/pi04/spin011/PGSPIN01101LnkHoldCntLotResultLsttoto.form?popupDispDiv=disp&holdCntId=1522
1523,uploaded,2025-03-19,13,https://store.toto-dream.com/dcs/subos/screen/pi04/spin011/PGSPIN01101LnkHoldCntLotResultLsttoto.form?popupDispDiv=disp&holdCntId=1523
1524,uploaded,2025-03-23,13,https://store.toto-dream.com/dcs/subos/screen/pi04/spin011/PGSPIN01101LnkHoldCntLotResultLsttoto.form?popupDispDiv=disp&holdCntId=1524
1525,uploaded,2025-03-26,5,https://store.toto-dream.com/dcs/subos/screen/pi04/spin011/PGSPIN01101LnkHoldCntLotResultLsttoto.form?popupDispDiv=disp&holdCntId=1525
1526,uploaded,2025-03-29,13,https://store.toto-dream.com/dcs/subos/screen/pi04/spin011/PGSPIN01101LnkHoldCntLotResultLsttoto.form?popupDispDiv=disp&holdCntId=1526
1527,uploaded,2025-04-04,5,https://store.toto-dream.com/dcs/subos/screen/pi04/spin011/PGSPIN01101LnkHoldCntLotResultLsttoto.form?popupDispDiv=disp&holdCntId=1527
1528,no_full_date,,0,https://store.toto-dream.com/dcs/subos/screen/pi04/spin011/PGSPIN01101LnkHoldCntLotResultLsttoto.form?popupDispDiv=disp&holdCntId=1528
1529,uploaded,2025-04-05,13,https://store.toto-dream.com/dcs/subos/screen/pi04/spin011/PGSPIN01101LnkHoldCntLotResultLsttoto.form?popupDispDiv=disp&holdCntId=1529
1530,uploaded,2025-04-09,5,https://store.toto-dream.com/dcs/subos/screen/pi04/spin011/PGSPIN01101LnkHoldCntLotResultLsttoto.form?popupDispDiv=disp&holdCntId=1530
1531,uploaded,2025-04-12,13,https://store.toto-dream.com/dcs/subos/screen/pi04/spin011/PGSPIN01101LnkHoldCntLotResultLsttoto.form?popupDispDiv=disp&holdCntId=1531
1532,uploaded,2025-04-19,13,https://store.toto-dream.com/dcs/subos/screen/pi04/spin011/PGSPIN01101LnkHoldCntLotResultLsttoto.form?popupDispDiv=disp&holdCntId=1532
1533,uploaded,2025-04-25,13,https://store.toto-dream.com/dcs/subos/screen/pi04/spin011/PGSPIN01101LnkHoldCntLotResultLsttoto.form?popupDispDiv=disp&holdCntId=1533
1534,uploaded,2025-04-29,13,https://store.toto-dream.com/dcs/subos/screen/pi04/spin011/PGSPIN01101LnkHoldCntLotResultLsttoto.form?popupDispDiv=disp&holdCntId=1534
1535,uploaded,2025-05-03,13,https://store.toto-dream.com/dcs/subos/screen/pi04/spin011/PGSPIN01101LnkHoldCntLotResultLsttoto.form?popupDispDiv=disp&holdCntId=1535
1536,insufficient_fixtures,2025-04-30,0,
1537,uploaded,2025-05-06,13,https://store.toto-dream.com/dcs/subos/screen/pi04/spin011/PGSPIN01101LnkHoldCntLotResultLsttoto.form?popupDispDiv=disp&holdCntId=1537
1538,insufficient_fixtures,2025-05-07,0,
1539,uploaded,2025-05-10,13,https://store.toto-dream.com/dcs/subos/screen/pi04/spin011/PGSPIN01101LnkHoldCntLotResultLsttoto.form?popupDispDiv=disp&holdCntId=1539
1540,uploaded,2025-05-14,5,https://store.toto-dream.com/dcs/subos/screen/pi04/spin011/PGSPIN01101LnkHoldCntLotResultLsttoto.form?popupDispDiv=disp&holdCntId=1540
1541,uploaded,2025-05-17,13,https://store.toto-dream.com/dcs/subos/screen/pi04/spin011/PGSPIN01101LnkHoldCntLotResultLsttoto.form?popupDispDiv=disp&holdCntId=1541
1542,uploaded,2025-05-24,13,https://store.toto-dream.com/dcs/subos/screen/pi04/spin011/PGSPIN01101LnkHoldCntLotResultLsttoto.form?popupDispDiv=disp&holdCntId=1542
1543,insufficient_fixtures,2025-05-31,0,
1544,uploaded,2025-05-31,13,https://store.toto-dream.com/dcs/subos/screen/pi04/spin011/PGSPIN01101LnkHoldCntLotResultLsttoto.form?popupDispDiv=disp&holdCntId=1544
1545,uploaded,2025-06-01,5,https://store.toto-dream.com/dcs/subos/screen/pi04/spin011/PGSPIN01101LnkHoldCntLotResultLsttoto.form?popupDispDiv=disp&holdCntId=1545
1546,uploaded,2025-06-05,13,https://store.toto-dream.com/dcs/subos/screen/pi04/spin011/PGSPIN01101LnkHoldCntLotResultLsttoto.form?popupDispDiv=disp&holdCntId=1546
1547,uploaded,2025-06-09,13,https://store.toto-dream.com/dcs/subos/screen/pi04/spin011/PGSPIN01101LnkHoldCntLotResultLsttoto.form?popupDispDiv=disp&holdCntId=1547
1548,uploaded,2025-06-14,13,https://store.toto-dream.com/dcs/subos/screen/pi04/spin011/PGSPIN01101LnkHoldCntLotResultLsttoto.form?popupDispDiv=disp&holdCntId=1548
1549,insufficient_fixtures,2025-06-18,0,
1550,uploaded,2025-06-21,13,https://store.toto-dream.com/dcs/subos/screen/pi04/spin011/PGSPIN01101LnkHoldCntLotResultLsttoto.form?popupDispDiv=disp&holdCntId=1550
1551,uploaded,2025-06-28,13,https://store.toto-dream.com/dcs/subos/screen/pi04/spin011/PGSPIN01101LnkHoldCntLotResultLsttoto.form?popupDispDiv=disp&holdCntId=1551
1552,uploaded,2025-07-05,13,https://store.toto-dream.com/dcs/subos/screen/pi04/spin011/PGSPIN01101LnkHoldCntLotResultLsttoto.form?popupDispDiv=disp&holdCntId=1552
1553,uploaded,2025-07-09,13,https://store.toto-dream.com/dcs/subos/screen/pi04/spin011/PGSPIN01101LnkHoldCntLotResultLsttoto.form?popupDispDiv=disp&holdCntId=1553
1554,uploaded,2025-07-12,13,https://store.toto-dream.com/dcs/subos/screen/pi04/spin011/PGSPIN01101LnkHoldCntLotResultLsttoto.form?popupDispDiv=disp&holdCntId=1554
1555,insufficient_fixtures,2025-07-14,0,
1556,uploaded,2025-07-19,13,https://store.toto-dream.com/dcs/subos/screen/pi04/spin011/PGSPIN01101LnkHoldCntLotResultLsttoto.form?popupDispDiv=disp&holdCntId=1556
1557,uploaded,2025-07-30,5,https://store.toto-dream.com/dcs/subos/screen/pi04/spin011/PGSPIN01101LnkHoldCntLotResultLsttoto.form?popupDispDiv=disp&holdCntId=1557
1558,uploaded,2025-07-26,13,https://store.toto-dream.com/dcs/subos/screen/pi04/spin011/PGSPIN01101LnkHoldCntLotResultLsttoto.form?popupDispDiv=disp&holdCntId=1558
1559,insufficient_fixtures,2025-08-04,0,
1560,uploaded,2025-08-09,13,https://store.toto-dream.com/dcs/subos/screen/pi04/spin011/PGSPIN01101LnkHoldCntLotResultLsttoto.form?popupDispDiv=disp&holdCntId=1560
1561,insufficient_fixtures,2025-08-13,0,
1562,uploaded,2025-08-16,13,https://store.toto-dream.com/dcs/subos/screen/pi04/spin011/PGSPIN01101LnkHoldCntLotResultLsttoto.form?popupDispDiv=disp&holdCntId=1562
1563,insufficient_fixtures,2025-08-20,0,
1564,uploaded,2025-08-23,13,https://store.toto-dream.com/dcs/subos/screen/pi04/spin011/PGSPIN01101LnkHoldCntLotResultLsttoto.form?popupDispDiv=disp&holdCntId=1564
1565,insufficient_fixtures,2025-08-27,0,
1566,uploaded,2025-08-30,13,https://store.toto-dream.com/dcs/subos/screen/pi04/spin011/PGSPIN01101LnkHoldCntLotResultLsttoto.form?popupDispDiv=disp&holdCntId=1566
1567,uploaded,2025-09-05,13,https://store.toto-dream.com/dcs/subos/screen/pi04/spin011/PGSPIN01101LnkHoldCntLotResultLsttoto.form?popupDispDiv=disp&holdCntId=1567
1568,uploaded,2025-09-08,13,https://store.toto-dream.com/dcs/subos/screen/pi04/spin011/PGSPIN01101LnkHoldCntLotResultLsttoto.form?popupDispDiv=disp&holdCntId=1568
1569,no_full_date,,0,https://store.toto-dream.com/dcs/subos/screen/pi04/spin011/PGSPIN01101LnkHoldCntLotResultLsttoto.form?popupDispDiv=disp&holdCntId=1569
1570,uploaded,2025-09-13,13,https://store.toto-dream.com/dcs/subos/screen/pi04/spin011/PGSPIN01101LnkHoldCntLotResultLsttoto.form?popupDispDiv=disp&holdCntId=1570
1571,uploaded,2025-09-16,5,https://store.toto-dream.com/dcs/subos/screen/pi04/spin011/PGSPIN01101LnkHoldCntLotResultLsttoto.form?popupDispDiv=disp&holdCntId=1571
1572,uploaded,2025-09-20,13,https://store.toto-dream.com/dcs/subos/screen/pi04/spin011/PGSPIN01101LnkHoldCntLotResultLsttoto.form?popupDispDiv=disp&holdCntId=1572
1573,no_full_date,,0,https://store.toto-dream.com/dcs/subos/screen/pi04/spin011/PGSPIN01101LnkHoldCntLotResultLsttoto.form?popupDispDiv=disp&holdCntId=1573
1574,uploaded,2025-09-27,13,https://store.toto-dream.com/dcs/subos/screen/pi04/spin011/PGSPIN01101LnkHoldCntLotResultLsttoto.form?popupDispDiv=disp&holdCntId=1574
1575,insufficient_fixtures,2025-10-01,0,
1576,uploaded,2025-10-04,13,https://store.toto-dream.com/dcs/subos/screen/pi04/spin011/PGSPIN01101LnkHoldCntLotResultLsttoto.form?popupDispDiv=disp&holdCntId=1576
1577,uploaded,2025-10-05,5,https://store.toto-dream.com/dcs/subos/screen/pi04/spin011/PGSPIN01101LnkHoldCntLotResultLsttoto.form?popupDispDiv=disp&holdCntId=1577
1578,uploaded,2025-10-09,13,https://store.toto-dream.com/dcs/subos/screen/pi04/spin011/PGSPIN01101LnkHoldCntLotResultLsttoto.form?popupDispDiv=disp&holdCntId=1578
1579,insufficient_fixtures,2025-10-10,0,
1580,uploaded,2025-10-12,13,https://store.toto-dream.com/dcs/subos/screen/pi04/spin011/PGSPIN01101LnkHoldCntLotResultLsttoto.form?popupDispDiv=disp&holdCntId=1580
1581,no_full_date,,0,https://store.toto-dream.com/dcs/subos/screen/pi04/spin011/PGSPIN01101LnkHoldCntLotResultLsttoto.form?popupDispDiv=disp&holdCntId=1581
1582,uploaded,2025-10-18,13,https://store.toto-dream.com/dcs/subos/screen/pi04/spin011/PGSPIN01101LnkHoldCntLotResultLsttoto.form?popupDispDiv=disp&holdCntId=1582
1583,uploaded,2025-10-25,13,https://store.toto-dream.com/dcs/subos/screen/pi04/spin011/PGSPIN01101LnkHoldCntLotResultLsttoto.form?popupDispDiv=disp&holdCntId=1583
1584,no_full_date,,0,https://store.toto-dream.com/dcs/subos/screen/pi04/spin011/PGSPIN01101LnkHoldCntLotResultLsttoto.form?popupDispDiv=disp&holdCntId=1584
1585,uploaded,2025-11-01,13,https://store.toto-dream.com/dcs/subos/screen/pi04/spin011/PGSPIN01101LnkHoldCntLotResultLsttoto.form?popupDispDiv=disp&holdCntId=1585
1586,uploaded,2025-11-08,13,https://store.toto-dream.com/dcs/subos/screen/pi04/spin011/PGSPIN01101LnkHoldCntLotResultLsttoto.form?popupDispDiv=disp&holdCntId=1586
1587,uploaded,2025-11-08,5,https://store.toto-dream.com/dcs/subos/screen/pi04/spin011/PGSPIN01101LnkHoldCntLotResultLsttoto.form?popupDispDiv=disp&holdCntId=1587
1588,uploaded,2025-11-13,13,https://store.toto-dream.com/dcs/subos/screen/pi04/spin011/PGSPIN01101LnkHoldCntLotResultLsttoto.form?popupDispDiv=disp&holdCntId=1588
1589,uploaded,2025-11-17,13,https://store.toto-dream.com/dcs/subos/screen/pi04/spin011/PGSPIN01101LnkHoldCntLotResultLsttoto.form?popupDispDiv=disp&holdCntId=1589
1590,no_full_date,,0,https://store.toto-dream.com/dcs/subos/screen/pi04/spin011/PGSPIN01101LnkHoldCntLotResultLsttoto.form?popupDispDiv=disp&holdCntId=1590
1591,uploaded,2025-11-22,13,https://store.toto-dream.com/dcs/subos/screen/pi04/spin011/PGSPIN01101LnkHoldCntLotResultLsttoto.form?popupDispDiv=disp&holdCntId=1591
1592,uploaded,2025-11-29,5,https://store.toto-dream.com/dcs/subos/screen/pi04/spin011/PGSPIN01101LnkHoldCntLotResultLsttoto.form?popupDispDiv=disp&holdCntId=1592
1593,uploaded,2025-11-29,13,https://store.toto-dream.com/dcs/subos/screen/pi04/spin011/PGSPIN01101LnkHoldCntLotResultLsttoto.form?popupDispDiv=disp&holdCntId=1593
1594,no_full_date,,0,https://store.toto-dream.com/dcs/subos/screen/pi04/spin011/PGSPIN01101LnkHoldCntLotResultLsttoto.form?popupDispDiv=disp&holdCntId=1594
1595,uploaded,2025-12-06,13,https://store.toto-dream.com/dcs/subos/screen/pi04/spin011/PGSPIN01101LnkHoldCntLotResultLsttoto.form?popupDispDiv=disp&holdCntId=1595
1596,uploaded,2025-12-13,13,https://store.toto-dream.com/dcs/subos/screen/pi04/spin011/PGSPIN01101LnkHoldCntLotResultLsttoto.form?popupDispDiv=disp&holdCntId=1596
1597,uploaded,2025-12-20,5,https://store.toto-dream.com/dcs/subos/screen/pi04/spin011/PGSPIN01101LnkHoldCntLotResultLsttoto.form?popupDispDiv=disp&holdCntId=1597
1598,uploaded,2025-12-26,5,https://store.toto-dream.com/dcs/subos/screen/pi04/spin011/PGSPIN01101LnkHoldCntLotResultLsttoto.form?popupDispDiv=disp&holdCntId=1598
1599,insufficient_fixtures,2025-12-29,0,
1600,outside_target_year,2026-01-01,5,
1601,uploaded,2025-12-30,5,https://store.toto-dream.com/dcs/subos/screen/pi04/spin011/PGSPIN01101LnkHoldCntLotResultLsttoto.form?popupDispDiv=disp&holdCntId=1601
1602,outside_target_year,2026-01-04,5,
1603,outside_target_year,2026-01-09,13,
1604,outside_target_year,2026-01-17,13,
1605,outside_target_year,2026-01-24,13,
1606,outside_target_year,2026-01-28,13,
1607,outside_target_year,2026-01-30,0,
1608,outside_target_year,2026-01-31,13,
1609,outside_target_year,2026-02-07,13,
1610,outside_target_year,2026-02-14,13,
1611,outside_target_year,2026-02-21,5,
1612,outside_target_year,2026-02-20,0,
1613,outside_target_year,2026-02-24,13,
1614,outside_target_year,2026-02-28,13,
1615,outside_target_year,2026-03-07,5,
1616,outside_target_year,2026-03-10,13,
1617,outside_target_year,2026-03-11,5,
